"title","start_time","end_time","description","exercise_title","superset_id","exercise_notes","set_index","set_type","weight_lbs","reps","distance_miles","duration_seconds","rpe"
"Upper","Apr 11, 2026, 3:27 PM","Apr 11, 2026, 4:23 PM","","Butterfly (Pec Deck)",,"",0,"failure",100,8,,,
"Upper","Apr 11, 2026, 3:27 PM","Apr 11, 2026, 4:23 PM","","Butterfly (Pec Deck)",,"",1,"failure",120,2,,,
"Upper","Apr 11, 2026, 3:27 PM","Apr 11, 2026, 4:23 PM","","Butterfly (Pec Deck)",,"",2,"failure",100,1,,,
"Upper","Apr 11, 2026, 3:27 PM","Apr 11, 2026, 4:23 PM","","Rear Delt Reverse Fly (Machine)",,"",0,"failure",80,8,,,
"Upper","Apr 11, 2026, 3:27 PM","Apr 11, 2026, 4:23 PM","","Rear Delt Reverse Fly (Machine)",,"",1,"failure",80,7,,,
"Upper","Apr 11, 2026, 3:27 PM","Apr 11, 2026, 4:23 PM","","Triceps Pushdown",,"",0,"failure",40,8,,,
"Upper","Apr 11, 2026, 3:27 PM","Apr 11, 2026, 4:23 PM","","Triceps Pushdown",,"",1,"failure",45,5,,,
"Upper","Apr 11, 2026, 3:27 PM","Apr 11, 2026, 4:23 PM","","Seated Overhead Press (Barbell)",,"",0,"failure",95,3,,,
"Upper","Apr 11, 2026, 3:27 PM","Apr 11, 2026, 4:23 PM","","Seated Overhead Press (Barbell)",,"",1,"failure",65,8,,,
"Upper","Apr 11, 2026, 3:27 PM","Apr 11, 2026, 4:23 PM","","Seated Overhead Press (Barbell)",,"",2,"failure",75,5,,,
"Upper","Apr 11, 2026, 3:27 PM","Apr 11, 2026, 4:23 PM","","Meow Meow",,"",0,"failure",30,8,,,
"Upper","Apr 11, 2026, 3:27 PM","Apr 11, 2026, 4:23 PM","","Meow Meow",,"",1,"failure",45,12,,,
"Upper","Apr 11, 2026, 3:27 PM","Apr 11, 2026, 4:23 PM","","Bicep Curl (Cable)",,"",0,"failure",40,9,,,
"Upper","Apr 11, 2026, 3:27 PM","Apr 11, 2026, 4:23 PM","","Bicep Curl (Cable)",,"",1,"failure",40,8,,,
"Upper","Apr 11, 2026, 3:27 PM","Apr 11, 2026, 4:23 PM","","Lat Pulldown (Cable)",,"",0,"warmup",115,8,,,
"Upper","Apr 11, 2026, 3:27 PM","Apr 11, 2026, 4:23 PM","","Lat Pulldown (Cable)",,"",1,"failure",130,7,,,
"Legs/ lower","Apr 10, 2026, 8:22 PM","Apr 10, 2026, 9:22 PM","","Leg Extension (Machine)",,"",0,"normal",140,8,,,
"Legs/ lower","Apr 10, 2026, 8:22 PM","Apr 10, 2026, 9:22 PM","","Leg Extension (Machine)",,"",1,"normal",125,8,,,
"Legs/ lower","Apr 10, 2026, 8:22 PM","Apr 10, 2026, 9:22 PM","","Standing Calf Raise (Machine)",,"",0,"normal",270,6,,,
"Legs/ lower","Apr 10, 2026, 8:22 PM","Apr 10, 2026, 9:22 PM","","Standing Calf Raise (Machine)",,"",1,"failure",180,6,,,
"Legs/ lower","Apr 10, 2026, 8:22 PM","Apr 10, 2026, 9:22 PM","","Back Extension (Weighted Hyperextension)",,"",0,"failure",50,10,,,
"Legs/ lower","Apr 10, 2026, 8:22 PM","Apr 10, 2026, 9:22 PM","","Back Extension (Weighted Hyperextension)",,"",1,"failure",60,11,,,
"Legs/ lower","Apr 10, 2026, 8:22 PM","Apr 10, 2026, 9:22 PM","","Hack Squat (Machine)",,"",0,"warmup",125,6,,,
"Legs/ lower","Apr 10, 2026, 8:22 PM","Apr 10, 2026, 9:22 PM","","Hack Squat (Machine)",,"",1,"failure",105,10,,,
"PPL - (Pull)","Apr 9, 2026, 2:53 PM","Apr 9, 2026, 3:29 PM","","Lat Pulldown (Machine)",,"",0,"failure",110,7,,,
"PPL - (Pull)","Apr 9, 2026, 2:53 PM","Apr 9, 2026, 3:29 PM","","Lat Pulldown (Machine)",,"",1,"failure",110,8,,,
"PPL - (Pull)","Apr 9, 2026, 2:53 PM","Apr 9, 2026, 3:29 PM","","Seated Row (Machine)",,"",0,"failure",100,8,,,
"PPL - (Pull)","Apr 9, 2026, 2:53 PM","Apr 9, 2026, 3:29 PM","","Seated Row (Machine)",,"",1,"failure",100,9,,,
"PPL - (Pull)","Apr 9, 2026, 2:53 PM","Apr 9, 2026, 3:29 PM","","Preacher Curl (Barbell)",,"",0,"warmup",40,8,,,
"PPL - (Pull)","Apr 9, 2026, 2:53 PM","Apr 9, 2026, 3:29 PM","","Preacher Curl (Barbell)",,"",1,"failure",50,6,,,
"PPL - (Pull)","Apr 9, 2026, 2:53 PM","Apr 9, 2026, 3:29 PM","","Preacher Curl (Barbell)",,"",2,"failure",50,4,,,
"PPL - (Pull)","Apr 9, 2026, 2:53 PM","Apr 9, 2026, 3:29 PM","","Rear Delt Reverse Fly (Machine)",,"",0,"failure",80,7,,,
"PPL - (Pull)","Apr 9, 2026, 2:53 PM","Apr 9, 2026, 3:29 PM","","Rear Delt Reverse Fly (Machine)",,"",1,"failure",70,7,,,
"Legs/ lower","Apr 3, 2026, 7:57 PM","Apr 3, 2026, 8:54 PM","","Leg Extension (Machine)",,"",0,"failure",170,7,,,
"Legs/ lower","Apr 3, 2026, 7:57 PM","Apr 3, 2026, 8:54 PM","","Leg Extension (Machine)",,"",1,"failure",180,8,,,
"Legs/ lower","Apr 3, 2026, 7:57 PM","Apr 3, 2026, 8:54 PM","","Seated Leg Curl (Machine)",,"",0,"warmup",70,12,,,
"Legs/ lower","Apr 3, 2026, 7:57 PM","Apr 3, 2026, 8:54 PM","","Seated Leg Curl (Machine)",,"",1,"failure",80,8,,,
"Legs/ lower","Apr 3, 2026, 7:57 PM","Apr 3, 2026, 8:54 PM","","Hip Adduction (Machine)",,"",0,"failure",80,10,,,
"Legs/ lower","Apr 3, 2026, 7:57 PM","Apr 3, 2026, 8:54 PM","","Hip Adduction (Machine)",,"",1,"failure",100,8,,,
"Legs/ lower","Apr 3, 2026, 7:57 PM","Apr 3, 2026, 8:54 PM","","Hip Abduction (Machine)",,"",0,"failure",100,8,,,
"Legs/ lower","Apr 3, 2026, 7:57 PM","Apr 3, 2026, 8:54 PM","","Hip Abduction (Machine)",,"",1,"failure",110,12,,,
"Legs/ lower","Mar 31, 2026, 2:16 PM","Mar 31, 2026, 2:41 PM","","Leg Extension (Machine)",,"",0,"failure",170,7,,,
"Legs/ lower","Mar 31, 2026, 2:16 PM","Mar 31, 2026, 2:41 PM","","Leg Extension (Machine)",,"",1,"failure",170,8,,,
"Legs/ lower","Mar 31, 2026, 2:16 PM","Mar 31, 2026, 2:41 PM","","Seated Leg Curl (Machine)",,"",0,"failure",120,8,,,
"Legs/ lower","Mar 31, 2026, 2:16 PM","Mar 31, 2026, 2:41 PM","","Seated Leg Curl (Machine)",,"",1,"failure",130,6,,,
"Legs/ lower","Mar 31, 2026, 2:16 PM","Mar 31, 2026, 2:41 PM","","Seated Leg Curl (Machine)",,"",2,"failure",100,7,,,
"Legs/ lower","Mar 31, 2026, 2:16 PM","Mar 31, 2026, 2:41 PM","","Standing Calf Raise (Machine)",,"",0,"warmup",100,7,,,
"Legs/ lower","Mar 31, 2026, 2:16 PM","Mar 31, 2026, 2:41 PM","","Standing Calf Raise (Machine)",,"",1,"normal",100,7,,,
"Legs/ lower","Mar 31, 2026, 2:16 PM","Mar 31, 2026, 2:41 PM","","Hip Adduction (Machine)",,"",0,"failure",120,8,,,
"Legs/ lower","Mar 31, 2026, 2:16 PM","Mar 31, 2026, 2:41 PM","","Hip Adduction (Machine)",,"",1,"failure",110,8,,,
"Legs/ lower","Mar 31, 2026, 2:16 PM","Mar 31, 2026, 2:41 PM","","Hip Abduction (Machine)",,"",0,"failure",140,7,,,
"Legs/ lower","Mar 31, 2026, 2:16 PM","Mar 31, 2026, 2:41 PM","","Hip Abduction (Machine)",,"",1,"failure",110,8,,,
"PPL - (Pull)","Mar 28, 2026, 5:21 PM","Mar 28, 2026, 6:16 PM","","Lat Pulldown (Cable)",,"",0,"warmup",121,8,,,
"PPL - (Pull)","Mar 28, 2026, 5:21 PM","Mar 28, 2026, 6:16 PM","","Lat Pulldown (Cable)",,"",1,"failure",143,7,,,
"PPL - (Pull)","Mar 28, 2026, 5:21 PM","Mar 28, 2026, 6:16 PM","","T Bar Row",,"",0,"failure",45,8,,,
"PPL - (Pull)","Mar 28, 2026, 5:21 PM","Mar 28, 2026, 6:16 PM","","T Bar Row",,"",1,"failure",70,7,,,
"PPL - (Pull)","Mar 28, 2026, 5:21 PM","Mar 28, 2026, 6:16 PM","","Bicep Curl (Cable)",,"",0,"failure",44,7,,,
"PPL - (Pull)","Mar 28, 2026, 5:21 PM","Mar 28, 2026, 6:16 PM","","Bicep Curl (Cable)",,"",1,"failure",44,6,,,
"PPL - (Pull)","Mar 28, 2026, 5:21 PM","Mar 28, 2026, 6:16 PM","","Back Extension (Weighted Hyperextension)",,"",0,"failure",35,6,,,
"PPL - (Pull)","Mar 28, 2026, 5:21 PM","Mar 28, 2026, 6:16 PM","","Back Extension (Weighted Hyperextension)",,"",1,"failure",35,9,,,
"PPL - (Pull)","Mar 28, 2026, 5:21 PM","Mar 28, 2026, 6:16 PM","","Rear Delt Reverse Fly (Machine)",,"",0,"failure",70,6,,,
"PPL - (Pull)","Mar 28, 2026, 5:21 PM","Mar 28, 2026, 6:16 PM","","Rear Delt Reverse Fly (Machine)",,"",1,"failure",60,8,,,
"PPL (Push)","Mar 27, 2026, 10:33 AM","Mar 27, 2026, 11:23 AM","","Butterfly (Pec Deck)",,"",0,"warmup",110,8,,,
"PPL (Push)","Mar 27, 2026, 10:33 AM","Mar 27, 2026, 11:23 AM","","Butterfly (Pec Deck)",,"",1,"failure",120,5,,,
"PPL (Push)","Mar 27, 2026, 10:33 AM","Mar 27, 2026, 11:23 AM","","Butterfly (Pec Deck)",,"",2,"failure",100,7,,,
"PPL (Push)","Mar 27, 2026, 10:33 AM","Mar 27, 2026, 11:23 AM","","Triceps Pushdown",,"",0,"warmup",47,8,,,
"PPL (Push)","Mar 27, 2026, 10:33 AM","Mar 27, 2026, 11:23 AM","","Triceps Pushdown",,"",1,"failure",57,9,,,
"PPL (Push)","Mar 27, 2026, 10:33 AM","Mar 27, 2026, 11:23 AM","","Triceps Pushdown",,"",2,"failure",60,5,,,
"PPL (Push)","Mar 27, 2026, 10:33 AM","Mar 27, 2026, 11:23 AM","","Seated Shoulder Press (Machine)",,"",0,"failure",75,7,,,
"PPL (Push)","Mar 27, 2026, 10:33 AM","Mar 27, 2026, 11:23 AM","","Seated Shoulder Press (Machine)",,"",1,"failure",80,7,,,
"PPL (Push)","Mar 27, 2026, 10:33 AM","Mar 27, 2026, 11:23 AM","","Deltoid Raise",,"",0,"failure",70,6,,,
"PPL (Push)","Mar 27, 2026, 10:33 AM","Mar 27, 2026, 11:23 AM","","Deltoid Raise",,"",1,"failure",60,9,,,
"PPL (Push)","Mar 27, 2026, 10:33 AM","Mar 27, 2026, 11:23 AM","","Deltoid Raise",,"",2,"failure",65,5,,,
"PPL (Push)","Mar 27, 2026, 10:33 AM","Mar 27, 2026, 11:23 AM","","Lateral Raise (Cable)",,"",0,"failure",10,9,,,
"PPL (Push)","Mar 27, 2026, 10:33 AM","Mar 27, 2026, 11:23 AM","","Lateral Raise (Cable)",,"",1,"failure",13,5,,,
"Legs/ lower","Mar 20, 2026, 6:48 PM","Mar 20, 2026, 7:33 PM","","Leg Extension (Machine)",,"",0,"warmup",140,8,,,
"Legs/ lower","Mar 20, 2026, 6:48 PM","Mar 20, 2026, 7:33 PM","","Leg Extension (Machine)",,"",1,"failure",165,9,,,
"Legs/ lower","Mar 20, 2026, 6:48 PM","Mar 20, 2026, 7:33 PM","","Leg Extension (Machine)",,"",2,"failure",175,7,,,
"Legs/ lower","Mar 20, 2026, 6:48 PM","Mar 20, 2026, 7:33 PM","","Seated Leg Curl (Machine)",,"",0,"failure",80,9,,,
"Legs/ lower","Mar 20, 2026, 6:48 PM","Mar 20, 2026, 7:33 PM","","Seated Leg Curl (Machine)",,"",1,"failure",90,6,,,
"Legs/ lower","Mar 20, 2026, 6:48 PM","Mar 20, 2026, 7:33 PM","","Hip Adduction (Machine)",,"",0,"failure",95,9,,,
"Legs/ lower","Mar 20, 2026, 6:48 PM","Mar 20, 2026, 7:33 PM","","Hip Adduction (Machine)",,"",1,"failure",95,9,,,
"Legs/ lower","Mar 20, 2026, 6:48 PM","Mar 20, 2026, 7:33 PM","","Hip Abduction (Machine)",,"",0,"failure",140,4,,,
"Legs/ lower","Mar 20, 2026, 6:48 PM","Mar 20, 2026, 7:33 PM","","Hip Abduction (Machine)",,"",1,"failure",110,5,,,
"Legs/ lower","Mar 20, 2026, 6:48 PM","Mar 20, 2026, 7:33 PM","","Hip Abduction (Machine)",,"",2,"normal",110,6,,,
"Legs/ lower","Mar 20, 2026, 6:48 PM","Mar 20, 2026, 7:33 PM","","Standing Calf Raise (Machine)",,"",0,"failure",180,8,,,
"Legs/ lower","Mar 20, 2026, 6:48 PM","Mar 20, 2026, 7:33 PM","","Standing Calf Raise (Machine)",,"",1,"failure",270,4,,,
"Upper","Mar 19, 2026, 6:24 PM","Mar 19, 2026, 7:29 PM","","Seated Row (Machine)",,"",0,"warmup",110,10,,,
"Upper","Mar 19, 2026, 6:24 PM","Mar 19, 2026, 7:29 PM","","Seated Row (Machine)",,"",1,"failure",100,12,,,
"Upper","Mar 19, 2026, 6:24 PM","Mar 19, 2026, 7:29 PM","","Treadmill",,"",0,"normal",,,1.12,300,
"Upper","Mar 19, 2026, 6:24 PM","Mar 19, 2026, 7:29 PM","","Chest Press (Machine)",,"",0,"failure",110,8,,,
"Upper","Mar 19, 2026, 6:24 PM","Mar 19, 2026, 7:29 PM","","Butterfly (Pec Deck)",,"",0,"failure",110,7,,,
"Upper","Mar 19, 2026, 6:24 PM","Mar 19, 2026, 7:29 PM","","Butterfly (Pec Deck)",,"",1,"failure",100,6,,,
"Upper","Mar 19, 2026, 6:24 PM","Mar 19, 2026, 7:29 PM","","Seated Shoulder Press (Machine)",,"",0,"failure",80,9,,,
"Upper","Mar 19, 2026, 6:24 PM","Mar 19, 2026, 7:29 PM","","Seated Shoulder Press (Machine)",,"",1,"failure",80,7,,,
"Upper","Mar 19, 2026, 6:24 PM","Mar 19, 2026, 7:29 PM","","Seated Shoulder Press (Machine)",,"",2,"failure",70,8,,,
"Upper","Mar 19, 2026, 6:24 PM","Mar 19, 2026, 7:29 PM","","Bicep Curl (Cable)",,"",0,"failure",49.6,7,,,
"Upper","Mar 19, 2026, 6:24 PM","Mar 19, 2026, 7:29 PM","","Bicep Curl (Cable)",,"",1,"failure",44.09,8,,,
"Upper","Mar 19, 2026, 6:24 PM","Mar 19, 2026, 7:29 PM","","Bicep Curl (Cable)",,"",2,"failure",44.09,6,,,
"Upper","Mar 19, 2026, 6:24 PM","Mar 19, 2026, 7:29 PM","","Single Arm Triceps Pushdown (Cable)",,"",0,"warmup",12.5,7,,,
"Upper","Mar 19, 2026, 6:24 PM","Mar 19, 2026, 7:29 PM","","Triceps Pushdown",,"",0,"failure",44.09,10,,,
"Upper","Mar 19, 2026, 6:24 PM","Mar 19, 2026, 7:29 PM","","Triceps Pushdown",,"",1,"failure",49.6,7,,,
"PPL - (Pull)","Mar 17, 2026, 3:18 PM","Mar 17, 2026, 3:53 PM","","Lat Pulldown (Cable)",,"",0,"failure",110,12,,,
"PPL - (Pull)","Mar 17, 2026, 3:18 PM","Mar 17, 2026, 3:53 PM","","Lat Pulldown (Cable)",,"",1,"failure",130,7,,,
"PPL - (Pull)","Mar 17, 2026, 3:18 PM","Mar 17, 2026, 3:53 PM","","T Bar Row",,"",0,"warmup",70,7,,,
"PPL - (Pull)","Mar 17, 2026, 3:18 PM","Mar 17, 2026, 3:53 PM","","T Bar Row",,"",1,"failure",60,9,,,
"PPL - (Pull)","Mar 17, 2026, 3:18 PM","Mar 17, 2026, 3:53 PM","","T Bar Row",,"",2,"failure",60,7,,,
"PPL - (Pull)","Mar 17, 2026, 3:18 PM","Mar 17, 2026, 3:53 PM","","Preacher Curl (Barbell)",,"",0,"warmup",50,8,,,
"PPL - (Pull)","Mar 17, 2026, 3:18 PM","Mar 17, 2026, 3:53 PM","","Preacher Curl (Barbell)",,"",1,"failure",50,9,,,
"PPL - (Pull)","Mar 17, 2026, 3:18 PM","Mar 17, 2026, 3:53 PM","","Preacher Curl (Barbell)",,"",2,"failure",40,13,,,
"PPL - (Pull)","Mar 17, 2026, 3:18 PM","Mar 17, 2026, 3:53 PM","","Crunch (Machine)",,"",0,"warmup",80,15,,,
"PPL - (Pull)","Mar 17, 2026, 3:18 PM","Mar 17, 2026, 3:53 PM","","Crunch (Machine)",,"",1,"failure",80,12,,,
"PPL (Push)","Mar 16, 2026, 3:31 PM","Mar 16, 2026, 4:14 PM","","Butterfly (Pec Deck)",,"",0,"failure",90,13,,,
"PPL (Push)","Mar 16, 2026, 3:31 PM","Mar 16, 2026, 4:14 PM","","Butterfly (Pec Deck)",,"",1,"failure",95,8,,,
"PPL (Push)","Mar 16, 2026, 3:31 PM","Mar 16, 2026, 4:14 PM","","Single Arm Triceps Pushdown (Cable)",,"",0,"warmup",10.43,12,,,
"PPL (Push)","Mar 16, 2026, 3:31 PM","Mar 16, 2026, 4:14 PM","","Single Arm Triceps Pushdown (Cable)",,"",1,"failure",10.43,13,,,
"PPL (Push)","Mar 16, 2026, 3:31 PM","Mar 16, 2026, 4:14 PM","","Single Arm Triceps Pushdown (Cable)",,"",2,"failure",10.43,13,,,
"PPL (Push)","Mar 16, 2026, 3:31 PM","Mar 16, 2026, 4:14 PM","","Lateral Raise (Cable)",,"",0,"failure",7,12,,,
"PPL (Push)","Mar 16, 2026, 3:31 PM","Mar 16, 2026, 4:14 PM","","Lateral Raise (Cable)",,"",1,"failure",7,13,,,
"PPL (Push)","Mar 16, 2026, 3:31 PM","Mar 16, 2026, 4:14 PM","","Treadmill",,"",0,"normal",,,,660,
"PPL - (Pull)","Mar 7, 2026, 11:57 AM","Mar 7, 2026, 12:43 PM","","Bicep Curl (Cable)",,"",0,"failure",45,9,,,
"PPL - (Pull)","Mar 7, 2026, 11:57 AM","Mar 7, 2026, 12:43 PM","","Bicep Curl (Cable)",,"",1,"dropset",50,5,,,
"PPL - (Pull)","Mar 7, 2026, 11:57 AM","Mar 7, 2026, 12:43 PM","","Bicep Curl (Cable)",,"",2,"dropset",40,3,,,
"PPL - (Pull)","Mar 7, 2026, 11:57 AM","Mar 7, 2026, 12:43 PM","","Iso-Lateral High Row (Machine)",,"",0,"warmup",120,8,,,
"PPL - (Pull)","Mar 7, 2026, 11:57 AM","Mar 7, 2026, 12:43 PM","","Iso-Lateral High Row (Machine)",,"",1,"failure",120,6,,,
"PPL - (Pull)","Mar 7, 2026, 11:57 AM","Mar 7, 2026, 12:43 PM","","Iso-Lateral High Row (Machine)",,"",2,"failure",110,8,,,
"PPL - (Pull)","Mar 7, 2026, 11:57 AM","Mar 7, 2026, 12:43 PM","","Back Extension (Weighted Hyperextension)",,"",0,"failure",25,8,,,
"PPL - (Pull)","Mar 7, 2026, 11:57 AM","Mar 7, 2026, 12:43 PM","","Back Extension (Weighted Hyperextension)",,"",1,"failure",25,11,,,
"PPL - (Pull)","Mar 7, 2026, 11:57 AM","Mar 7, 2026, 12:43 PM","","Bicep Curl (Barbell)",,"",0,"failure",40,8,,,
"PPL - (Pull)","Mar 7, 2026, 11:57 AM","Mar 7, 2026, 12:43 PM","","Bicep Curl (Barbell)",,"",1,"failure",40,8,,,
"PPL - (Pull)","Mar 7, 2026, 11:57 AM","Mar 7, 2026, 12:43 PM","","Treadmill",,"",0,"normal",,,,600,
"Legs/ lower","Mar 1, 2026, 2:17 PM","Mar 1, 2026, 2:57 PM","","Leg Extension (Machine)",,"",0,"failure",140,9,,,
"Legs/ lower","Mar 1, 2026, 2:17 PM","Mar 1, 2026, 2:57 PM","","Leg Extension (Machine)",,"",1,"failure",170,6,,,
"Legs/ lower","Mar 1, 2026, 2:17 PM","Mar 1, 2026, 2:57 PM","","Seated Leg Curl (Machine)",,"",0,"failure",85,8,,,
"Legs/ lower","Mar 1, 2026, 2:17 PM","Mar 1, 2026, 2:57 PM","","Seated Leg Curl (Machine)",,"",1,"failure",80,8,,,
"Legs/ lower","Mar 1, 2026, 2:17 PM","Mar 1, 2026, 2:57 PM","","Standing Calf Raise (Machine)",,"",0,"failure",180,8,,,
"Legs/ lower","Mar 1, 2026, 2:17 PM","Mar 1, 2026, 2:57 PM","","Standing Calf Raise (Machine)",,"",1,"failure",270,4,,,
"Legs/ lower","Mar 1, 2026, 2:17 PM","Mar 1, 2026, 2:57 PM","","Hip Adduction (Machine)",,"",0,"failure",80,12,,,
"Legs/ lower","Mar 1, 2026, 2:17 PM","Mar 1, 2026, 2:57 PM","","Hip Adduction (Machine)",,"",1,"failure",65,21,,,
"Legs/ lower","Mar 1, 2026, 2:17 PM","Mar 1, 2026, 2:57 PM","","Hip Abduction (Machine)",,"",0,"failure",95,9,,,
"Legs/ lower","Mar 1, 2026, 2:17 PM","Mar 1, 2026, 2:57 PM","","Hip Abduction (Machine)",,"",1,"failure",110,7,,,
"PPL (Push)","Feb 28, 2026, 3:51 PM","Feb 28, 2026, 4:23 PM","","Butterfly (Pec Deck)",,"",0,"failure",100,7,,,
"PPL (Push)","Feb 28, 2026, 3:51 PM","Feb 28, 2026, 4:23 PM","","Butterfly (Pec Deck)",,"",1,"failure",90,6,,,
"PPL (Push)","Feb 28, 2026, 3:51 PM","Feb 28, 2026, 4:23 PM","","Triceps Pushdown",,"",0,"warmup",40,12,,,
"PPL (Push)","Feb 28, 2026, 3:51 PM","Feb 28, 2026, 4:23 PM","","Triceps Pushdown",,"",1,"failure",55,10,,,
"PPL (Push)","Feb 28, 2026, 3:51 PM","Feb 28, 2026, 4:23 PM","","Triceps Pushdown",,"",2,"failure",40,11,,,
"PPL (Push)","Feb 28, 2026, 3:51 PM","Feb 28, 2026, 4:23 PM","","Seated Shoulder Press (Machine)",,"",0,"failure",70,5,,,
"PPL (Push)","Feb 28, 2026, 3:51 PM","Feb 28, 2026, 4:23 PM","","Seated Shoulder Press (Machine)",,"",1,"failure",60,8,,,
"PPL (Push)","Feb 28, 2026, 3:51 PM","Feb 28, 2026, 4:23 PM","","Rear Delt Reverse Fly (Machine)",,"",0,"failure",70,8,,,
"PPL (Push)","Feb 28, 2026, 3:51 PM","Feb 28, 2026, 4:23 PM","","Rear Delt Reverse Fly (Machine)",,"",1,"failure",80,5,,,
"PPL - (Pull)","Feb 27, 2026, 6:51 PM","Feb 27, 2026, 7:22 PM","","Lat Pulldown (Machine)",,"",0,"failure",130,6,,,
"PPL - (Pull)","Feb 27, 2026, 6:51 PM","Feb 27, 2026, 7:22 PM","","Lat Pulldown (Machine)",,"",1,"failure",137.5,8,,,
"PPL - (Pull)","Feb 27, 2026, 6:51 PM","Feb 27, 2026, 7:22 PM","","Seated Row (Machine)",,"",0,"failure",120,8,,,
"PPL - (Pull)","Feb 27, 2026, 6:51 PM","Feb 27, 2026, 7:22 PM","","Seated Row (Machine)",,"",1,"failure",120,8,,,
"PPL - (Pull)","Feb 27, 2026, 6:51 PM","Feb 27, 2026, 7:22 PM","","Bicep Curl (Cable)",,"",0,"failure",35,7,,,
"PPL - (Pull)","Feb 27, 2026, 6:51 PM","Feb 27, 2026, 7:22 PM","","Bicep Curl (Cable)",,"",1,"failure",35,8,,,
"PPL - (Pull)","Feb 27, 2026, 6:51 PM","Feb 27, 2026, 7:22 PM","","Preacher Curl (Barbell)",,"",0,"failure",40,8,,,
"PPL - (Pull)","Feb 27, 2026, 6:51 PM","Feb 27, 2026, 7:22 PM","","Preacher Curl (Barbell)",,"",1,"normal",40,5,,,
"Legs/ lower","Feb 26, 2026, 2:52 PM","Feb 26, 2026, 3:19 PM","","Squat (Barbell)",,"",0,"warmup",94,6,,,
"Legs/ lower","Feb 26, 2026, 2:52 PM","Feb 26, 2026, 3:19 PM","","Squat (Barbell)",,"",1,"failure",114,7,,,
"Legs/ lower","Feb 26, 2026, 2:52 PM","Feb 26, 2026, 3:19 PM","","Leg Extension (Machine)",,"",0,"failure",110,9,,,
"Legs/ lower","Feb 26, 2026, 2:52 PM","Feb 26, 2026, 3:19 PM","","Leg Extension (Machine)",,"",1,"failure",120,7,,,
"Legs/ lower","Feb 26, 2026, 2:52 PM","Feb 26, 2026, 3:19 PM","","Standing Calf Raise (Machine)",,"",0,"failure",90,7,,,
"Legs/ lower","Feb 26, 2026, 2:52 PM","Feb 26, 2026, 3:19 PM","","Standing Calf Raise (Machine)",,"",1,"failure",90,7,,,
"Legs/ lower","Feb 26, 2026, 2:52 PM","Feb 26, 2026, 3:19 PM","","Standing Calf Raise (Machine)",,"",2,"failure",80,8,,,
"Legs/ lower","Feb 26, 2026, 2:52 PM","Feb 26, 2026, 3:19 PM","","Romanian Deadlift (Barbell)",,"",0,"warmup",114,5,,,
"Legs/ lower","Feb 26, 2026, 2:52 PM","Feb 26, 2026, 3:19 PM","","Romanian Deadlift (Barbell)",,"",1,"failure",134,7,,,
"Upper","Feb 22, 2026, 5:29 PM","Feb 22, 2026, 6:28 PM","","Seated Row (Machine)",,"",0,"normal",120,5,,,
"Upper","Feb 22, 2026, 5:29 PM","Feb 22, 2026, 6:28 PM","","Seated Row (Machine)",,"",1,"normal",110,5,,,
"Upper","Feb 22, 2026, 5:29 PM","Feb 22, 2026, 6:28 PM","","Lat Pulldown (Cable)",,"",0,"failure",121,9,,,
"Upper","Feb 22, 2026, 5:29 PM","Feb 22, 2026, 6:28 PM","","Lat Pulldown (Cable)",,"",1,"failure",131,0,,,
"Upper","Feb 22, 2026, 5:29 PM","Feb 22, 2026, 6:28 PM","","Triceps Pushdown",,"",0,"normal",50,5,,,
"Upper","Feb 22, 2026, 5:29 PM","Feb 22, 2026, 6:28 PM","","Seated Shoulder Press (Machine)",,"",0,"warmup",70,7,,,
"Legs/ lower","Feb 21, 2026, 8:14 PM","Feb 21, 2026, 8:52 PM","","Leg Extension (Machine)",,"",0,"failure",150,8,,,
"Legs/ lower","Feb 21, 2026, 8:14 PM","Feb 21, 2026, 8:52 PM","","Seated Leg Curl (Machine)",,"",0,"warmup",80,7,,,
"Legs/ lower","Feb 21, 2026, 8:14 PM","Feb 21, 2026, 8:52 PM","","Seated Leg Curl (Machine)",,"",1,"failure",70,8,,,
"Legs/ lower","Feb 21, 2026, 8:14 PM","Feb 21, 2026, 8:52 PM","","Standing Calf Raise (Machine)",,"",0,"warmup",90,8,,,
"Legs/ lower","Feb 21, 2026, 8:14 PM","Feb 21, 2026, 8:52 PM","","Standing Calf Raise (Machine)",,"",1,"normal",180,2,,,
"Legs/ lower","Feb 21, 2026, 8:14 PM","Feb 21, 2026, 8:52 PM","","Hip Adduction (Machine)",,"",0,"failure",65,13,,,
"Legs/ lower","Feb 21, 2026, 8:14 PM","Feb 21, 2026, 8:52 PM","","Hip Adduction (Machine)",,"",1,"failure",80,13,,,
"Legs/ lower","Feb 21, 2026, 8:14 PM","Feb 21, 2026, 8:52 PM","","Hip Abduction (Machine)",,"",0,"failure",125,6,,,
"PPL (Push)","Feb 18, 2026, 6:48 PM","Feb 18, 2026, 7:31 PM","","Butterfly (Pec Deck)",,"",0,"warmup",110,7,,,
"PPL (Push)","Feb 18, 2026, 6:48 PM","Feb 18, 2026, 7:31 PM","","Butterfly (Pec Deck)",,"",1,"failure",100,11,,,
"PPL (Push)","Feb 18, 2026, 6:48 PM","Feb 18, 2026, 7:31 PM","","Chest Press (Machine)",,"",0,"failure",100,6,,,
"PPL (Push)","Feb 18, 2026, 6:48 PM","Feb 18, 2026, 7:31 PM","","Chest Press (Machine)",,"",1,"failure",80,15,,,
"PPL (Push)","Feb 18, 2026, 6:48 PM","Feb 18, 2026, 7:31 PM","","Crunch (Machine)",,"",0,"failure",90,13,,,
"PPL (Push)","Feb 18, 2026, 6:48 PM","Feb 18, 2026, 7:31 PM","","Crunch (Machine)",,"",1,"failure",90,15,,,
"PPL (Push)","Feb 18, 2026, 6:48 PM","Feb 18, 2026, 7:31 PM","","Single Arm Triceps Pushdown (Cable)",,"",0,"warmup",11.34,12,,,
"PPL (Push)","Feb 18, 2026, 6:48 PM","Feb 18, 2026, 7:31 PM","","Single Arm Triceps Pushdown (Cable)",,"",1,"failure",9.98,4,,,
"PPL (Push)","Feb 18, 2026, 6:48 PM","Feb 18, 2026, 7:31 PM","","Single Arm Triceps Pushdown (Cable)",,"",2,"failure",9.07,4,,,
"PPL (Push)","Feb 18, 2026, 6:48 PM","Feb 18, 2026, 7:31 PM","","Lateral Raise (Cable)",,"",0,"failure",15,5,,,
"PPL (Push)","Feb 18, 2026, 6:48 PM","Feb 18, 2026, 7:31 PM","","Lateral Raise (Cable)",,"",1,"failure",10,10,,,
"PPL (Push)","Feb 18, 2026, 6:48 PM","Feb 18, 2026, 7:31 PM","","Lateral Raise (Cable)",,"",2,"failure",10,7,,,
"PPL (Push)","Feb 13, 2026, 10:16 AM","Feb 13, 2026, 11:31 AM","","Butterfly (Pec Deck)",,"",0,"warmup",80,8,,,
"PPL (Push)","Feb 13, 2026, 10:16 AM","Feb 13, 2026, 11:31 AM","","Seated Shoulder Press (Machine)",,"",0,"warmup",50,10,,,
"PPL (Push)","Feb 13, 2026, 10:16 AM","Feb 13, 2026, 11:31 AM","","Seated Shoulder Press (Machine)",,"",1,"failure",60,8,,,
"PPL (Push)","Feb 13, 2026, 10:16 AM","Feb 13, 2026, 11:31 AM","","Lateral Raise (Cable)",,"",0,"failure",10,8,,,
"PPL (Push)","Feb 13, 2026, 10:16 AM","Feb 13, 2026, 11:31 AM","","Lateral Raise (Cable)",,"",1,"failure",10,7,,,
"PPL (Push)","Feb 13, 2026, 10:16 AM","Feb 13, 2026, 11:31 AM","","Lateral Raise (Cable)",,"",2,"failure",3,0,,,
"PPL (Push)","Feb 11, 2026, 6:56 PM","Feb 11, 2026, 7:43 PM","","Butterfly (Pec Deck)",,"",0,"warmup",120,9,,,
"PPL (Push)","Feb 11, 2026, 6:56 PM","Feb 11, 2026, 7:43 PM","","Butterfly (Pec Deck)",,"",1,"failure",115,6,,,
"PPL (Push)","Feb 11, 2026, 6:56 PM","Feb 11, 2026, 7:43 PM","","Lateral Raise (Dumbbell)",,"",0,"failure",17.5,8,,,
"PPL (Push)","Feb 11, 2026, 6:56 PM","Feb 11, 2026, 7:43 PM","","Lateral Raise (Dumbbell)",,"",1,"dropset",12.5,3,,,
"PPL (Push)","Feb 11, 2026, 6:56 PM","Feb 11, 2026, 7:43 PM","","Lateral Raise (Dumbbell)",,"",2,"failure",12.5,9,,,
"PPL (Push)","Feb 11, 2026, 6:56 PM","Feb 11, 2026, 7:43 PM","","Triceps Pushdown",,"",0,"normal",44.09,19,,,
"PPL (Push)","Feb 11, 2026, 6:56 PM","Feb 11, 2026, 7:43 PM","","Triceps Pushdown",,"",1,"failure",55.12,8,,,
"PPL (Push)","Feb 11, 2026, 6:56 PM","Feb 11, 2026, 7:43 PM","","Seated Shoulder Press (Machine)",,"",0,"warmup",80,7,,,
"PPL (Push)","Feb 11, 2026, 6:56 PM","Feb 11, 2026, 7:43 PM","","Seated Shoulder Press (Machine)",,"",1,"failure",80,9,,,
"PPL (Push)","Feb 11, 2026, 6:56 PM","Feb 11, 2026, 7:43 PM","","Crunch (Machine)",,"",0,"failure",100,12,,,
"PPL (Push)","Feb 11, 2026, 6:56 PM","Feb 11, 2026, 7:43 PM","","Crunch (Machine)",,"",1,"failure",85,22,,,
"PPL (Push)","Feb 11, 2026, 6:56 PM","Feb 11, 2026, 7:43 PM","","Crunch (Machine)",,"",2,"failure",80,8,,,
"PPL (Push)","Feb 11, 2026, 6:56 PM","Feb 11, 2026, 7:43 PM","","Deltoid Raise",,"",0,"failure",60,9,,,
"PPL (Push)","Feb 11, 2026, 6:56 PM","Feb 11, 2026, 7:43 PM","","Deltoid Raise",,"",1,"failure",60,9,,,
"PPL (Push)","Feb 11, 2026, 6:56 PM","Feb 11, 2026, 7:43 PM","","Single Arm Triceps Pushdown (Cable)",,"",0,"failure",10,8,,,
"PPL (Push)","Feb 11, 2026, 6:56 PM","Feb 11, 2026, 7:43 PM","","Single Arm Triceps Pushdown (Cable)",,"",1,"failure",15,6,,,
"Legs/ lower","Feb 10, 2026, 8:13 PM","Feb 10, 2026, 8:56 PM","","Leg Extension (Machine)",,"",0,"failure",170,7,,,
"Legs/ lower","Feb 10, 2026, 8:13 PM","Feb 10, 2026, 8:56 PM","","Leg Extension (Machine)",,"",1,"failure",145,10,,,
"Legs/ lower","Feb 10, 2026, 8:13 PM","Feb 10, 2026, 8:56 PM","","Seated Calf Raise",,"",0,"failure",70,8,,,
"Legs/ lower","Feb 10, 2026, 8:13 PM","Feb 10, 2026, 8:56 PM","","Seated Calf Raise",,"",1,"failure",70,10,,,
"Legs/ lower","Feb 10, 2026, 8:13 PM","Feb 10, 2026, 8:56 PM","","Seated Calf Raise",,"",2,"normal",70,10,,,
"Legs/ lower","Feb 10, 2026, 8:13 PM","Feb 10, 2026, 8:56 PM","","Stair Machine (Floors)",,"",0,"normal",,,,600,
"Legs/ lower","Feb 10, 2026, 8:13 PM","Feb 10, 2026, 8:56 PM","","Lying Leg Curl (Machine)",,"",0,"warmup",90,8,,,
"Legs/ lower","Feb 10, 2026, 8:13 PM","Feb 10, 2026, 8:56 PM","","Lying Leg Curl (Machine)",,"",1,"failure",85,9,,,
"Legs/ lower","Feb 10, 2026, 8:13 PM","Feb 10, 2026, 8:56 PM","","Hip Adduction (Machine)",,"",0,"failure",90,8,,,
"Legs/ lower","Feb 10, 2026, 8:13 PM","Feb 10, 2026, 8:56 PM","","Hip Adduction (Machine)",,"",1,"failure",110,11,,,
"PPL - (Pull)","Feb 7, 2026, 3:47 PM","Feb 7, 2026, 4:52 PM","","Lat Pulldown (Cable)",,"",0,"failure",115,8,,,
"PPL - (Pull)","Feb 7, 2026, 3:47 PM","Feb 7, 2026, 4:52 PM","","Lat Pulldown (Cable)",,"",1,"failure",115,8,,,
"PPL - (Pull)","Feb 7, 2026, 3:47 PM","Feb 7, 2026, 4:52 PM","","Seated Row (Machine)",,"",0,"failure",120,8,,,
"PPL - (Pull)","Feb 7, 2026, 3:47 PM","Feb 7, 2026, 4:52 PM","","Seated Row (Machine)",,"",1,"failure",130,7,,,
"PPL - (Pull)","Feb 7, 2026, 3:47 PM","Feb 7, 2026, 4:52 PM","","Back Extension (Weighted Hyperextension)",,"",0,"failure",45,6,,,
"PPL - (Pull)","Feb 7, 2026, 3:47 PM","Feb 7, 2026, 4:52 PM","","Back Extension (Weighted Hyperextension)",,"",1,"failure",45,7,,,
"PPL - (Pull)","Feb 7, 2026, 3:47 PM","Feb 7, 2026, 4:52 PM","","Triceps Pushdown",,"",0,"failure",50,7,,,
"PPL - (Pull)","Feb 7, 2026, 3:47 PM","Feb 7, 2026, 4:52 PM","","Triceps Pushdown",,"",1,"failure",55,7,,,
"PPL - (Pull)","Feb 7, 2026, 3:47 PM","Feb 7, 2026, 4:52 PM","","Seated Shoulder Press (Machine)",,"",0,"failure",50,8,,,
"PPL - (Pull)","Feb 7, 2026, 3:47 PM","Feb 7, 2026, 4:52 PM","","Seated Shoulder Press (Machine)",,"",1,"failure",50,8,,,
"PPL - (Pull)","Feb 7, 2026, 3:47 PM","Feb 7, 2026, 4:52 PM","","Triceps Pushdown",,"",0,"failure",50,8,,,
"PPL - (Pull)","Feb 7, 2026, 3:47 PM","Feb 7, 2026, 4:52 PM","","Triceps Pushdown",,"",1,"failure",55,8,,,
"PPL (Push)","Feb 5, 2026, 6:25 PM","Feb 5, 2026, 7:19 PM","","Lateral Raise (Dumbbell)",,"",0,"warmup",17.5,7,,,
"PPL (Push)","Feb 5, 2026, 6:25 PM","Feb 5, 2026, 7:19 PM","","Lateral Raise (Dumbbell)",,"",1,"failure",18,8,,,
"PPL (Push)","Feb 5, 2026, 6:25 PM","Feb 5, 2026, 7:19 PM","","Triceps Pushdown",,"",0,"failure",55,10,,,
"PPL (Push)","Feb 5, 2026, 6:25 PM","Feb 5, 2026, 7:19 PM","","Triceps Pushdown",,"",1,"failure",50,7,,,
"PPL (Push)","Feb 5, 2026, 6:25 PM","Feb 5, 2026, 7:19 PM","","Shoulder Press (Dumbbell)",,"",0,"failure",30,6,,,
"PPL (Push)","Feb 5, 2026, 6:25 PM","Feb 5, 2026, 7:19 PM","","Chest Press (Machine)",,"",0,"warmup",110,8,,,
"PPL (Push)","Feb 5, 2026, 6:25 PM","Feb 5, 2026, 7:19 PM","","Chest Press (Machine)",,"",1,"normal",120,6,,,
"PPL (Push)","Feb 5, 2026, 6:25 PM","Feb 5, 2026, 7:19 PM","","Leg Raise Parallel Bars",,"",0,"warmup",,15,,,
"PPL (Push)","Feb 5, 2026, 6:25 PM","Feb 5, 2026, 7:19 PM","","Leg Raise Parallel Bars",,"",1,"normal",,15,,,
"PPL (Push)","Feb 5, 2026, 6:25 PM","Feb 5, 2026, 7:19 PM","","Stair Machine (Floors)",,"",0,"normal",,,,600,
"Legs/ lower","Feb 3, 2026, 3:32 PM","Feb 3, 2026, 4:04 PM","","Leg Extension (Machine)",,"",0,"failure",150,10,,,
"Legs/ lower","Feb 3, 2026, 3:32 PM","Feb 3, 2026, 4:04 PM","","Leg Extension (Machine)",,"",1,"failure",160,8,,,
"Legs/ lower","Feb 3, 2026, 3:32 PM","Feb 3, 2026, 4:04 PM","","Seated Leg Curl (Machine)",,"",0,"warmup",110,8,,,
"Legs/ lower","Feb 3, 2026, 3:32 PM","Feb 3, 2026, 4:04 PM","","Seated Leg Curl (Machine)",,"",1,"failure",130,8,,,
"Legs/ lower","Feb 3, 2026, 3:32 PM","Feb 3, 2026, 4:04 PM","","Seated Calf Raise",,"",0,"failure",90,7,,,
"Legs/ lower","Feb 3, 2026, 3:32 PM","Feb 3, 2026, 4:04 PM","","Seated Calf Raise",,"",1,"normal",45,12,,,
"PPL - (Pull)","Feb 1, 2026, 3:10 PM","Feb 1, 2026, 4:11 PM","","Lat Pulldown (Cable)",,"",0,"failure",145,8,,,
"PPL - (Pull)","Feb 1, 2026, 3:10 PM","Feb 1, 2026, 4:11 PM","","Lat Pulldown (Cable)",,"",1,"failure",130,6,,,
"PPL - (Pull)","Feb 1, 2026, 3:10 PM","Feb 1, 2026, 4:11 PM","","Seated Row (Machine)",,"",0,"warmup",120,8,,,
"PPL - (Pull)","Feb 1, 2026, 3:10 PM","Feb 1, 2026, 4:11 PM","","Seated Row (Machine)",,"",1,"normal",157,8,,,
"PPL - (Pull)","Feb 1, 2026, 3:10 PM","Feb 1, 2026, 4:11 PM","","Back Extension (Weighted Hyperextension)",,"",0,"normal",45,8,,,
"PPL - (Pull)","Feb 1, 2026, 3:10 PM","Feb 1, 2026, 4:11 PM","","Back Extension (Weighted Hyperextension)",,"",1,"normal",45,8,,,
"PPL - (Pull)","Feb 1, 2026, 3:10 PM","Feb 1, 2026, 4:11 PM","","Decline Crunch (Weighted)",,"",0,"normal",25,8,,,
"PPL - (Pull)","Feb 1, 2026, 3:10 PM","Feb 1, 2026, 4:11 PM","","Rear Delt Reverse Fly (Machine)",,"",0,"warmup",60,5,,,
"Legs/ lower","Jan 30, 2026, 6:04 PM","Jan 30, 2026, 7:03 PM","","Seated Leg Curl (Machine)",,"",0,"failure",60,10,,,
"Legs/ lower","Jan 30, 2026, 6:04 PM","Jan 30, 2026, 7:03 PM","","Seated Leg Curl (Machine)",,"",1,"failure",90,8,,,
"Legs/ lower","Jan 30, 2026, 6:04 PM","Jan 30, 2026, 7:03 PM","","Hip Abduction (Machine)",,"",0,"failure",90,10,,,
"Legs/ lower","Jan 30, 2026, 6:04 PM","Jan 30, 2026, 7:03 PM","","Hip Abduction (Machine)",,"",1,"failure",110,8,,,
"Legs/ lower","Jan 30, 2026, 6:04 PM","Jan 30, 2026, 7:03 PM","","Hip Adduction (Machine)",,"",0,"failure",90,7,,,
"PPL - (Pull)","Jan 29, 2026, 3:11 PM","Jan 29, 2026, 3:37 PM","","T Bar Row",,"",0,"failure",70,8,,,
"PPL - (Pull)","Jan 29, 2026, 3:11 PM","Jan 29, 2026, 3:37 PM","","T Bar Row",,"",1,"failure",80,6,,,
"PPL - (Pull)","Jan 29, 2026, 3:11 PM","Jan 29, 2026, 3:37 PM","","T Bar Row",,"",2,"failure",70,5,,,
"PPL - (Pull)","Jan 29, 2026, 3:11 PM","Jan 29, 2026, 3:37 PM","","Seated Row (Machine)",,"",0,"failure",130,7,,,
"PPL - (Pull)","Jan 29, 2026, 3:11 PM","Jan 29, 2026, 3:37 PM","","Seated Row (Machine)",,"",1,"failure",130,6,,,
"PPL - (Pull)","Jan 29, 2026, 3:11 PM","Jan 29, 2026, 3:37 PM","","Bicep Curl (Cable)",,"",0,"normal",35,10,,,
"PPL - (Pull)","Jan 29, 2026, 3:11 PM","Jan 29, 2026, 3:37 PM","","Bicep Curl (Dumbbell)",,"",0,"failure",27.5,8,,,
"PPL - (Pull)","Jan 29, 2026, 3:11 PM","Jan 29, 2026, 3:37 PM","","Bicep Curl (Dumbbell)",,"",1,"failure",30,6,,,
"Legs/ lower","Jan 8, 2026, 5:41 PM","Jan 8, 2026, 5:56 PM","","Leg Extension (Machine)",,"",0,"failure",150,8,,,
"Legs/ lower","Jan 8, 2026, 5:41 PM","Jan 8, 2026, 5:56 PM","","Leg Extension (Machine)",,"",1,"failure",165,9,,,
"Legs/ lower","Jan 8, 2026, 5:41 PM","Jan 8, 2026, 5:56 PM","","Standing Calf Raise (Machine)",,"",0,"normal",110,7,,,
"Upper","Jan 6, 2026, 5:00 PM","Jan 6, 2026, 5:39 PM","","Seated Shoulder Press (Machine)",,"",0,"failure",80,9,,,
"Upper","Jan 6, 2026, 5:00 PM","Jan 6, 2026, 5:39 PM","","Seated Shoulder Press (Machine)",,"",1,"failure",90,6,,,
"Upper","Jan 6, 2026, 5:00 PM","Jan 6, 2026, 5:39 PM","","Bicep Curl (Dumbbell)",,"",0,"normal",30,8,,,
"Upper","Jan 6, 2026, 5:00 PM","Jan 6, 2026, 5:39 PM","","Bicep Curl (Dumbbell)",,"",1,"normal",27.5,8,,,
"Upper","Jan 6, 2026, 5:00 PM","Jan 6, 2026, 5:39 PM","","Chest Fly (Machine)",,"",0,"failure",120,6,,,
"Upper","Jan 6, 2026, 5:00 PM","Jan 6, 2026, 5:39 PM","","Chest Fly (Machine)",,"",1,"failure",110,9,,,
"Upper","Jan 6, 2026, 5:00 PM","Jan 6, 2026, 5:39 PM","","Crunch (Machine)",,"",0,"failure",100,15,,,
"Upper","Jan 6, 2026, 5:00 PM","Jan 6, 2026, 5:39 PM","","Crunch (Machine)",,"",1,"failure",100,6,,,
"Upper","Jan 6, 2026, 5:00 PM","Jan 6, 2026, 5:39 PM","","Crunch (Machine)",,"",2,"dropset",80,5,,,
"Legs/ lower","Jan 4, 2026, 5:17 PM","Jan 4, 2026, 6:59 PM","","Leg Extension (Machine)",,"",0,"warmup",140,11,,,
"Legs/ lower","Jan 4, 2026, 5:17 PM","Jan 4, 2026, 6:59 PM","","Leg Extension (Machine)",,"",1,"failure",160,5,,,
"Legs/ lower","Jan 4, 2026, 5:17 PM","Jan 4, 2026, 6:59 PM","","Leg Extension (Machine)",,"",2,"failure",160,5,,,
"Legs/ lower","Jan 4, 2026, 5:17 PM","Jan 4, 2026, 6:59 PM","","Seated Leg Curl (Machine)",,"",0,"failure",90,3,,,
"Legs/ lower","Jan 4, 2026, 5:17 PM","Jan 4, 2026, 6:59 PM","","Seated Leg Curl (Machine)",,"",1,"failure",85,5,,,
"Legs/ lower","Jan 4, 2026, 5:17 PM","Jan 4, 2026, 6:59 PM","","Seated Leg Curl (Machine)",,"",2,"failure",85,5,,,
"Legs/ lower","Jan 4, 2026, 5:17 PM","Jan 4, 2026, 6:59 PM","","Goblet Squat",,"",0,"failure",60,8,,,
"Legs/ lower","Jan 4, 2026, 5:17 PM","Jan 4, 2026, 6:59 PM","","Goblet Squat",,"",1,"failure",60,9,,,
"Legs/ lower","Jan 4, 2026, 5:17 PM","Jan 4, 2026, 6:59 PM","","Hip Adduction (Machine)",,"",0,"warmup",110,5,,,
"Legs/ lower","Jan 4, 2026, 5:17 PM","Jan 4, 2026, 6:59 PM","","Hip Adduction (Machine)",,"",1,"failure",95,7,,,
"Legs/ lower","Jan 4, 2026, 5:17 PM","Jan 4, 2026, 6:59 PM","","Hip Adduction (Machine)",,"",2,"failure",110,9,,,
"Legs/ lower","Jan 4, 2026, 5:17 PM","Jan 4, 2026, 6:59 PM","","Hip Adduction (Machine)",,"",0,"warmup",90,5,,,
"Legs/ lower","Jan 4, 2026, 5:17 PM","Jan 4, 2026, 6:59 PM","","Hip Adduction (Machine)",,"",1,"failure",95,10,,,
"Legs/ lower","Jan 4, 2026, 5:17 PM","Jan 4, 2026, 6:59 PM","","Hip Adduction (Machine)",,"",2,"failure",110,12,,,
"PPL - (Pull)","Jan 2, 2026, 6:11 PM","Jan 2, 2026, 6:57 PM","","Lat Pulldown (Cable)",,"",0,"normal",130,8,,,
"PPL - (Pull)","Jan 2, 2026, 6:11 PM","Jan 2, 2026, 6:57 PM","","Lat Pulldown (Cable)",,"",1,"failure",115,8,,,
"PPL - (Pull)","Jan 2, 2026, 6:11 PM","Jan 2, 2026, 6:57 PM","","Seated Row (Machine)",,"",0,"failure",140,8,,,
"PPL - (Pull)","Jan 2, 2026, 6:11 PM","Jan 2, 2026, 6:57 PM","","Seated Row (Machine)",,"",1,"failure",140,7,,,
"PPL - (Pull)","Jan 2, 2026, 6:11 PM","Jan 2, 2026, 6:57 PM","","Preacher Curl (Barbell)",,"",0,"failure",50,6,,,
"PPL - (Pull)","Jan 2, 2026, 6:11 PM","Jan 2, 2026, 6:57 PM","","Preacher Curl (Barbell)",,"",1,"normal",60,7,,,
"PPL - (Pull)","Jan 2, 2026, 6:11 PM","Jan 2, 2026, 6:57 PM","","Bicep Curl (Dumbbell)",,"",0,"failure",25,9,,,
"PPL - (Pull)","Jan 2, 2026, 6:11 PM","Jan 2, 2026, 6:57 PM","","Bicep Curl (Dumbbell)",,"",1,"failure",27.5,9,,,
"PPL - (Pull)","Jan 2, 2026, 6:11 PM","Jan 2, 2026, 6:57 PM","","Stair Machine (Floors)",,"",0,"normal",,,,600,
"PPL (Push)","Jan 1, 2026, 5:38 PM","Jan 1, 2026, 6:18 PM","","Butterfly (Pec Deck)",,"",0,"warmup",110,8,,,
"PPL (Push)","Jan 1, 2026, 5:38 PM","Jan 1, 2026, 6:18 PM","","Butterfly (Pec Deck)",,"",1,"failure",120,7,,,
"PPL (Push)","Jan 1, 2026, 5:38 PM","Jan 1, 2026, 6:18 PM","","Butterfly (Pec Deck)",,"",2,"failure",120,5,,,
"PPL (Push)","Jan 1, 2026, 5:38 PM","Jan 1, 2026, 6:18 PM","","Triceps Pushdown",,"",0,"failure",47,12,,,
"PPL (Push)","Jan 1, 2026, 5:38 PM","Jan 1, 2026, 6:18 PM","","Triceps Pushdown",,"",1,"failure",53,9,,,
"PPL (Push)","Jan 1, 2026, 5:38 PM","Jan 1, 2026, 6:18 PM","","Seated Shoulder Press (Machine)",,"",0,"failure",90,7,,,
"PPL (Push)","Jan 1, 2026, 5:38 PM","Jan 1, 2026, 6:18 PM","","Seated Shoulder Press (Machine)",,"",1,"failure",80,5,,,
"PPL (Push)","Jan 1, 2026, 5:38 PM","Jan 1, 2026, 6:18 PM","","Stair Machine (Floors)",,"",0,"normal",,,,600,
"Legs/ lower","Dec 28, 2025, 3:46 PM","Dec 28, 2025, 5:52 PM","","Leg Extension (Machine)",,"",0,"failure",170,6,,,
"Legs/ lower","Dec 28, 2025, 3:46 PM","Dec 28, 2025, 5:52 PM","","Leg Extension (Machine)",,"",1,"failure",160,7,,,
"Legs/ lower","Dec 28, 2025, 3:46 PM","Dec 28, 2025, 5:52 PM","","Seated Leg Curl (Machine)",,"",0,"failure",90,5,,,
"Legs/ lower","Dec 28, 2025, 3:46 PM","Dec 28, 2025, 5:52 PM","","Seated Leg Curl (Machine)",,"",1,"failure",90,8,,,
"Legs/ lower","Dec 28, 2025, 3:46 PM","Dec 28, 2025, 5:52 PM","","Seated Leg Curl (Machine)",,"",2,"failure",85,6,,,
"Legs/ lower","Dec 28, 2025, 3:46 PM","Dec 28, 2025, 5:52 PM","","Standing Calf Raise (Machine)",,"",0,"normal",180,8,,,
"Legs/ lower","Dec 28, 2025, 3:46 PM","Dec 28, 2025, 5:52 PM","","Standing Calf Raise (Machine)",,"",1,"failure",140,8,,,
"Legs/ lower","Dec 28, 2025, 3:46 PM","Dec 28, 2025, 5:52 PM","","Standing Calf Raise (Machine)",,"",2,"failure",140,7,,,
"Legs/ lower","Dec 28, 2025, 3:46 PM","Dec 28, 2025, 5:52 PM","","Hip Adduction (Machine)",,"",0,"warmup",110,5,,,
"Legs/ lower","Dec 28, 2025, 3:46 PM","Dec 28, 2025, 5:52 PM","","Hip Adduction (Machine)",,"",1,"failure",100,7,,,
"Legs/ lower","Dec 28, 2025, 3:46 PM","Dec 28, 2025, 5:52 PM","","Hip Adduction (Machine)",,"",2,"failure",85,8,,,
"Legs/ lower","Dec 28, 2025, 3:46 PM","Dec 28, 2025, 5:52 PM","","Hip Abduction (Machine)",,"",0,"failure",90,8,,,
"Legs/ lower","Dec 28, 2025, 3:46 PM","Dec 28, 2025, 5:52 PM","","Hip Abduction (Machine)",,"",1,"failure",100,8,,,
"Legs/ lower","Dec 28, 2025, 3:46 PM","Dec 28, 2025, 5:52 PM","","Goblet Squat",,"",0,"warmup",45,12,,,
"Legs/ lower","Dec 28, 2025, 3:46 PM","Dec 28, 2025, 5:52 PM","","Goblet Squat",,"",1,"failure",65,8,,,
"Legs/ lower","Dec 28, 2025, 3:46 PM","Dec 28, 2025, 5:52 PM","","Goblet Squat",,"",2,"failure",65,8,,,
"Legs/ lower","Dec 28, 2025, 3:46 PM","Dec 28, 2025, 5:52 PM","","Stair Machine (Floors)",,"",0,"normal",,,,600,
"PPL (Push)","Dec 27, 2025, 5:58 PM","Dec 27, 2025, 6:56 PM","","Butterfly (Pec Deck)",,"",0,"warmup",100,8,,,
"PPL (Push)","Dec 27, 2025, 5:58 PM","Dec 27, 2025, 6:56 PM","","Butterfly (Pec Deck)",,"",1,"failure",120,6,,,
"PPL (Push)","Dec 27, 2025, 5:58 PM","Dec 27, 2025, 6:56 PM","","Triceps Pushdown",,"",0,"failure",44,9,,,
"PPL (Push)","Dec 27, 2025, 5:58 PM","Dec 27, 2025, 6:56 PM","","Triceps Pushdown",,"",1,"failure",44,12,,,
"PPL (Push)","Dec 27, 2025, 5:58 PM","Dec 27, 2025, 6:56 PM","","Triceps Pushdown",,"",2,"failure",49.5,6,,,
"PPL (Push)","Dec 27, 2025, 5:58 PM","Dec 27, 2025, 6:56 PM","","Chest Press (Machine)",,"",0,"failure",100,11,,,
"PPL (Push)","Dec 27, 2025, 5:58 PM","Dec 27, 2025, 6:56 PM","","Chest Press (Machine)",,"",1,"failure",105,6,,,
"PPL (Push)","Dec 27, 2025, 5:58 PM","Dec 27, 2025, 6:56 PM","","Lateral Raise (Cable)",,"",0,"failure",11,8,,,
"PPL (Push)","Dec 27, 2025, 5:58 PM","Dec 27, 2025, 6:56 PM","","Lateral Raise (Cable)",,"",1,"failure",11,7,,,
"PPL (Push)","Dec 27, 2025, 5:58 PM","Dec 27, 2025, 6:56 PM","","Lateral Raise (Cable)",,"",2,"failure",11,5,,,
"PPL (Push)","Dec 27, 2025, 5:58 PM","Dec 27, 2025, 6:56 PM","","Stair Machine (Floors)",,"",0,"normal",,,,1500,
"PPL - (Pull)","Dec 23, 2025, 6:14 PM","Dec 23, 2025, 7:06 PM","","Seated Row (Machine)",,"",0,"failure",130,5,,,
"PPL - (Pull)","Dec 23, 2025, 6:14 PM","Dec 23, 2025, 7:06 PM","","Seated Row (Machine)",,"",1,"dropset",120,2,,,
"PPL - (Pull)","Dec 23, 2025, 6:14 PM","Dec 23, 2025, 7:06 PM","","Seated Row (Machine)",,"",2,"failure",110,8,,,
"PPL - (Pull)","Dec 23, 2025, 6:14 PM","Dec 23, 2025, 7:06 PM","","Bicep Curl (Cable)",,"",0,"failure",38.5,10,,,
"PPL - (Pull)","Dec 23, 2025, 6:14 PM","Dec 23, 2025, 7:06 PM","","Bicep Curl (Cable)",,"",1,"failure",38.5,8,,,
"PPL - (Pull)","Dec 23, 2025, 6:14 PM","Dec 23, 2025, 7:06 PM","","Bicep Curl (Dumbbell)",,"",0,"failure",27.5,9,,,
"PPL - (Pull)","Dec 23, 2025, 6:14 PM","Dec 23, 2025, 7:06 PM","","Bicep Curl (Dumbbell)",,"",1,"failure",27.5,9,,,
"PPL - (Pull)","Dec 23, 2025, 6:14 PM","Dec 23, 2025, 7:06 PM","","Lat Pulldown (Machine)",,"",0,"warmup",130,8,,,
"PPL - (Pull)","Dec 23, 2025, 6:14 PM","Dec 23, 2025, 7:06 PM","","Lat Pulldown (Machine)",,"",1,"failure",150,8,,,
"PPL - (Pull)","Dec 23, 2025, 6:14 PM","Dec 23, 2025, 7:06 PM","","Lat Pulldown (Machine)",,"",2,"failure",150,6,,,
"PPL - (Pull)","Dec 23, 2025, 6:14 PM","Dec 23, 2025, 7:06 PM","","Rear Delt Reverse Fly (Machine)",,"",0,"warmup",70,5,,,
"PPL - (Pull)","Dec 23, 2025, 6:14 PM","Dec 23, 2025, 7:06 PM","","Rear Delt Reverse Fly (Machine)",,"",1,"failure",70,5,,,
"PPL - (Pull)","Dec 23, 2025, 6:14 PM","Dec 23, 2025, 7:06 PM","","Crunch (Machine)",,"",0,"failure",90,16,,,
"PPL - (Pull)","Dec 23, 2025, 6:14 PM","Dec 23, 2025, 7:06 PM","","Crunch (Machine)",,"",1,"failure",90,13,,,
"Legs/ lower","Dec 21, 2025, 6:20 PM","Dec 21, 2025, 7:40 PM","","Leg Extension (Machine)",,"",0,"warmup",140,11,,,
"Legs/ lower","Dec 21, 2025, 6:20 PM","Dec 21, 2025, 7:40 PM","","Leg Extension (Machine)",,"",1,"failure",150,11,,,
"Legs/ lower","Dec 21, 2025, 6:20 PM","Dec 21, 2025, 7:40 PM","","Seated Leg Curl (Machine)",,"",0,"failure",110,6,,,
"Legs/ lower","Dec 21, 2025, 6:20 PM","Dec 21, 2025, 7:40 PM","","Standing Calf Raise (Machine)",,"",0,"failure",90,7,,,
"Legs/ lower","Dec 21, 2025, 6:20 PM","Dec 21, 2025, 7:40 PM","","Standing Calf Raise (Machine)",,"",1,"failure",80,9,,,
"Legs/ lower","Dec 21, 2025, 6:20 PM","Dec 21, 2025, 7:40 PM","","Hip Adduction (Machine)",,"",0,"warmup",120,7,,,
"Legs/ lower","Dec 21, 2025, 6:20 PM","Dec 21, 2025, 7:40 PM","","Hip Adduction (Machine)",,"",1,"failure",110,10,,,
"Legs/ lower","Dec 21, 2025, 6:20 PM","Dec 21, 2025, 7:40 PM","","Hip Adduction (Machine)",,"",2,"failure",110,8,,,
"Legs/ lower","Dec 21, 2025, 6:20 PM","Dec 21, 2025, 7:40 PM","","Hip Abduction (Machine)",,"",0,"failure",120,11,,,
"Legs/ lower","Dec 21, 2025, 6:20 PM","Dec 21, 2025, 7:40 PM","","Hip Abduction (Machine)",,"",1,"failure",130,10,,,
"Legs/ lower","Dec 21, 2025, 6:20 PM","Dec 21, 2025, 7:40 PM","","Stair Machine (Steps)",,"",0,"normal",,,,900,
"Upper","Dec 20, 2025, 6:47 PM","Dec 20, 2025, 7:18 PM","","Seated Row (Machine)",,"",0,"warmup",100,12,,,
"Upper","Dec 20, 2025, 6:47 PM","Dec 20, 2025, 7:18 PM","","Seated Row (Machine)",,"",1,"failure",110,12,,,
"Upper","Dec 20, 2025, 6:47 PM","Dec 20, 2025, 7:18 PM","","Chest Fly (Machine)",,"",0,"failure",110,7,,,
"Upper","Dec 20, 2025, 6:47 PM","Dec 20, 2025, 7:18 PM","","Chest Fly (Machine)",,"",1,"failure",100,7,,,
"Upper","Dec 20, 2025, 6:47 PM","Dec 20, 2025, 7:18 PM","","Seated Shoulder Press (Machine)",,"",0,"failure",80,7,,,
"Upper","Dec 20, 2025, 6:47 PM","Dec 20, 2025, 7:18 PM","","Seated Shoulder Press (Machine)",,"",1,"failure",75,10,,,
"Upper","Dec 20, 2025, 6:47 PM","Dec 20, 2025, 7:18 PM","","Crunch (Machine)",,"",0,"failure",90,8,,,
"Upper","Dec 20, 2025, 6:47 PM","Dec 20, 2025, 7:18 PM","","Crunch (Machine)",,"",1,"failure",90,9,,,
"Upper","Dec 20, 2025, 6:47 PM","Dec 20, 2025, 7:18 PM","","Triceps Pushdown",,"",0,"warmup",55,7,,,
"Upper","Dec 20, 2025, 6:47 PM","Dec 20, 2025, 7:18 PM","","Triceps Pushdown",,"",1,"failure",45,9,,,
"Legs/ lower","Dec 18, 2025, 10:37 AM","Dec 18, 2025, 11:16 AM","","Seated Leg Curl (Machine)",,"",0,"failure",100,7,,,
"Legs/ lower","Dec 18, 2025, 10:37 AM","Dec 18, 2025, 11:16 AM","","Seated Leg Curl (Machine)",,"",1,"failure",100,8,,,
"Legs/ lower","Dec 18, 2025, 10:37 AM","Dec 18, 2025, 11:16 AM","","Leg Press (Machine)",,"",0,"failure",270,9,,,
"Legs/ lower","Dec 18, 2025, 10:37 AM","Dec 18, 2025, 11:16 AM","","Leg Press (Machine)",,"",1,"failure",270,6,,,
"Legs/ lower","Dec 18, 2025, 10:37 AM","Dec 18, 2025, 11:16 AM","","Leg Press (Machine)",,"",2,"failure",230,5,,,
"Legs/ lower","Dec 18, 2025, 10:37 AM","Dec 18, 2025, 11:16 AM","","Calf Press (Machine)",,"",0,"warmup",230,5,,,
"Legs/ lower","Dec 18, 2025, 10:37 AM","Dec 18, 2025, 11:16 AM","","Stair Machine (Floors)",,"",0,"normal",,,,840,
"PPL - (Pull)","Dec 17, 2025, 11:10 AM","Dec 17, 2025, 12:10 PM","","Lat Pulldown (Cable)",,"",0,"warmup",110,11,,,
"PPL - (Pull)","Dec 17, 2025, 11:10 AM","Dec 17, 2025, 12:10 PM","","Lat Pulldown (Cable)",,"",1,"failure",121,8,,,
"PPL - (Pull)","Dec 17, 2025, 11:10 AM","Dec 17, 2025, 12:10 PM","","Seated Row (Machine)",,"",0,"failure",110,12,,,
"PPL - (Pull)","Dec 17, 2025, 11:10 AM","Dec 17, 2025, 12:10 PM","","Seated Row (Machine)",,"",1,"failure",105,12,,,
"PPL - (Pull)","Dec 17, 2025, 11:10 AM","Dec 17, 2025, 12:10 PM","","Bicep Curl (Cable)",,"",0,"failure",35,9,,,
"PPL - (Pull)","Dec 17, 2025, 11:10 AM","Dec 17, 2025, 12:10 PM","","Bicep Curl (Dumbbell)",,"",0,"failure",27.5,8,,,
"PPL - (Pull)","Dec 17, 2025, 11:10 AM","Dec 17, 2025, 12:10 PM","","Bicep Curl (Dumbbell)",,"",1,"failure",25,9,,,
"PPL (Push)","Dec 16, 2025, 3:51 PM","Dec 16, 2025, 4:12 PM","","Butterfly (Pec Deck)",,"",0,"warmup",120,4,,,
"PPL (Push)","Dec 16, 2025, 3:51 PM","Dec 16, 2025, 4:12 PM","","Butterfly (Pec Deck)",,"",1,"failure",105,6,,,
"PPL (Push)","Dec 16, 2025, 3:51 PM","Dec 16, 2025, 4:12 PM","","Lateral Raise (Dumbbell)",,"",0,"failure",17.5,8,,,
"PPL (Push)","Dec 16, 2025, 3:51 PM","Dec 16, 2025, 4:12 PM","","Lateral Raise (Dumbbell)",,"",1,"failure",17.5,8,,,
"PPL (Push)","Dec 16, 2025, 3:51 PM","Dec 16, 2025, 4:12 PM","","Shoulder Press (Machine Plates)",,"I",0,"failure",80,5,,,
"PPL (Push)","Dec 16, 2025, 3:51 PM","Dec 16, 2025, 4:12 PM","","Shoulder Press (Machine Plates)",,"I",1,"failure",70,4,,,
"PPL (Push)","Dec 16, 2025, 3:51 PM","Dec 16, 2025, 4:12 PM","","Triceps Pushdown",,"",0,"warmup",44,8,,,
"PPL (Push)","Dec 16, 2025, 3:51 PM","Dec 16, 2025, 4:12 PM","","Triceps Pushdown",,"",1,"failure",55,8,,,
"PPL (Push)","Dec 16, 2025, 3:51 PM","Dec 16, 2025, 4:12 PM","","Triceps Pushdown",,"",2,"failure",55,6,,,
"Legs/ lower","Dec 14, 2025, 7:45 PM","Dec 14, 2025, 8:49 PM","","Leg Extension (Machine)",,"",0,"normal",140,8,,,
"Legs/ lower","Dec 14, 2025, 7:45 PM","Dec 14, 2025, 8:49 PM","","Leg Extension (Machine)",,"",1,"normal",130,10,,,
"Legs/ lower","Dec 14, 2025, 7:45 PM","Dec 14, 2025, 8:49 PM","","Seated Leg Curl (Machine)",,"",0,"failure",110,10,,,
"Legs/ lower","Dec 14, 2025, 7:45 PM","Dec 14, 2025, 8:49 PM","","Seated Leg Curl (Machine)",,"",1,"failure",120,8,,,
"Legs/ lower","Dec 14, 2025, 7:45 PM","Dec 14, 2025, 8:49 PM","","Romanian Deadlift (Barbell)",,"",0,"failure",144,8,,,
"Legs/ lower","Dec 14, 2025, 7:45 PM","Dec 14, 2025, 8:49 PM","","Romanian Deadlift (Barbell)",,"",1,"failure",214,3,,,
"Legs/ lower","Dec 14, 2025, 7:45 PM","Dec 14, 2025, 8:49 PM","","Leg Press (Machine)",,"",0,"warmup",270,5,,,
"Legs/ lower","Dec 14, 2025, 7:45 PM","Dec 14, 2025, 8:49 PM","","Leg Press (Machine)",,"",1,"failure",380,3,,,
"Upper","Dec 13, 2025, 7:08 PM","Dec 13, 2025, 8:03 PM","","Seated Row (Machine)",,"",0,"failure",120,8,,,
"Upper","Dec 13, 2025, 7:08 PM","Dec 13, 2025, 8:03 PM","","Seated Row (Machine)",,"",1,"failure",110,10,,,
"Upper","Dec 13, 2025, 7:08 PM","Dec 13, 2025, 8:03 PM","","Shoulder Press (Dumbbell)",,"",0,"failure",30,9,,,
"Upper","Dec 13, 2025, 7:08 PM","Dec 13, 2025, 8:03 PM","","Shoulder Press (Dumbbell)",,"",1,"failure",30,11,,,
"Upper","Dec 13, 2025, 7:08 PM","Dec 13, 2025, 8:03 PM","","T Bar Row",,"",0,"failure",80,6,,,
"Upper","Dec 13, 2025, 7:08 PM","Dec 13, 2025, 8:03 PM","","T Bar Row",,"",1,"failure",70,5,,,
"Upper","Dec 13, 2025, 7:08 PM","Dec 13, 2025, 8:03 PM","","Chest Fly (Machine)",,"",0,"failure",100,10,,,
"Upper","Dec 13, 2025, 7:08 PM","Dec 13, 2025, 8:03 PM","","Chest Fly (Machine)",,"",1,"failure",90,11,,,
"Upper","Dec 13, 2025, 7:08 PM","Dec 13, 2025, 8:03 PM","","Rear Delt Reverse Fly (Machine)",,"",0,"warmup",60,5,,,
"Upper","Dec 13, 2025, 7:08 PM","Dec 13, 2025, 8:03 PM","","Rear Delt Reverse Fly (Machine)",,"",1,"failure",60,6,,,
"Upper","Dec 13, 2025, 7:08 PM","Dec 13, 2025, 8:03 PM","","Rear Delt Reverse Fly (Machine)",,"",2,"failure",65,6,,,
"Upper","Dec 13, 2025, 7:08 PM","Dec 13, 2025, 8:03 PM","","Stair Machine (Floors)",,"",0,"normal",,,,720,
"Legs/ lower","Dec 11, 2025, 4:53 PM","Dec 11, 2025, 6:10 PM","","Leg Extension (Machine)",,"",0,"failure",160,11,,,
"Legs/ lower","Dec 11, 2025, 4:53 PM","Dec 11, 2025, 6:10 PM","","Leg Extension (Machine)",,"",1,"failure",160,7,,,
"Legs/ lower","Dec 11, 2025, 4:53 PM","Dec 11, 2025, 6:10 PM","","Seated Leg Curl (Machine)",,"",0,"failure",110,10,,,
"Legs/ lower","Dec 11, 2025, 4:53 PM","Dec 11, 2025, 6:10 PM","","Seated Leg Curl (Machine)",,"",1,"normal",100,10,,,
"Legs/ lower","Dec 11, 2025, 4:53 PM","Dec 11, 2025, 6:10 PM","","Seated Calf Raise",,"",0,"failure",90,5,,,
"Legs/ lower","Dec 11, 2025, 4:53 PM","Dec 11, 2025, 6:10 PM","","Seated Calf Raise",,"",1,"dropset",45,4,,,
"Legs/ lower","Dec 11, 2025, 4:53 PM","Dec 11, 2025, 6:10 PM","","Seated Calf Raise",,"",2,"failure",45,12,,,
"Legs/ lower","Dec 11, 2025, 4:53 PM","Dec 11, 2025, 6:10 PM","","Hip Abduction (Machine)",,"",0,"failure",120,11,,,
"Legs/ lower","Dec 11, 2025, 4:53 PM","Dec 11, 2025, 6:10 PM","","Hip Abduction (Machine)",,"",1,"failure",120,11,,,
"Legs/ lower","Dec 11, 2025, 4:53 PM","Dec 11, 2025, 6:10 PM","","Hip Adduction (Machine)",,"",0,"warmup",130,4,,,
"Legs/ lower","Dec 11, 2025, 4:53 PM","Dec 11, 2025, 6:10 PM","","Hip Adduction (Machine)",,"",1,"failure",100,9,,,
"Legs/ lower","Dec 11, 2025, 4:53 PM","Dec 11, 2025, 6:10 PM","","Hip Adduction (Machine)",,"",2,"failure",100,10,,,
"Legs/ lower","Dec 11, 2025, 4:53 PM","Dec 11, 2025, 6:10 PM","","Stair Machine (Floors)",,"",0,"normal",,,,660,
"PPL - (Pull)","Dec 10, 2025, 10:22 AM","Dec 10, 2025, 10:54 AM","","Lat Pulldown (Cable)",,"",0,"warmup",126,8,,,
"PPL - (Pull)","Dec 10, 2025, 10:22 AM","Dec 10, 2025, 10:54 AM","","Lat Pulldown (Cable)",,"",1,"failure",131,8,,,
"PPL - (Pull)","Dec 10, 2025, 10:22 AM","Dec 10, 2025, 10:54 AM","","Lat Pulldown (Cable)",,"",2,"failure",131,6,,,
"PPL - (Pull)","Dec 10, 2025, 10:22 AM","Dec 10, 2025, 10:54 AM","","Bicep Curl (Cable)",,"",0,"warmup",40,5,,,
"PPL - (Pull)","Dec 10, 2025, 10:22 AM","Dec 10, 2025, 10:54 AM","","Bicep Curl (Cable)",,"",1,"failure",35,8,,,
"PPL - (Pull)","Dec 10, 2025, 10:22 AM","Dec 10, 2025, 10:54 AM","","Crunch (Machine)",,"",0,"failure",80,8,,,
"PPL - (Pull)","Dec 10, 2025, 10:22 AM","Dec 10, 2025, 10:54 AM","","Crunch (Machine)",,"",1,"failure",80,9,,,
"PPL - (Pull)","Dec 10, 2025, 10:22 AM","Dec 10, 2025, 10:54 AM","","Stair Machine (Floors)",,"",0,"normal",,,,600,
"PPL (Push)","Dec 9, 2025, 5:32 PM","Dec 9, 2025, 6:22 PM","","Butterfly (Pec Deck)",,"",0,"warmup",110,6,,,
"PPL (Push)","Dec 9, 2025, 5:32 PM","Dec 9, 2025, 6:22 PM","","Butterfly (Pec Deck)",,"",1,"failure",110,4,,,
"PPL (Push)","Dec 9, 2025, 5:32 PM","Dec 9, 2025, 6:22 PM","","Lateral Raise (Dumbbell)",,"",0,"failure",17.5,9,,,
"PPL (Push)","Dec 9, 2025, 5:32 PM","Dec 9, 2025, 6:22 PM","","Lateral Raise (Dumbbell)",,"",1,"failure",17.5,8,,,
"PPL (Push)","Dec 9, 2025, 5:32 PM","Dec 9, 2025, 6:22 PM","","Treadmill",,"",0,"normal",,,,1200,
"PPL (Push)","Dec 9, 2025, 5:32 PM","Dec 9, 2025, 6:22 PM","","Decline Bench Press (Machine)",,"",0,"failure",110,6,,,
"PPL (Push)","Dec 9, 2025, 5:32 PM","Dec 9, 2025, 6:22 PM","","Triceps Pushdown",,"",0,"failure",49,10,,,
"PPL (Push)","Dec 9, 2025, 5:32 PM","Dec 9, 2025, 6:22 PM","","Triceps Pushdown",,"",1,"failure",49,7,,,
"PPL (Push)","Dec 9, 2025, 5:32 PM","Dec 9, 2025, 6:22 PM","","Triceps Pushdown",,"",2,"failure",44,7,,,
"PPL (Push)","Dec 9, 2025, 5:32 PM","Dec 9, 2025, 6:22 PM","","Deltoid Raise",,"",0,"failure",50,10,,,
"PPL (Push)","Dec 9, 2025, 5:32 PM","Dec 9, 2025, 6:22 PM","","Deltoid Raise",,"",1,"failure",50,7,,,
"Legs/ lower","Dec 7, 2025, 7:26 PM","Dec 7, 2025, 7:54 PM","","Leg Extension (Machine)",,"",0,"failure",140,8,,,
"Legs/ lower","Dec 7, 2025, 7:26 PM","Dec 7, 2025, 7:54 PM","","Seated Leg Curl (Machine)",,"",0,"failure",100,8,,,
"Legs/ lower","Dec 7, 2025, 7:26 PM","Dec 7, 2025, 7:54 PM","","Seated Leg Curl (Machine)",,"",1,"failure",100,10,,,
"Legs/ lower","Dec 7, 2025, 7:26 PM","Dec 7, 2025, 7:54 PM","","Hip Abduction (Machine)",,"",0,"failure",150,11,,,
"Legs/ lower","Dec 7, 2025, 7:26 PM","Dec 7, 2025, 7:54 PM","","Hip Abduction (Machine)",,"",1,"failure",140,10,,,
"Legs/ lower","Dec 7, 2025, 7:26 PM","Dec 7, 2025, 7:54 PM","","Hip Adduction (Machine)",,"",0,"warmup",90,10,,,
"Legs/ lower","Dec 7, 2025, 7:26 PM","Dec 7, 2025, 7:54 PM","","Hip Adduction (Machine)",,"",1,"failure",100,8,,,
"Upper","Dec 6, 2025, 9:23 PM","Dec 6, 2025, 10:07 PM","","Shoulder Press (Dumbbell)",,"",0,"failure",35,5,,,
"Upper","Dec 6, 2025, 9:23 PM","Dec 6, 2025, 10:07 PM","","Shoulder Press (Dumbbell)",,"",1,"failure",30,6,,,
"Upper","Dec 6, 2025, 9:23 PM","Dec 6, 2025, 10:07 PM","","Bicep Curl (Dumbbell)",,"",0,"failure",30,6,,,
"Upper","Dec 6, 2025, 9:23 PM","Dec 6, 2025, 10:07 PM","","Butterfly (Pec Deck)",,"",0,"warmup",125,6,,,
"Upper","Dec 6, 2025, 9:23 PM","Dec 6, 2025, 10:07 PM","","Butterfly (Pec Deck)",,"",1,"failure",110,8,,,
"Upper","Dec 6, 2025, 9:23 PM","Dec 6, 2025, 10:07 PM","","Preacher Curl (Barbell)",,"",0,"failure",50,6,,,
"Upper","Dec 6, 2025, 9:23 PM","Dec 6, 2025, 10:07 PM","","Triceps Pushdown",,"",0,"failure",44,8,,,
"Upper","Dec 6, 2025, 9:23 PM","Dec 6, 2025, 10:07 PM","","Triceps Pushdown",,"",1,"failure",49,5,,,
"Upper","Dec 6, 2025, 9:23 PM","Dec 6, 2025, 10:07 PM","","Bicep Curl (Cable)",,"",0,"failure",35,10,,,
"Upper","Dec 6, 2025, 9:23 PM","Dec 6, 2025, 10:07 PM","","Bicep Curl (Cable)",,"",1,"failure",40,6,,,
"Upper","Dec 6, 2025, 9:23 PM","Dec 6, 2025, 10:07 PM","","T Bar Row",,"",0,"failure",60,10,,,
"Upper","Dec 6, 2025, 9:23 PM","Dec 6, 2025, 10:07 PM","","T Bar Row",,"",1,"failure",60,6,,,
"Legs/ lower","Dec 5, 2025, 3:59 PM","Dec 5, 2025, 4:45 PM","","Squat (Barbell)",,"",0,"failure",114,8,,,
"Legs/ lower","Dec 5, 2025, 3:59 PM","Dec 5, 2025, 4:45 PM","","Squat (Barbell)",,"",1,"failure",134,4,,,
"Legs/ lower","Dec 5, 2025, 3:59 PM","Dec 5, 2025, 4:45 PM","","Leg Extension (Machine)",,"",0,"failure",180,7,,,
"Legs/ lower","Dec 5, 2025, 3:59 PM","Dec 5, 2025, 4:45 PM","","Leg Extension (Machine)",,"",1,"failure",160,6,,,
"Legs/ lower","Dec 5, 2025, 3:59 PM","Dec 5, 2025, 4:45 PM","","Seated Calf Raise",,"",0,"failure",80,5,,,
"Legs/ lower","Dec 5, 2025, 3:59 PM","Dec 5, 2025, 4:45 PM","","Seated Calf Raise",,"",1,"failure",80,5,,,
"Legs/ lower","Dec 5, 2025, 3:59 PM","Dec 5, 2025, 4:45 PM","","Romanian Deadlift (Barbell)",,"",0,"warmup",134,5,,,
"Legs/ lower","Dec 5, 2025, 3:59 PM","Dec 5, 2025, 4:45 PM","","Romanian Deadlift (Barbell)",,"",1,"failure",154,5,,,
"Legs/ lower","Dec 5, 2025, 3:59 PM","Dec 5, 2025, 4:45 PM","","Lying Leg Curl (Machine)",,"",0,"failure",95,10,,,
"Legs/ lower","Dec 5, 2025, 3:59 PM","Dec 5, 2025, 4:45 PM","","Lying Leg Curl (Machine)",,"",1,"failure",90,5,,,
"Legs/ lower","Dec 5, 2025, 3:59 PM","Dec 5, 2025, 4:45 PM","","Lying Leg Curl (Machine)",,"",2,"failure",100,3,,,
"PPL (Push)","Dec 3, 2025, 4:24 PM","Dec 3, 2025, 5:04 PM","","Butterfly (Pec Deck)",,"",0,"warmup",100,10,,,
"PPL (Push)","Dec 3, 2025, 4:24 PM","Dec 3, 2025, 5:04 PM","","Butterfly (Pec Deck)",,"",1,"failure",125,5,,,
"PPL (Push)","Dec 3, 2025, 4:24 PM","Dec 3, 2025, 5:04 PM","","Lateral Raise (Dumbbell)",,"",0,"failure",17.5,6,,,
"PPL (Push)","Dec 3, 2025, 4:24 PM","Dec 3, 2025, 5:04 PM","","Lateral Raise (Dumbbell)",,"",1,"failure",15,5,,,
"PPL (Push)","Dec 3, 2025, 4:24 PM","Dec 3, 2025, 5:04 PM","","Shoulder Press (Machine Plates)",,"",0,"warmup",90,6,,,
"PPL (Push)","Dec 3, 2025, 4:24 PM","Dec 3, 2025, 5:04 PM","","Shoulder Press (Machine Plates)",,"",1,"failure",80,5,,,
"PPL (Push)","Dec 3, 2025, 4:24 PM","Dec 3, 2025, 5:04 PM","","Triceps Pushdown",,"",0,"failure",44,8,,,
"PPL (Push)","Dec 3, 2025, 4:24 PM","Dec 3, 2025, 5:04 PM","","Triceps Pushdown",,"",1,"failure",44,8,,,
"PPL - (Pull)","Dec 2, 2025, 5:39 PM","Dec 2, 2025, 6:17 PM","","Seated Row (Machine)",,"",0,"warmup",110,8,,,
"PPL - (Pull)","Dec 2, 2025, 5:39 PM","Dec 2, 2025, 6:17 PM","","Seated Row (Machine)",,"",1,"failure",100,12,,,
"PPL - (Pull)","Dec 2, 2025, 5:39 PM","Dec 2, 2025, 6:17 PM","","Seated Row (Machine)",,"",2,"failure",110,5,,,
"PPL - (Pull)","Dec 2, 2025, 5:39 PM","Dec 2, 2025, 6:17 PM","","Crunch (Machine)",,"",0,"failure",110,8,,,
"PPL - (Pull)","Dec 2, 2025, 5:39 PM","Dec 2, 2025, 6:17 PM","","Crunch (Machine)",,"",1,"failure",90,10,,,
"PPL - (Pull)","Dec 2, 2025, 5:39 PM","Dec 2, 2025, 6:17 PM","","Bicep Curl (Dumbbell)",,"",0,"failure",25,12,,,
"PPL - (Pull)","Dec 2, 2025, 5:39 PM","Dec 2, 2025, 6:17 PM","","Bicep Curl (Dumbbell)",,"",1,"failure",25,8,,,
"Legs/ lower","Nov 19, 2025, 8:34 PM","Nov 19, 2025, 10:03 PM","","Squat (Barbell)",,"",0,"warmup",94,8,,,
"Legs/ lower","Nov 19, 2025, 8:34 PM","Nov 19, 2025, 10:03 PM","","Squat (Barbell)",,"",1,"normal",120,5,,,
"Legs/ lower","Nov 19, 2025, 8:34 PM","Nov 19, 2025, 10:03 PM","","Leg Extension (Machine)",,"",0,"failure",160,7,,,
"Legs/ lower","Nov 19, 2025, 8:34 PM","Nov 19, 2025, 10:03 PM","","Leg Extension (Machine)",,"",1,"normal",140,8,,,
"Legs/ lower","Nov 19, 2025, 8:34 PM","Nov 19, 2025, 10:03 PM","","Seated Leg Curl (Machine)",,"",0,"warmup",100,10,,,
"Legs/ lower","Nov 19, 2025, 8:34 PM","Nov 19, 2025, 10:03 PM","","Seated Leg Curl (Machine)",,"",1,"failure",110,8,,,
"Legs/ lower","Nov 19, 2025, 8:34 PM","Nov 19, 2025, 10:03 PM","","Seated Leg Curl (Machine)",,"",2,"failure",95,8,,,
"Legs/ lower","Nov 19, 2025, 8:34 PM","Nov 19, 2025, 10:03 PM","","Hip Adduction (Machine)",,"",0,"warmup",90,15,,,
"Legs/ lower","Nov 19, 2025, 8:34 PM","Nov 19, 2025, 10:03 PM","","Hip Adduction (Machine)",,"",1,"failure",100,13,,,
"Legs/ lower","Nov 19, 2025, 8:34 PM","Nov 19, 2025, 10:03 PM","","Hip Adduction (Machine)",,"",2,"failure",120,11,,,
"Legs/ lower","Nov 19, 2025, 8:34 PM","Nov 19, 2025, 10:03 PM","","Hip Abduction (Machine)",,"",0,"failure",150,10,,,
"Legs/ lower","Nov 19, 2025, 8:34 PM","Nov 19, 2025, 10:03 PM","","Hip Abduction (Machine)",,"",1,"failure",140,8,,,
"Legs/ lower","Nov 19, 2025, 8:34 PM","Nov 19, 2025, 10:03 PM","","Calf Extension (Machine)",,"",0,"warmup",140,14,,,
"Legs/ lower","Nov 19, 2025, 8:34 PM","Nov 19, 2025, 10:03 PM","","Calf Extension (Machine)",,"",1,"failure",180,10,,,
"Legs/ lower","Nov 19, 2025, 8:34 PM","Nov 19, 2025, 10:03 PM","","Stair Machine (Floors)",,"",0,"normal",,,,900,
"PPL - (Pull)","Nov 18, 2025, 5:09 PM","Nov 18, 2025, 5:49 PM","","Lat Pulldown (Cable)",,"",0,"failure",121,8,,,
"PPL - (Pull)","Nov 18, 2025, 5:09 PM","Nov 18, 2025, 5:49 PM","","Seated Row (Machine)",,"",0,"failure",110,8,,,
"PPL - (Pull)","Nov 18, 2025, 5:09 PM","Nov 18, 2025, 5:49 PM","","Seated Row (Machine)",,"",1,"failure",115,8,,,
"PPL - (Pull)","Nov 18, 2025, 5:09 PM","Nov 18, 2025, 5:49 PM","","Seated Row (Machine)",,"",2,"failure",100,8,,,
"PPL - (Pull)","Nov 18, 2025, 5:09 PM","Nov 18, 2025, 5:49 PM","","Preacher Curl (Barbell)",,"",0,"failure",60,3,,,
"PPL - (Pull)","Nov 18, 2025, 5:09 PM","Nov 18, 2025, 5:49 PM","","Preacher Curl (Barbell)",,"",1,"failure",50,8,,,
"PPL - (Pull)","Nov 18, 2025, 5:09 PM","Nov 18, 2025, 5:49 PM","","Preacher Curl (Barbell)",,"",2,"failure",50,6,,,
"PPL - (Pull)","Nov 18, 2025, 5:09 PM","Nov 18, 2025, 5:49 PM","","Preacher Curl (Barbell)",,"",3,"failure",40,8,,,
"PPL - (Pull)","Nov 18, 2025, 5:09 PM","Nov 18, 2025, 5:49 PM","","Crunch (Machine)",,"",0,"failure",80,11,,,
"PPL - (Pull)","Nov 18, 2025, 5:09 PM","Nov 18, 2025, 5:49 PM","","Crunch (Machine)",,"",1,"failure",90,8,,,
"PPL (Push)","Nov 15, 2025, 6:00 PM","Nov 15, 2025, 6:57 PM","","Butterfly (Pec Deck)",,"",0,"warmup",110,8,,,
"PPL (Push)","Nov 15, 2025, 6:00 PM","Nov 15, 2025, 6:57 PM","","Butterfly (Pec Deck)",,"",1,"failure",130,6,,,
"PPL (Push)","Nov 15, 2025, 6:00 PM","Nov 15, 2025, 6:57 PM","","Butterfly (Pec Deck)",,"",2,"failure",120,5,,,
"PPL (Push)","Nov 15, 2025, 6:00 PM","Nov 15, 2025, 6:57 PM","","Triceps Pushdown",,"",0,"failure",55,10,,,
"PPL (Push)","Nov 15, 2025, 6:00 PM","Nov 15, 2025, 6:57 PM","","Triceps Pushdown",,"",1,"failure",66,6,,,
"PPL (Push)","Nov 15, 2025, 6:00 PM","Nov 15, 2025, 6:57 PM","","Shoulder Press (Dumbbell)",,"",0,"failure",35,6,,,
"PPL (Push)","Nov 15, 2025, 6:00 PM","Nov 15, 2025, 6:57 PM","","Shoulder Press (Dumbbell)",,"",1,"failure",30,5,,,
"PPL (Push)","Nov 15, 2025, 6:00 PM","Nov 15, 2025, 6:57 PM","","Chest Press (Machine)",,"",0,"failure",110,5,,,
"PPL (Push)","Nov 15, 2025, 6:00 PM","Nov 15, 2025, 6:57 PM","","Chest Press (Machine)",,"",1,"failure",100,4,,,
"Legs/ lower","Nov 14, 2025, 2:02 PM","Nov 14, 2025, 2:17 PM","","Leg Extension (Machine)",,"",0,"failure",150,11,,,
"Legs/ lower","Nov 14, 2025, 2:02 PM","Nov 14, 2025, 2:17 PM","","Leg Extension (Machine)",,"",1,"failure",160,7,,,
"Legs/ lower","Nov 14, 2025, 2:02 PM","Nov 14, 2025, 2:17 PM","","Seated Leg Curl (Machine)",,"",0,"failure",120,8,,,
"Legs/ lower","Nov 14, 2025, 2:02 PM","Nov 14, 2025, 2:17 PM","","Seated Leg Curl (Machine)",,"",1,"failure",110,8,,,
"Upper","Nov 8, 2025, 8:57 PM","Nov 8, 2025, 9:32 PM","","Seated Row (Machine)",,"",0,"failure",130,8,,,
"Upper","Nov 8, 2025, 8:57 PM","Nov 8, 2025, 9:32 PM","","Seated Row (Machine)",,"",1,"failure",115,7,,,
"Upper","Nov 8, 2025, 8:57 PM","Nov 8, 2025, 9:32 PM","","Shoulder Press (Dumbbell)",,"",0,"failure",35,6,,,
"Upper","Nov 8, 2025, 8:57 PM","Nov 8, 2025, 9:32 PM","","Shoulder Press (Dumbbell)",,"",1,"failure",35,6,,,
"Upper","Nov 8, 2025, 8:57 PM","Nov 8, 2025, 9:32 PM","","Bicep Curl (Dumbbell)",,"",0,"failure",27.5,8,,,
"Upper","Nov 8, 2025, 8:57 PM","Nov 8, 2025, 9:32 PM","","Bicep Curl (Dumbbell)",,"",1,"failure",30,6,,,
"Upper","Nov 8, 2025, 8:57 PM","Nov 8, 2025, 9:32 PM","","Lateral Raise (Dumbbell)",,"",0,"failure",15,6,,,
"Upper","Nov 8, 2025, 8:57 PM","Nov 8, 2025, 9:32 PM","","Lateral Raise (Dumbbell)",,"",1,"failure",15,9,,,
"Upper","Nov 8, 2025, 8:57 PM","Nov 8, 2025, 9:32 PM","","Triceps Pushdown",,"",0,"failure",55,7,,,
"Upper","Nov 8, 2025, 8:57 PM","Nov 8, 2025, 9:32 PM","","Triceps Pushdown",,"",1,"failure",55,7,,,
"Upper","Nov 8, 2025, 8:57 PM","Nov 8, 2025, 9:32 PM","","Triceps Pushdown",,"",2,"failure",55,6,,,
"Legs/ lower","Nov 6, 2025, 6:22 PM","Nov 6, 2025, 6:50 PM","","Squat (Barbell)",,"",0,"warmup",114,9,,,
"Legs/ lower","Nov 6, 2025, 6:22 PM","Nov 6, 2025, 6:50 PM","","Squat (Barbell)",,"",1,"failure",134,5,,,
"Legs/ lower","Nov 6, 2025, 6:22 PM","Nov 6, 2025, 6:50 PM","","Squat (Barbell)",,"",2,"failure",114,6,,,
"Legs/ lower","Nov 6, 2025, 6:22 PM","Nov 6, 2025, 6:50 PM","","Seated Leg Curl (Machine)",,"",0,"warmup",110,8,,,
"Legs/ lower","Nov 6, 2025, 6:22 PM","Nov 6, 2025, 6:50 PM","","Seated Leg Curl (Machine)",,"",1,"failure",130,5,,,
"Legs/ lower","Nov 6, 2025, 6:22 PM","Nov 6, 2025, 6:50 PM","","Seated Leg Curl (Machine)",,"",2,"failure",110,5,,,
"Legs/ lower","Nov 6, 2025, 6:22 PM","Nov 6, 2025, 6:50 PM","","Romanian Deadlift (Barbell)",,"",0,"failure",134,6,,,
"PPL (Push)","Nov 5, 2025, 6:32 PM","Nov 5, 2025, 7:15 PM","","Butterfly (Pec Deck)",,"",0,"warmup",110,6,,,
"PPL (Push)","Nov 5, 2025, 6:32 PM","Nov 5, 2025, 7:15 PM","","Butterfly (Pec Deck)",,"",1,"failure",100,5,,,
"PPL (Push)","Nov 5, 2025, 6:32 PM","Nov 5, 2025, 7:15 PM","","Butterfly (Pec Deck)",,"",2,"failure",100,6,,,
"PPL (Push)","Nov 5, 2025, 6:32 PM","Nov 5, 2025, 7:15 PM","","Lateral Raise (Dumbbell)",,"",0,"failure",20,8,,,
"PPL (Push)","Nov 5, 2025, 6:32 PM","Nov 5, 2025, 7:15 PM","","Lateral Raise (Dumbbell)",,"",1,"failure",15,9,,,
"PPL (Push)","Nov 5, 2025, 6:32 PM","Nov 5, 2025, 7:15 PM","","Lateral Raise (Dumbbell)",,"",2,"failure",15,10,,,
"PPL (Push)","Nov 5, 2025, 6:32 PM","Nov 5, 2025, 7:15 PM","","Deltoid Raise",,"",0,"failure",70,11,,,
"PPL (Push)","Nov 5, 2025, 6:32 PM","Nov 5, 2025, 7:15 PM","","Deltoid Raise",,"",1,"failure",60,6,,,
"PPL (Push)","Nov 5, 2025, 6:32 PM","Nov 5, 2025, 7:15 PM","","Rear Delt Reverse Fly (Machine)",,"",0,"warmup",70,8,,,
"PPL (Push)","Nov 5, 2025, 6:32 PM","Nov 5, 2025, 7:15 PM","","Rear Delt Reverse Fly (Machine)",,"",1,"failure",80,6,,,
"PPL (Push)","Nov 5, 2025, 6:32 PM","Nov 5, 2025, 7:15 PM","","Rear Delt Reverse Fly (Machine)",,"",2,"failure",70,5,,,
"PPL (Push)","Nov 5, 2025, 6:32 PM","Nov 5, 2025, 7:15 PM","","Triceps Pushdown",,"",0,"warmup",40,6,,,
"PPL (Push)","Nov 5, 2025, 6:32 PM","Nov 5, 2025, 7:15 PM","","Triceps Pushdown",,"",1,"failure",45,7,,,
"PPL (Push)","Nov 5, 2025, 6:32 PM","Nov 5, 2025, 7:15 PM","","Triceps Pushdown",,"",2,"failure",45,7,,,
"PPL - (Pull)","Nov 4, 2025, 5:02 PM","Nov 4, 2025, 6:00 PM","","T Bar Row",,"",0,"failure",80,11,,,
"PPL - (Pull)","Nov 4, 2025, 5:02 PM","Nov 4, 2025, 6:00 PM","","T Bar Row",,"",1,"failure",70,6,,,
"PPL - (Pull)","Nov 4, 2025, 5:02 PM","Nov 4, 2025, 6:00 PM","","Seated Row (Machine)",,"",0,"failure",130,7,,,
"PPL - (Pull)","Nov 4, 2025, 5:02 PM","Nov 4, 2025, 6:00 PM","","Seated Row (Machine)",,"",1,"failure",150,4,,,
"PPL - (Pull)","Nov 4, 2025, 5:02 PM","Nov 4, 2025, 6:00 PM","","Preacher Curl (Machine)",,"",0,"failure",60,5,,,
"PPL - (Pull)","Nov 4, 2025, 5:02 PM","Nov 4, 2025, 6:00 PM","","Bicep Curl (Dumbbell)",,"",0,"failure",30,6,,,
"PPL - (Pull)","Nov 4, 2025, 5:02 PM","Nov 4, 2025, 6:00 PM","","Bicep Curl (Dumbbell)",,"",1,"failure",25,9,,,
"PPL - (Pull)","Nov 4, 2025, 5:02 PM","Nov 4, 2025, 6:00 PM","","Crunch (Machine)",,"",0,"failure",100,20,,,
"PPL - (Pull)","Nov 4, 2025, 5:02 PM","Nov 4, 2025, 6:00 PM","","Crunch (Machine)",,"",1,"failure",90,9,,,
"Legs/ lower","Nov 2, 2025, 7:08 PM","Nov 2, 2025, 8:01 PM","","Leg Extension (Machine)",,"",0,"warmup",150,5,,,
"Legs/ lower","Nov 2, 2025, 7:08 PM","Nov 2, 2025, 8:01 PM","","Leg Extension (Machine)",,"",1,"failure",170,8,,,
"Legs/ lower","Nov 2, 2025, 7:08 PM","Nov 2, 2025, 8:01 PM","","Leg Extension (Machine)",,"",2,"failure",160,7,,,
"Legs/ lower","Nov 2, 2025, 7:08 PM","Nov 2, 2025, 8:01 PM","","Seated Leg Curl (Machine)",,"",0,"failure",120,8,,,
"Legs/ lower","Nov 2, 2025, 7:08 PM","Nov 2, 2025, 8:01 PM","","Seated Leg Curl (Machine)",,"",1,"failure",130,7,,,
"Legs/ lower","Nov 2, 2025, 7:08 PM","Nov 2, 2025, 8:01 PM","","Seated Leg Curl (Machine)",,"",2,"failure",100,7,,,
"Legs/ lower","Nov 2, 2025, 7:08 PM","Nov 2, 2025, 8:01 PM","","Treadmill",,"",0,"normal",,,1,600,
"Legs/ lower","Nov 2, 2025, 7:08 PM","Nov 2, 2025, 8:01 PM","","Hip Adduction (Machine)",,"",0,"failure",80,9,,,
"Legs/ lower","Nov 2, 2025, 7:08 PM","Nov 2, 2025, 8:01 PM","","Hip Adduction (Machine)",,"",1,"failure",95,9,,,
"Legs/ lower","Nov 2, 2025, 7:08 PM","Nov 2, 2025, 8:01 PM","","Hip Adduction (Machine)",,"",2,"failure",110,6,,,
"Legs/ lower","Nov 2, 2025, 7:08 PM","Nov 2, 2025, 8:01 PM","","Hip Abduction (Machine)",,"",0,"failure",110,11,,,
"Legs/ lower","Nov 2, 2025, 7:08 PM","Nov 2, 2025, 8:01 PM","","Hip Abduction (Machine)",,"",1,"failure",120,15,,,
"Legs/ lower","Nov 2, 2025, 7:08 PM","Nov 2, 2025, 8:01 PM","","Hip Abduction (Machine)",,"",2,"failure",130,11,,,
"Legs/ lower","Nov 2, 2025, 7:08 PM","Nov 2, 2025, 8:01 PM","","Calf Press (Machine)",,"",0,"failure",180,11,,,
"Legs/ lower","Nov 2, 2025, 7:08 PM","Nov 2, 2025, 8:01 PM","","Calf Press (Machine)",,"",1,"failure",230,7,,,
"Upper","Nov 1, 2025, 8:48 PM","Nov 1, 2025, 9:58 PM","","Seated Row (Machine)",,"",0,"failure",120,10,,,
"Upper","Nov 1, 2025, 8:48 PM","Nov 1, 2025, 9:58 PM","","Seated Row (Machine)",,"",1,"failure",130,7,,,
"Upper","Nov 1, 2025, 8:48 PM","Nov 1, 2025, 9:58 PM","","Seated Row (Machine)",,"",2,"failure",140,3,,,
"Upper","Nov 1, 2025, 8:48 PM","Nov 1, 2025, 9:58 PM","","Shoulder Press (Dumbbell)",,"",0,"failure",35,7,,,
"Upper","Nov 1, 2025, 8:48 PM","Nov 1, 2025, 9:58 PM","","Shoulder Press (Dumbbell)",,"",1,"failure",35,6,,,
"Upper","Nov 1, 2025, 8:48 PM","Nov 1, 2025, 9:58 PM","","Triceps Pushdown",,"",0,"warmup",40,10,,,
"Upper","Nov 1, 2025, 8:48 PM","Nov 1, 2025, 9:58 PM","","Triceps Pushdown",,"",1,"failure",50,9,,,
"Upper","Nov 1, 2025, 8:48 PM","Nov 1, 2025, 9:58 PM","","Triceps Pushdown",,"",2,"failure",50,7,,,
"Upper","Nov 1, 2025, 8:48 PM","Nov 1, 2025, 9:58 PM","","Chest Press (Machine)",,"",0,"failure",100,8,,,
"Upper","Nov 1, 2025, 8:48 PM","Nov 1, 2025, 9:58 PM","","Chest Press (Machine)",,"",1,"failure",130,5,,,
"Upper","Nov 1, 2025, 8:48 PM","Nov 1, 2025, 9:58 PM","","Bicep Curl (Cable)",,"",0,"warmup",40,10,,,
"Upper","Nov 1, 2025, 8:48 PM","Nov 1, 2025, 9:58 PM","","Bicep Curl (Cable)",,"",1,"failure",50,8,,,
"Upper","Nov 1, 2025, 8:48 PM","Nov 1, 2025, 9:58 PM","","Bicep Curl (Cable)",,"",2,"failure",50,3,,,
"Legs/ lower","Oct 30, 2025, 3:32 PM","Oct 30, 2025, 4:28 PM","","Squat (Barbell)",,"",0,"failure",114,5,,,
"Legs/ lower","Oct 30, 2025, 3:32 PM","Oct 30, 2025, 4:28 PM","","Squat (Barbell)",,"",1,"failure",120,5,,,
"Legs/ lower","Oct 30, 2025, 3:32 PM","Oct 30, 2025, 4:28 PM","","Squat (Barbell)",,"",2,"failure",109,10,,,
"Legs/ lower","Oct 30, 2025, 3:32 PM","Oct 30, 2025, 4:28 PM","","Seated Leg Curl (Machine)",,"",0,"warmup",115,9,,,
"Legs/ lower","Oct 30, 2025, 3:32 PM","Oct 30, 2025, 4:28 PM","","Seated Leg Curl (Machine)",,"",1,"failure",125,5,,,
"Legs/ lower","Oct 30, 2025, 3:32 PM","Oct 30, 2025, 4:28 PM","","Seated Leg Curl (Machine)",,"",2,"failure",100,5,,,
"Legs/ lower","Oct 30, 2025, 3:32 PM","Oct 30, 2025, 4:28 PM","","Romanian Deadlift (Barbell)",,"",0,"failure",144,7,,,
"Legs/ lower","Oct 30, 2025, 3:32 PM","Oct 30, 2025, 4:28 PM","","Romanian Deadlift (Barbell)",,"",1,"failure",164,7,,,
"Legs/ lower","Oct 30, 2025, 3:32 PM","Oct 30, 2025, 4:28 PM","","Seated Calf Raise",,"",0,"failure",70,8,,,
"Legs/ lower","Oct 30, 2025, 3:32 PM","Oct 30, 2025, 4:28 PM","","Seated Calf Raise",,"",1,"failure",70,10,,,
"Legs/ lower","Oct 30, 2025, 3:32 PM","Oct 30, 2025, 4:28 PM","","Seated Calf Raise",,"",2,"failure",70,6,,,
"Legs/ lower","Oct 30, 2025, 3:32 PM","Oct 30, 2025, 4:28 PM","","Hip Adduction (Machine)",,"",0,"failure",80,7,,,
"Legs/ lower","Oct 30, 2025, 3:32 PM","Oct 30, 2025, 4:28 PM","","Hip Adduction (Machine)",,"",1,"failure",80,8,,,
"Legs/ lower","Oct 30, 2025, 3:32 PM","Oct 30, 2025, 4:28 PM","","Hip Abduction (Machine)",,"",0,"failure",100,14,,,
"Legs/ lower","Oct 30, 2025, 3:32 PM","Oct 30, 2025, 4:28 PM","","Hip Abduction (Machine)",,"",1,"failure",100,10,,,
"PPL (Push)","Oct 29, 2025, 7:59 PM","Oct 29, 2025, 9:05 PM","","Butterfly (Pec Deck)",,"",0,"failure",110,5,,,
"PPL (Push)","Oct 29, 2025, 7:59 PM","Oct 29, 2025, 9:05 PM","","Butterfly (Pec Deck)",,"",1,"failure",90,6,,,
"PPL (Push)","Oct 29, 2025, 7:59 PM","Oct 29, 2025, 9:05 PM","","Lateral Raise (Dumbbell)",,"",0,"failure",20,8,,,
"PPL (Push)","Oct 29, 2025, 7:59 PM","Oct 29, 2025, 9:05 PM","","Lateral Raise (Dumbbell)",,"",1,"failure",17.5,8,,,
"PPL (Push)","Oct 29, 2025, 7:59 PM","Oct 29, 2025, 9:05 PM","","Lateral Raise (Machine)",,"",0,"failure",,7,,,
"PPL (Push)","Oct 29, 2025, 7:59 PM","Oct 29, 2025, 9:05 PM","","Chest Press (Machine)",,"",0,"failure",120,7,,,
"PPL (Push)","Oct 29, 2025, 7:59 PM","Oct 29, 2025, 9:05 PM","","Chest Press (Machine)",,"",1,"failure",110,10,,,
"PPL (Push)","Oct 29, 2025, 7:59 PM","Oct 29, 2025, 9:05 PM","","Triceps Pushdown",,"",0,"failure",55,7,,,
"PPL (Push)","Oct 29, 2025, 7:59 PM","Oct 29, 2025, 9:05 PM","","Triceps Pushdown",,"",1,"failure",55,5,,,
"PPL (Push)","Oct 29, 2025, 7:59 PM","Oct 29, 2025, 9:05 PM","","Triceps Pushdown",,"",2,"failure",49,5,,,
"PPL (Push)","Oct 29, 2025, 7:59 PM","Oct 29, 2025, 9:05 PM","","Triceps Extension (Machine)",,"",0,"warmup",50,8,,,
"PPL (Push)","Oct 29, 2025, 7:59 PM","Oct 29, 2025, 9:05 PM","","Crunch (Machine)",,"",0,"failure",80,14,,,
"PPL (Push)","Oct 29, 2025, 7:59 PM","Oct 29, 2025, 9:05 PM","","Crunch (Machine)",,"",1,"failure",90,8,,,
"PPL (Push)","Oct 29, 2025, 7:59 PM","Oct 29, 2025, 9:05 PM","","Deltoid Raise",,"",0,"failure",60,7,,,
"PPL (Push)","Oct 29, 2025, 7:59 PM","Oct 29, 2025, 9:05 PM","","Deltoid Raise",,"",1,"failure",60,6,,,
"PPL - (Pull)","Oct 28, 2025, 11:57 AM","Oct 28, 2025, 12:31 PM","","Lat Pulldown (Cable)",,"",0,"failure",131,10,,,
"PPL - (Pull)","Oct 28, 2025, 11:57 AM","Oct 28, 2025, 12:31 PM","","Seated Row (Machine)",,"",0,"failure",110,11,,,
"PPL - (Pull)","Oct 28, 2025, 11:57 AM","Oct 28, 2025, 12:31 PM","","Seated Row (Machine)",,"",1,"failure",120,8,,,
"PPL - (Pull)","Oct 28, 2025, 11:57 AM","Oct 28, 2025, 12:31 PM","","Lat Pulldown (Machine)",,"",0,"warmup",110,8,,,
"PPL - (Pull)","Oct 28, 2025, 11:57 AM","Oct 28, 2025, 12:31 PM","","Crunch (Machine)",,"",0,"failure",80,10,,,
"PPL - (Pull)","Oct 28, 2025, 11:57 AM","Oct 28, 2025, 12:31 PM","","Crunch (Machine)",,"",1,"failure",85,8,,,
"PPL - (Pull)","Oct 28, 2025, 11:57 AM","Oct 28, 2025, 12:31 PM","","Bicep Curl (Dumbbell)",,"Seated",0,"failure",30,5,,,
"Legs/ lower","Oct 27, 2025, 2:21 PM","Oct 27, 2025, 3:22 PM","","Squat (Barbell)",,"",0,"warmup",114,8,,,
"Legs/ lower","Oct 27, 2025, 2:21 PM","Oct 27, 2025, 3:22 PM","","Squat (Barbell)",,"",1,"failure",134,3,,,
"Legs/ lower","Oct 27, 2025, 2:21 PM","Oct 27, 2025, 3:22 PM","","Leg Extension (Machine)",,"",0,"warmup",155,8,,,
"Legs/ lower","Oct 27, 2025, 2:21 PM","Oct 27, 2025, 3:22 PM","","Leg Extension (Machine)",,"",1,"failure",170,6,,,
"Legs/ lower","Oct 27, 2025, 2:21 PM","Oct 27, 2025, 3:22 PM","","Seated Leg Curl (Machine)",,"",0,"warmup",90,5,,,
"Legs/ lower","Oct 27, 2025, 2:21 PM","Oct 27, 2025, 3:22 PM","","Seated Leg Curl (Machine)",,"",1,"failure",115,8,,,
"Legs/ lower","Oct 27, 2025, 2:21 PM","Oct 27, 2025, 3:22 PM","","Seated Leg Curl (Machine)",,"",2,"failure",120,4,,,
"Legs/ lower","Oct 27, 2025, 2:21 PM","Oct 27, 2025, 3:22 PM","","Romanian Deadlift (Barbell)",,"",0,"warmup",114,5,,,
"Legs/ lower","Oct 27, 2025, 2:21 PM","Oct 27, 2025, 3:22 PM","","Romanian Deadlift (Barbell)",,"",1,"failure",184,5,,,
"Legs/ lower","Oct 27, 2025, 2:21 PM","Oct 27, 2025, 3:22 PM","","Romanian Deadlift (Barbell)",,"",2,"failure",164,7,,,
"Legs/ lower","Oct 27, 2025, 2:21 PM","Oct 27, 2025, 3:22 PM","","Standing Calf Raise (Machine)",,"",0,"warmup",100,8,,,
"Legs/ lower","Oct 27, 2025, 2:21 PM","Oct 27, 2025, 3:22 PM","","Standing Calf Raise (Machine)",,"",1,"failure",90,7,,,
"Legs/ lower","Oct 27, 2025, 2:21 PM","Oct 27, 2025, 3:22 PM","","Crunch (Machine)",,"",0,"failure",90,12,,,
"Legs/ lower","Oct 27, 2025, 2:21 PM","Oct 27, 2025, 3:22 PM","","Crunch (Machine)",,"",1,"failure",90,10,,,
"Legs/ lower","Oct 27, 2025, 2:21 PM","Oct 27, 2025, 3:22 PM","","Crunch (Machine)",,"",2,"failure",80,6,,,
"Legs/ lower","Oct 27, 2025, 2:21 PM","Oct 27, 2025, 3:22 PM","","Hip Adduction (Machine)",,"",0,"failure",70,4,,,
"Legs/ lower","Oct 27, 2025, 2:21 PM","Oct 27, 2025, 3:22 PM","","Hip Abduction (Machine)",,"",0,"failure",100,10,,,
"Legs/ lower","Oct 27, 2025, 2:21 PM","Oct 27, 2025, 3:22 PM","","Hip Abduction (Machine)",,"",1,"failure",100,8,,,
"Upper","Oct 25, 2025, 8:48 PM","Oct 25, 2025, 9:31 PM","","Bench Press (Dumbbell)",,"",0,"failure",35,10,,,
"Upper","Oct 25, 2025, 8:48 PM","Oct 25, 2025, 9:31 PM","","Bench Press (Dumbbell)",,"",1,"failure",35,8,,,
"Upper","Oct 25, 2025, 8:48 PM","Oct 25, 2025, 9:31 PM","","Seated Row (Machine)",,"",0,"warmup",100,6,,,
"Upper","Oct 25, 2025, 8:48 PM","Oct 25, 2025, 9:31 PM","","Seated Row (Machine)",,"",1,"failure",130,6,,,
"Upper","Oct 25, 2025, 8:48 PM","Oct 25, 2025, 9:31 PM","","Bicep Curl (Dumbbell)",,"",0,"failure",27.5,8,,,
"Upper","Oct 25, 2025, 8:48 PM","Oct 25, 2025, 9:31 PM","","Bicep Curl (Dumbbell)",,"",1,"failure",27.5,7,,,
"Upper","Oct 25, 2025, 8:48 PM","Oct 25, 2025, 9:31 PM","","Seated Shoulder Press (Machine)",,"",0,"warmup",90,9,,,
"Upper","Oct 25, 2025, 8:48 PM","Oct 25, 2025, 9:31 PM","","Seated Shoulder Press (Machine)",,"",1,"failure",100,5,,,
"Upper","Oct 25, 2025, 8:48 PM","Oct 25, 2025, 9:31 PM","","Seated Shoulder Press (Machine)",,"",2,"failure",90,5,,,
"Upper","Oct 25, 2025, 8:48 PM","Oct 25, 2025, 9:31 PM","","Triceps Extension (Machine)",,"",0,"warmup",40,8,,,
"Upper","Oct 25, 2025, 8:48 PM","Oct 25, 2025, 9:31 PM","","Triceps Extension (Machine)",,"",1,"failure",55,5,,,
"Legs/ lower","Oct 23, 2025, 1:54 PM","Oct 23, 2025, 2:28 PM","","Leg Extension (Machine)",,"",0,"failure",140,8,,,
"Legs/ lower","Oct 23, 2025, 1:54 PM","Oct 23, 2025, 2:28 PM","","Leg Extension (Machine)",,"",1,"failure",120,9,,,
"Legs/ lower","Oct 23, 2025, 1:54 PM","Oct 23, 2025, 2:28 PM","","Seated Leg Curl (Machine)",,"",0,"warmup",120,5,,,
"Legs/ lower","Oct 23, 2025, 1:54 PM","Oct 23, 2025, 2:28 PM","","Seated Leg Curl (Machine)",,"",1,"failure",110,8,,,
"Legs/ lower","Oct 23, 2025, 1:54 PM","Oct 23, 2025, 2:28 PM","","Leg Press (Machine)",,"",0,"failure",270,9,,,
"Legs/ lower","Oct 23, 2025, 1:54 PM","Oct 23, 2025, 2:28 PM","","Hip Adduction (Machine)",,"",0,"failure",95,11,,,
"Legs/ lower","Oct 23, 2025, 1:54 PM","Oct 23, 2025, 2:28 PM","","Hip Adduction (Machine)",,"",1,"failure",100,7,,,
"Legs/ lower","Oct 23, 2025, 1:54 PM","Oct 23, 2025, 2:28 PM","","Hip Abduction (Machine)",,"",0,"warmup",80,12,,,
"Legs/ lower","Oct 23, 2025, 1:54 PM","Oct 23, 2025, 2:28 PM","","Hip Abduction (Machine)",,"",1,"failure",130,7,,,
"Legs/ lower","Oct 23, 2025, 1:54 PM","Oct 23, 2025, 2:28 PM","","Calf Press (Machine)",,"",0,"failure",180,9,,,
"Legs/ lower","Oct 23, 2025, 1:54 PM","Oct 23, 2025, 2:28 PM","","Calf Press (Machine)",,"",1,"failure",180,7,,,
"PPL - (Pull)","Oct 22, 2025, 12:43 PM","Oct 22, 2025, 1:20 PM","","Seated Row (Machine)",,"",0,"warmup",110,8,,,
"PPL - (Pull)","Oct 22, 2025, 12:43 PM","Oct 22, 2025, 1:20 PM","","Preacher Curl (Barbell)",,"35 plate loaded",0,"failure",55,9,,,
"PPL - (Pull)","Oct 22, 2025, 12:43 PM","Oct 22, 2025, 1:20 PM","","Preacher Curl (Barbell)",,"35 plate loaded",1,"failure",60,5,,,
"PPL - (Pull)","Oct 22, 2025, 12:43 PM","Oct 22, 2025, 1:20 PM","","Crunch (Machine)",,"",0,"failure",90,11,,,
"PPL - (Pull)","Oct 22, 2025, 12:43 PM","Oct 22, 2025, 1:20 PM","","Crunch (Machine)",,"",1,"failure",90,12,,,
"PPL - (Pull)","Oct 22, 2025, 12:43 PM","Oct 22, 2025, 1:20 PM","","Lat Pulldown (Machine)",,"",0,"failure",140,9,,,
"PPL - (Pull)","Oct 22, 2025, 12:43 PM","Oct 22, 2025, 1:20 PM","","Lat Pulldown (Machine)",,"",1,"failure",155,6,,,
"PPL - (Pull)","Oct 22, 2025, 12:43 PM","Oct 22, 2025, 1:20 PM","","Bicep Curl (Dumbbell)",,"",0,"failure",27.5,10,,,
"PPL - (Pull)","Oct 22, 2025, 12:43 PM","Oct 22, 2025, 1:20 PM","","Bicep Curl (Dumbbell)",,"",1,"failure",27.5,10,,,
"PPL (Push)","Oct 20, 2025, 12:29 PM","Oct 20, 2025, 1:10 PM","","Butterfly (Pec Deck)",,"",0,"failure",100,7,,,
"PPL (Push)","Oct 20, 2025, 12:29 PM","Oct 20, 2025, 1:10 PM","","Butterfly (Pec Deck)",,"",1,"failure",105,5,,,
"PPL (Push)","Oct 20, 2025, 12:29 PM","Oct 20, 2025, 1:10 PM","","Lateral Raise (Dumbbell)",,"",0,"failure",17.5,8,,,
"PPL (Push)","Oct 20, 2025, 12:29 PM","Oct 20, 2025, 1:10 PM","","Lateral Raise (Dumbbell)",,"",1,"failure",17.5,8,,,
"PPL (Push)","Oct 20, 2025, 12:29 PM","Oct 20, 2025, 1:10 PM","","Seated Shoulder Press (Machine)",,"",0,"warmup",90,12,,,
"PPL (Push)","Oct 20, 2025, 12:29 PM","Oct 20, 2025, 1:10 PM","","Seated Shoulder Press (Machine)",,"",1,"failure",115,5,,,
"PPL (Push)","Oct 20, 2025, 12:29 PM","Oct 20, 2025, 1:10 PM","","Crunch (Machine)",,"",0,"failure",90,10,,,
"PPL (Push)","Oct 20, 2025, 12:29 PM","Oct 20, 2025, 1:10 PM","","Crunch (Machine)",,"",1,"failure",80,12,,,
"PPL (Push)","Oct 20, 2025, 12:29 PM","Oct 20, 2025, 1:10 PM","","Triceps Pushdown",,"",0,"failure",49.5,8,,,
"PPL (Push)","Oct 20, 2025, 12:29 PM","Oct 20, 2025, 1:10 PM","","Triceps Pushdown",,"",1,"failure",49.5,5,,,
"PPL (Push)","Oct 20, 2025, 12:29 PM","Oct 20, 2025, 1:10 PM","","Bench Press (Dumbbell)",,"",0,"failure",40,5,,,
"Legs/ lower","Oct 18, 2025, 4:17 PM","Oct 18, 2025, 5:08 PM","","Leg Extension (Machine)",,"",0,"failure",150,5,,,
"Legs/ lower","Oct 18, 2025, 4:17 PM","Oct 18, 2025, 5:08 PM","","Leg Extension (Machine)",,"",1,"failure",150,8,,,
"Legs/ lower","Oct 18, 2025, 4:17 PM","Oct 18, 2025, 5:08 PM","","Seated Leg Curl (Machine)",,"",0,"failure",115,9,,,
"Legs/ lower","Oct 18, 2025, 4:17 PM","Oct 18, 2025, 5:08 PM","","Seated Leg Curl (Machine)",,"",1,"failure",120,4,,,
"Legs/ lower","Oct 18, 2025, 4:17 PM","Oct 18, 2025, 5:08 PM","","Leg Press (Machine)",,"",0,"warmup",180,8,,,
"Legs/ lower","Oct 18, 2025, 4:17 PM","Oct 18, 2025, 5:08 PM","","Leg Press (Machine)",,"",1,"failure",270,8,,,
"Legs/ lower","Oct 18, 2025, 4:17 PM","Oct 18, 2025, 5:08 PM","","Leg Press (Machine)",,"",2,"failure",320,5,,,
"Legs/ lower","Oct 18, 2025, 4:17 PM","Oct 18, 2025, 5:08 PM","","Calf Press (Machine)",,"",0,"failure",180,8,,,
"Legs/ lower","Oct 18, 2025, 4:17 PM","Oct 18, 2025, 5:08 PM","","Calf Press (Machine)",,"",1,"failure",180,7,,,
"Upper","Oct 17, 2025, 7:40 PM","Oct 17, 2025, 8:42 PM","","Seated Row (Machine)",,"",0,"warmup",120,6,,,
"Upper","Oct 17, 2025, 7:40 PM","Oct 17, 2025, 8:42 PM","","Seated Row (Machine)",,"",1,"failure",110,10,,,
"Upper","Oct 17, 2025, 7:40 PM","Oct 17, 2025, 8:42 PM","","Butterfly (Pec Deck)",,"",0,"warmup",100,6,,,
"Upper","Oct 17, 2025, 7:40 PM","Oct 17, 2025, 8:42 PM","","Butterfly (Pec Deck)",,"",1,"failure",120,5,,,
"Upper","Oct 17, 2025, 7:40 PM","Oct 17, 2025, 8:42 PM","","Bicep Curl (Cable)",,"",0,"warmup",30,8,,,
"Upper","Oct 17, 2025, 7:40 PM","Oct 17, 2025, 8:42 PM","","Bicep Curl (Cable)",,"",1,"failure",40,8,,,
"Upper","Oct 17, 2025, 7:40 PM","Oct 17, 2025, 8:42 PM","","Triceps Pushdown",,"",0,"failure",40,8,,,
"Upper","Oct 17, 2025, 7:40 PM","Oct 17, 2025, 8:42 PM","","Triceps Pushdown",,"",1,"failure",50,11,,,
"Upper","Oct 17, 2025, 7:40 PM","Oct 17, 2025, 8:42 PM","","Crunch (Machine)",,"",0,"warmup",90,8,,,
"Upper","Oct 17, 2025, 7:40 PM","Oct 17, 2025, 8:42 PM","","Crunch (Machine)",,"",1,"failure",80,8,,,
"Upper","Oct 17, 2025, 7:40 PM","Oct 17, 2025, 8:42 PM","","Seated Shoulder Press (Machine)",,"",0,"warmup",90,7,,,
"Upper","Oct 17, 2025, 7:40 PM","Oct 17, 2025, 8:42 PM","","Seated Shoulder Press (Machine)",,"",1,"failure",100,5,,,
"Upper","Oct 7, 2025, 6:26 PM","Oct 7, 2025, 7:15 PM","","Seated Row (Machine)",,"",0,"failure",120,8,,,
"Upper","Oct 7, 2025, 6:26 PM","Oct 7, 2025, 7:15 PM","","Seated Row (Machine)",,"",1,"failure",125,0,,,
"Upper","Oct 7, 2025, 6:26 PM","Oct 7, 2025, 7:15 PM","","Seated Shoulder Press (Machine)",,"",0,"warmup",90,8,,,
"Upper","Oct 7, 2025, 6:26 PM","Oct 7, 2025, 7:15 PM","","Seated Shoulder Press (Machine)",,"",1,"failure",100,5,,,
"Upper","Oct 7, 2025, 6:26 PM","Oct 7, 2025, 7:15 PM","","Butterfly (Pec Deck)",,"",0,"warmup",100,7,,,
"Upper","Oct 7, 2025, 6:26 PM","Oct 7, 2025, 7:15 PM","","Chest Press (Machine)",,"",0,"failure",120,4,,,
"Upper","Oct 7, 2025, 6:26 PM","Oct 7, 2025, 7:15 PM","","Chest Press (Machine)",,"",1,"failure",100,5,,,
"Upper","Oct 7, 2025, 6:26 PM","Oct 7, 2025, 7:15 PM","","Triceps Pushdown",,"",0,"failure",45,9,,,
"Upper","Oct 7, 2025, 6:26 PM","Oct 7, 2025, 7:15 PM","","Triceps Pushdown",,"",1,"failure",50,5,,,
"Upper","Oct 7, 2025, 6:26 PM","Oct 7, 2025, 7:15 PM","","Bicep Curl (Cable)",,"",0,"failure",35,5,,,
"Upper","Oct 7, 2025, 6:26 PM","Oct 7, 2025, 7:15 PM","","Bicep Curl (Cable)",,"",1,"failure",35,5,,,
"Upper","Oct 7, 2025, 6:26 PM","Oct 7, 2025, 7:15 PM","","Lateral Raise (Dumbbell)",,"",0,"failure",17.5,5,,,
"Upper","Oct 7, 2025, 6:26 PM","Oct 7, 2025, 7:15 PM","","Crunch (Machine)",,"",0,"warmup",100,10,,,
"Legs/ lower","Oct 6, 2025, 2:43 PM","Oct 6, 2025, 2:58 PM","","Leg Press (Machine)",,"",0,"warmup",230,8,,,
"Legs/ lower","Oct 6, 2025, 2:43 PM","Oct 6, 2025, 2:58 PM","","Leg Press (Machine)",,"",1,"failure",280,5,,,
"Legs/ lower","Oct 6, 2025, 2:43 PM","Oct 6, 2025, 2:58 PM","","Calf Press (Machine)",,"",0,"failure",180,8,,,
"PPL (Push)","Oct 5, 2025, 4:52 PM","Oct 5, 2025, 5:19 PM","","Butterfly (Pec Deck)",,"",0,"warmup",100,8,,,
"PPL (Push)","Oct 5, 2025, 4:52 PM","Oct 5, 2025, 5:19 PM","","Butterfly (Pec Deck)",,"",1,"failure",120,5,,,
"PPL (Push)","Oct 5, 2025, 4:52 PM","Oct 5, 2025, 5:19 PM","","Lateral Raise (Dumbbell)",,"",0,"failure",17.5,6,,,
"PPL (Push)","Oct 5, 2025, 4:52 PM","Oct 5, 2025, 5:19 PM","","Shoulder Press (Machine Plates)",,"",0,"warmup",90,5,,,
"PPL (Push)","Oct 5, 2025, 4:52 PM","Oct 5, 2025, 5:19 PM","","Shoulder Press (Machine Plates)",,"",1,"failure",80,3,,,
"PPL (Push)","Oct 5, 2025, 4:52 PM","Oct 5, 2025, 5:19 PM","","Triceps Pushdown",,"",0,"failure",45,10,,,
"PPL (Push)","Oct 5, 2025, 4:52 PM","Oct 5, 2025, 5:19 PM","","Triceps Pushdown",,"",1,"failure",45,6,,,
"PPL (Push)","Oct 5, 2025, 4:52 PM","Oct 5, 2025, 5:19 PM","","Chest Press (Machine)",,"",0,"warmup",90,11,,,
"PPL - (Pull)","Oct 2, 2025, 5:58 PM","Oct 2, 2025, 6:59 PM","","T Bar Row",,"",0,"warmup",55,8,,,
"PPL - (Pull)","Oct 2, 2025, 5:58 PM","Oct 2, 2025, 6:59 PM","","T Bar Row",,"",1,"failure",75,7,,,
"PPL - (Pull)","Oct 2, 2025, 5:58 PM","Oct 2, 2025, 6:59 PM","","Seated Row (Machine)",,"",0,"failure",120,5,,,
"PPL - (Pull)","Oct 2, 2025, 5:58 PM","Oct 2, 2025, 6:59 PM","","Seated Row (Machine)",,"",1,"failure",110,7,,,
"PPL - (Pull)","Oct 2, 2025, 5:58 PM","Oct 2, 2025, 6:59 PM","","Crunch (Machine)",,"",0,"warmup",100,20,,,
"PPL - (Pull)","Oct 2, 2025, 5:58 PM","Oct 2, 2025, 6:59 PM","","Crunch (Machine)",,"",1,"failure",100,8,,,
"PPL - (Pull)","Oct 2, 2025, 5:58 PM","Oct 2, 2025, 6:59 PM","","Bicep Curl (Dumbbell)",,"",0,"failure",30,7,,,
"PPL - (Pull)","Oct 2, 2025, 5:58 PM","Oct 2, 2025, 6:59 PM","","Bicep Curl (Dumbbell)",,"",1,"failure",25,13,,,
"Legs/ lower","Oct 1, 2025, 1:40 PM","Oct 1, 2025, 2:18 PM","","Romanian Deadlift (Barbell)",,"",0,"warmup",94,8,,,
"Legs/ lower","Oct 1, 2025, 1:40 PM","Oct 1, 2025, 2:18 PM","","Romanian Deadlift (Barbell)",,"",1,"failure",144,6,,,
"Legs/ lower","Oct 1, 2025, 1:40 PM","Oct 1, 2025, 2:18 PM","","Leg Press (Machine)",,"",0,"warmup",270,8,,,
"Legs/ lower","Oct 1, 2025, 1:40 PM","Oct 1, 2025, 2:18 PM","","Leg Press (Machine)",,"",1,"failure",340,4,,,
"Legs/ lower","Oct 1, 2025, 1:40 PM","Oct 1, 2025, 2:18 PM","","Leg Press (Machine)",,"",2,"failure",270,8,,,
"Legs/ lower","Oct 1, 2025, 1:40 PM","Oct 1, 2025, 2:18 PM","","Calf Press (Machine)",,"",0,"failure",180,10,,,
"Legs/ lower","Oct 1, 2025, 1:40 PM","Oct 1, 2025, 2:18 PM","","Calf Press (Machine)",,"",1,"failure",180,8,,,
"Upper","Sep 28, 2025, 6:57 PM","Sep 28, 2025, 7:32 PM","","Seated Shoulder Press (Machine)",,"",0,"warmup",90,9,,,
"Upper","Sep 28, 2025, 6:57 PM","Sep 28, 2025, 7:32 PM","","Butterfly (Pec Deck)",,"",0,"warmup",100,8,,,
"Upper","Sep 28, 2025, 6:57 PM","Sep 28, 2025, 7:32 PM","","Seated Row (Machine)",,"",0,"warmup",120,7,,,
"Upper","Sep 28, 2025, 6:57 PM","Sep 28, 2025, 7:32 PM","","Shoulder Press (Dumbbell)",,"",0,"failure",35,6,,,
"Upper","Sep 28, 2025, 6:57 PM","Sep 28, 2025, 7:32 PM","","Overhead Triceps Extension (Cable)",,"",0,"failure",35,7,,,
"Upper","Sep 28, 2025, 6:57 PM","Sep 28, 2025, 7:32 PM","","Triceps Pushdown",,"",0,"failure",45,7,,,
"Upper","Sep 28, 2025, 6:57 PM","Sep 28, 2025, 7:32 PM","","Triceps Pushdown",,"",1,"failure",45,8,,,
"Upper","Sep 28, 2025, 6:57 PM","Sep 28, 2025, 7:32 PM","","Bicep Curl (Cable)",,"",0,"failure",17.5,10,,,
"PPL - (Pull)","Sep 22, 2025, 2:41 PM","Sep 22, 2025, 3:21 PM","","Lat Pulldown (Cable)",,"",0,"warmup",121,8,,,
"PPL - (Pull)","Sep 22, 2025, 2:41 PM","Sep 22, 2025, 3:21 PM","","Lat Pulldown (Cable)",,"",1,"failure",143,6,,,
"PPL - (Pull)","Sep 22, 2025, 2:41 PM","Sep 22, 2025, 3:21 PM","","Lat Pulldown (Cable)",,"",2,"failure",136,5,,,
"PPL - (Pull)","Sep 22, 2025, 2:41 PM","Sep 22, 2025, 3:21 PM","","Seated Row (Machine)",,"",0,"failure",130,6,,,
"PPL - (Pull)","Sep 22, 2025, 2:41 PM","Sep 22, 2025, 3:21 PM","","Seated Row (Machine)",,"",1,"failure",110,8,,,
"PPL - (Pull)","Sep 22, 2025, 2:41 PM","Sep 22, 2025, 3:21 PM","","Bicep Curl (Cable)",,"",0,"failure",35,10,,,
"PPL - (Pull)","Sep 22, 2025, 2:41 PM","Sep 22, 2025, 3:21 PM","","Bicep Curl (Dumbbell)",,"",0,"warmup",27.5,8,,,
"PPL - (Pull)","Sep 22, 2025, 2:41 PM","Sep 22, 2025, 3:21 PM","","Bicep Curl (Dumbbell)",,"",1,"failure",25,8,,,
"Evening workout 🏋️","Sep 18, 2025, 8:12 PM","Sep 18, 2025, 8:58 PM","","Treadmill",,"",0,"normal",,,1.5,1200,
"Evening workout 🏋️","Sep 18, 2025, 8:12 PM","Sep 18, 2025, 8:58 PM","","Crunch (Machine)",,"",0,"warmup",80,9,,,
"Evening workout 🏋️","Sep 18, 2025, 8:12 PM","Sep 18, 2025, 8:58 PM","","Crunch (Machine)",,"",1,"failure",100,10,,,
"PPL (Push)","Sep 18, 2025, 3:34 PM","Sep 18, 2025, 4:10 PM","","Butterfly (Pec Deck)",,"",0,"failure",90,5,,,
"PPL (Push)","Sep 18, 2025, 3:34 PM","Sep 18, 2025, 4:10 PM","","Butterfly (Pec Deck)",,"",1,"failure",80,0,,,
"PPL (Push)","Sep 18, 2025, 3:34 PM","Sep 18, 2025, 4:10 PM","","Chest Press (Machine)",,"",0,"warmup",90,8,,,
"PPL (Push)","Sep 18, 2025, 3:34 PM","Sep 18, 2025, 4:10 PM","","Chest Press (Machine)",,"",1,"failure",110,10,,,
"PPL (Push)","Sep 18, 2025, 3:34 PM","Sep 18, 2025, 4:10 PM","","Deltoid Raise",,"",0,"warmup",60,8,,,
"PPL (Push)","Sep 18, 2025, 3:34 PM","Sep 18, 2025, 4:10 PM","","Deltoid Raise",,"",1,"dropset",70,9,,,
"PPL (Push)","Sep 18, 2025, 3:34 PM","Sep 18, 2025, 4:10 PM","","Triceps Pushdown",,"",0,"failure",55,6,,,
"PPL (Push)","Sep 18, 2025, 3:34 PM","Sep 18, 2025, 4:10 PM","","Triceps Pushdown",,"",1,"failure",49,8,,,
"PPL (Push)","Sep 18, 2025, 3:34 PM","Sep 18, 2025, 4:10 PM","","Triceps Pushdown",,"",2,"failure",44,8,,,
"PPL (Push)","Sep 18, 2025, 3:34 PM","Sep 18, 2025, 4:10 PM","","Seated Shoulder Press (Machine)",,"",0,"failure",70,5,,,
"PPL (Push)","Sep 18, 2025, 3:34 PM","Sep 18, 2025, 4:10 PM","","Seated Shoulder Press (Machine)",,"",1,"dropset",50,3,,,
"Legs/ lower","Sep 17, 2025, 3:50 PM","Sep 17, 2025, 4:22 PM","","Leg Extension (Machine)",,"",0,"warmup",160,10,,,
"Legs/ lower","Sep 17, 2025, 3:50 PM","Sep 17, 2025, 4:22 PM","","Leg Extension (Machine)",,"",1,"failure",180,7,,,
"Legs/ lower","Sep 17, 2025, 3:50 PM","Sep 17, 2025, 4:22 PM","","Seated Leg Curl (Machine)",,"",0,"failure",110,9,,,
"Legs/ lower","Sep 17, 2025, 3:50 PM","Sep 17, 2025, 4:22 PM","","Seated Leg Curl (Machine)",,"",1,"failure",100,8,,,
"Legs/ lower","Sep 17, 2025, 3:50 PM","Sep 17, 2025, 4:22 PM","","Seated Calf Raise",,"",0,"failure",70,8,,,
"Legs/ lower","Sep 17, 2025, 3:50 PM","Sep 17, 2025, 4:22 PM","","Leg Press (Machine)",,"",0,"failure",270,7,,,
"Legs/ lower","Sep 17, 2025, 3:50 PM","Sep 17, 2025, 4:22 PM","","Leg Press (Machine)",,"",1,"failure",320,9,,,
"Legs/ lower","Sep 17, 2025, 3:50 PM","Sep 17, 2025, 4:22 PM","","Calf Press (Machine)",,"",0,"failure",270,8,,,
"Legs/ lower","Sep 17, 2025, 3:50 PM","Sep 17, 2025, 4:22 PM","","Calf Press (Machine)",,"",1,"failure",180,10,,,
"Upper","Sep 15, 2025, 3:07 PM","Sep 15, 2025, 3:46 PM","","Seated Row (Machine)",,"",0,"failure",130,5,,,
"Upper","Sep 15, 2025, 3:07 PM","Sep 15, 2025, 3:46 PM","","Seated Row (Machine)",,"",1,"failure",110,6,,,
"Upper","Sep 15, 2025, 3:07 PM","Sep 15, 2025, 3:46 PM","","Lateral Raise (Dumbbell)",,"",0,"warmup",15,8,,,
"Upper","Sep 15, 2025, 3:07 PM","Sep 15, 2025, 3:46 PM","","Lateral Raise (Dumbbell)",,"",1,"failure",17.5,8,,,
"Upper","Sep 15, 2025, 3:07 PM","Sep 15, 2025, 3:46 PM","","Chest Press (Machine)",,"",0,"warmup",85,8,,,
"Upper","Sep 15, 2025, 3:07 PM","Sep 15, 2025, 3:46 PM","","Chest Press (Machine)",,"",1,"failure",120,5,,,
"Upper","Sep 15, 2025, 3:07 PM","Sep 15, 2025, 3:46 PM","","Chest Press (Machine)",,"",2,"failure",100,9,,,
"Upper","Sep 15, 2025, 3:07 PM","Sep 15, 2025, 3:46 PM","","Triceps Pushdown",,"",0,"failure",45,8,,,
"Upper","Sep 15, 2025, 3:07 PM","Sep 15, 2025, 3:46 PM","","Triceps Pushdown",,"",1,"failure",50,7,,,
"Upper","Sep 15, 2025, 3:07 PM","Sep 15, 2025, 3:46 PM","","Bicep Curl (Cable)",,"",0,"failure",35,7,,,
"Upper","Sep 15, 2025, 3:07 PM","Sep 15, 2025, 3:46 PM","","Bicep Curl (Cable)",,"",1,"failure",40,7,,,
"Legs/ lower","Sep 14, 2025, 1:43 AM","Sep 14, 2025, 2:11 AM","","Squat (Barbell)",,"",0,"failure",114,10,,,
"Legs/ lower","Sep 14, 2025, 1:43 AM","Sep 14, 2025, 2:11 AM","","Squat (Barbell)",,"",1,"failure",134,4,,,
"Legs/ lower","Sep 14, 2025, 1:43 AM","Sep 14, 2025, 2:11 AM","","Leg Extension (Machine)",,"",0,"failure",160,10,,,
"Legs/ lower","Sep 14, 2025, 1:43 AM","Sep 14, 2025, 2:11 AM","","Seated Leg Curl (Machine)",,"",0,"failure",100,11,,,
"Legs/ lower","Sep 14, 2025, 1:43 AM","Sep 14, 2025, 2:11 AM","","Romanian Deadlift (Barbell)",,"",0,"normal",114,4,,,
"Legs/ lower","Sep 14, 2025, 1:43 AM","Sep 14, 2025, 2:11 AM","","Lying Leg Curl (Machine)",,"",0,"failure",80,6,,,
"PPL - (Pull)","Sep 11, 2025, 6:57 PM","Sep 11, 2025, 8:09 PM","","T Bar Row",,"",0,"failure",75,7,,,
"PPL - (Pull)","Sep 11, 2025, 6:57 PM","Sep 11, 2025, 8:09 PM","","T Bar Row",,"",1,"failure",55,5,,,
"PPL - (Pull)","Sep 11, 2025, 6:57 PM","Sep 11, 2025, 8:09 PM","","Seated Row (Machine)",,"Lest set lat bias",0,"warmup",110,7,,,
"PPL - (Pull)","Sep 11, 2025, 6:57 PM","Sep 11, 2025, 8:09 PM","","Seated Row (Machine)",,"Lest set lat bias",1,"failure",125,7,,,
"PPL - (Pull)","Sep 11, 2025, 6:57 PM","Sep 11, 2025, 8:09 PM","","Seated Row (Machine)",,"Lest set lat bias",2,"warmup",100,8,,,
"PPL - (Pull)","Sep 11, 2025, 6:57 PM","Sep 11, 2025, 8:09 PM","","Bicep Curl (Dumbbell)",,"",0,"warmup",25,10,,,
"PPL - (Pull)","Sep 11, 2025, 6:57 PM","Sep 11, 2025, 8:09 PM","","Knee Raise Parallel Bars",,"",0,"failure",,24,,,
"PPL - (Pull)","Sep 11, 2025, 6:57 PM","Sep 11, 2025, 8:09 PM","","Seated Incline Curl (Dumbbell)",,"",0,"failure",25,8,,,
"PPL - (Pull)","Sep 11, 2025, 6:57 PM","Sep 11, 2025, 8:09 PM","","Seated Incline Curl (Dumbbell)",,"",1,"failure",22.5,8,,,
"PPL (Push)","Sep 10, 2025, 6:03 PM","Sep 10, 2025, 7:18 PM","","Butterfly (Pec Deck)",,"",0,"warmup",100,8,,,
"PPL (Push)","Sep 10, 2025, 6:03 PM","Sep 10, 2025, 7:18 PM","","Butterfly (Pec Deck)",,"",1,"failure",105,5,,,
"PPL (Push)","Sep 10, 2025, 6:03 PM","Sep 10, 2025, 7:18 PM","","Seated Shoulder Press (Machine)",,"",0,"warmup",70,8,,,
"PPL (Push)","Sep 10, 2025, 6:03 PM","Sep 10, 2025, 7:18 PM","","Seated Shoulder Press (Machine)",,"",1,"failure",90,8,,,
"PPL (Push)","Sep 10, 2025, 6:03 PM","Sep 10, 2025, 7:18 PM","","Seated Shoulder Press (Machine)",,"",2,"failure",90,5,,,
"PPL (Push)","Sep 10, 2025, 6:03 PM","Sep 10, 2025, 7:18 PM","","Rear Delt Reverse Fly (Machine)",,"",0,"warmup",70,5,,,
"PPL (Push)","Sep 10, 2025, 6:03 PM","Sep 10, 2025, 7:18 PM","","Rear Delt Reverse Fly (Machine)",,"",1,"failure",70,5,,,
"PPL (Push)","Sep 10, 2025, 6:03 PM","Sep 10, 2025, 7:18 PM","","Rear Delt Reverse Fly (Machine)",,"",2,"failure",70,4,,,
"PPL (Push)","Sep 10, 2025, 6:03 PM","Sep 10, 2025, 7:18 PM","","Triceps Pushdown",,"",0,"warmup",40,9,,,
"Legs/ lower","Sep 9, 2025, 6:10 PM","Sep 9, 2025, 6:46 PM","","Leg Extension (Machine)",,"",0,"failure",160,9,,,
"Legs/ lower","Sep 9, 2025, 6:10 PM","Sep 9, 2025, 6:46 PM","","Leg Extension (Machine)",,"",1,"failure",170,7,,,
"Legs/ lower","Sep 9, 2025, 6:10 PM","Sep 9, 2025, 6:46 PM","","Leg Extension (Machine)",,"",2,"failure",160,6,,,
"Legs/ lower","Sep 9, 2025, 6:10 PM","Sep 9, 2025, 6:46 PM","","Seated Leg Curl (Machine)",,"",0,"warmup",90,8,,,
"Legs/ lower","Sep 9, 2025, 6:10 PM","Sep 9, 2025, 6:46 PM","","Seated Leg Curl (Machine)",,"",1,"failure",105,7,,,
"Legs/ lower","Sep 9, 2025, 6:10 PM","Sep 9, 2025, 6:46 PM","","Seated Leg Curl (Machine)",,"",2,"failure",90,8,,,
"Legs/ lower","Sep 9, 2025, 6:10 PM","Sep 9, 2025, 6:46 PM","","Standing Calf Raise (Machine)",,"",0,"warmup",90,6,,,
"Legs/ lower","Sep 9, 2025, 6:10 PM","Sep 9, 2025, 6:46 PM","","Standing Calf Raise (Machine)",,"",1,"warmup",85,8,,,
"Legs/ lower","Sep 9, 2025, 6:10 PM","Sep 9, 2025, 6:46 PM","","Treadmill",,"",0,"normal",,,,540,
"Evening workout 🏋️","Sep 5, 2025, 6:54 PM","Sep 5, 2025, 7:25 PM","","Butterfly (Pec Deck)",,"",0,"failure",80,9,,,
"Evening workout 🏋️","Sep 5, 2025, 6:54 PM","Sep 5, 2025, 7:25 PM","","Butterfly (Pec Deck)",,"",1,"failure",95,3,,,
"Evening workout 🏋️","Sep 5, 2025, 6:54 PM","Sep 5, 2025, 7:25 PM","","Bench Press (Dumbbell)",,"",0,"failure",40,4,,,
"Evening workout 🏋️","Sep 5, 2025, 6:54 PM","Sep 5, 2025, 7:25 PM","","Treadmill",,"",0,"normal",,,1.4,1500,
"Upper","Sep 5, 2025, 2:39 PM","Sep 5, 2025, 4:01 PM","","Seated Row (Machine)",,"",0,"warmup",120,9,,,
"Upper","Sep 5, 2025, 2:39 PM","Sep 5, 2025, 4:01 PM","","Seated Row (Machine)",,"",1,"failure",130,6,,,
"Upper","Sep 5, 2025, 2:39 PM","Sep 5, 2025, 4:01 PM","","Bicep Curl (Dumbbell)",,"",0,"warmup",27.5,8,,,
"Upper","Sep 5, 2025, 2:39 PM","Sep 5, 2025, 4:01 PM","","Preacher Curl (Barbell)",,"",0,"failure",60,5,,,
"Upper","Sep 5, 2025, 2:39 PM","Sep 5, 2025, 4:01 PM","","Preacher Curl (Barbell)",,"",1,"failure",50,3,,,
"Upper","Sep 5, 2025, 2:39 PM","Sep 5, 2025, 4:01 PM","","Triceps Pushdown",,"",0,"failure",45,9,,,
"Upper","Sep 5, 2025, 2:39 PM","Sep 5, 2025, 4:01 PM","","Seated Shoulder Press (Machine)",,"",0,"warmup",90,6,,,
"Upper","Sep 5, 2025, 2:39 PM","Sep 5, 2025, 4:01 PM","","Seated Shoulder Press (Machine)",,"",1,"failure",85,2,,,
"Upper","Sep 5, 2025, 2:39 PM","Sep 5, 2025, 4:01 PM","","Lat Pulldown (Cable)",,"",0,"failure",143,8,,,
"Upper","Sep 5, 2025, 2:39 PM","Sep 5, 2025, 4:01 PM","","Lat Pulldown (Cable)",,"",1,"failure",136,4,,,
"Upper","Sep 5, 2025, 2:39 PM","Sep 5, 2025, 4:01 PM","","Lateral Raise (Dumbbell)",,"",0,"failure",17.5,8,,,
"Upper","Sep 5, 2025, 2:39 PM","Sep 5, 2025, 4:01 PM","","Lateral Raise (Dumbbell)",,"",1,"normal",17.5,7,,,
"Legs/ lower","Sep 3, 2025, 5:52 PM","Sep 3, 2025, 6:59 PM","","Squat (Barbell)",,"",0,"warmup",94,8,,,
"Legs/ lower","Sep 3, 2025, 5:52 PM","Sep 3, 2025, 6:59 PM","","Squat (Barbell)",,"",1,"failure",114,5,,,
"Legs/ lower","Sep 3, 2025, 5:52 PM","Sep 3, 2025, 6:59 PM","","Squat (Barbell)",,"",2,"failure",104,6,,,
"Legs/ lower","Sep 3, 2025, 5:52 PM","Sep 3, 2025, 6:59 PM","","Seated Calf Raise",,"",0,"failure",45,12,,,
"Legs/ lower","Sep 3, 2025, 5:52 PM","Sep 3, 2025, 6:59 PM","","Seated Calf Raise",,"",1,"failure",45,9,,,
"Legs/ lower","Sep 3, 2025, 5:52 PM","Sep 3, 2025, 6:59 PM","","Seated Calf Raise",,"",2,"failure",45,8,,,
"Legs/ lower","Sep 3, 2025, 5:52 PM","Sep 3, 2025, 6:59 PM","","Romanian Deadlift (Barbell)",,"",0,"warmup",104,5,,,
"Legs/ lower","Sep 3, 2025, 5:52 PM","Sep 3, 2025, 6:59 PM","","Romanian Deadlift (Barbell)",,"",1,"failure",134,6,,,
"Legs/ lower","Sep 3, 2025, 5:52 PM","Sep 3, 2025, 6:59 PM","","Romanian Deadlift (Barbell)",,"",2,"failure",184,4,,,
"Legs/ lower","Sep 3, 2025, 5:52 PM","Sep 3, 2025, 6:59 PM","","Knee Raise Parallel Bars",,"",0,"failure",,17,,,
"PPL (Push)","Aug 19, 2025, 7:22 PM","Aug 19, 2025, 7:54 PM","","Lateral Raise (Dumbbell)",,"",0,"failure",20,5,,,
"PPL (Push)","Aug 19, 2025, 7:22 PM","Aug 19, 2025, 7:54 PM","","Lateral Raise (Dumbbell)",,"",1,"normal",17.5,9,,,
"PPL (Push)","Aug 19, 2025, 7:22 PM","Aug 19, 2025, 7:54 PM","","Treadmill",,"",0,"normal",,,,300,
"PPL (Push)","Aug 19, 2025, 7:22 PM","Aug 19, 2025, 7:54 PM","","Decline Bench Press (Machine)",,"",0,"failure",80,3,,,
"PPL (Push)","Aug 19, 2025, 7:22 PM","Aug 19, 2025, 7:54 PM","","Incline Bench Press (Dumbbell)",,"",0,"failure",45,5,,,
"PPL (Push)","Aug 19, 2025, 7:22 PM","Aug 19, 2025, 7:54 PM","","Incline Bench Press (Dumbbell)",,"",1,"failure",45,4,,,
"PPL (Push)","Aug 19, 2025, 7:22 PM","Aug 19, 2025, 7:54 PM","","Shoulder Press (Dumbbell)",,"",0,"failure",30,4,,,
"PPL (Push)","Aug 19, 2025, 7:22 PM","Aug 19, 2025, 7:54 PM","","Shoulder Press (Dumbbell)",,"",1,"failure",25,6,,,
"PPL (Push)","Aug 19, 2025, 7:22 PM","Aug 19, 2025, 7:54 PM","","Shoulder Press (Dumbbell)",,"",2,"failure",22.5,8,,,
"PPL (Push)","Aug 19, 2025, 7:22 PM","Aug 19, 2025, 7:54 PM","","Triceps Pushdown",,"",0,"failure",45,9,,,
"PPL (Push)","Aug 19, 2025, 7:22 PM","Aug 19, 2025, 7:54 PM","","Triceps Pushdown",,"",1,"failure",42,8,,,
"PPL - (Pull)","Aug 18, 2025, 6:07 PM","Aug 18, 2025, 6:46 PM","","Lat Pulldown (Cable)",,"",0,"failure",126,8,,,
"PPL - (Pull)","Aug 18, 2025, 6:07 PM","Aug 18, 2025, 6:46 PM","","Lat Pulldown (Cable)",,"",1,"failure",126,6,,,
"PPL - (Pull)","Aug 18, 2025, 6:07 PM","Aug 18, 2025, 6:46 PM","","Seated Row (Machine)",,"",0,"warmup",120,7,,,
"PPL - (Pull)","Aug 18, 2025, 6:07 PM","Aug 18, 2025, 6:46 PM","","Seated Row (Machine)",,"",1,"failure",130,6,,,
"PPL - (Pull)","Aug 18, 2025, 6:07 PM","Aug 18, 2025, 6:46 PM","","Treadmill",,"",0,"normal",,,0.5,638,
"PPL - (Pull)","Aug 18, 2025, 6:07 PM","Aug 18, 2025, 6:46 PM","","Bicep Curl (Dumbbell)",,"",0,"warmup",25,10,,,
"PPL - (Pull)","Aug 18, 2025, 6:07 PM","Aug 18, 2025, 6:46 PM","","Bicep Curl (Dumbbell)",,"",1,"failure",27.5,7,,,
"Legs/ lower","Aug 8, 2025, 9:01 PM","Aug 8, 2025, 9:47 PM","","Seated Leg Curl (Machine)",,"",0,"warmup",110,3,,,
"Legs/ lower","Aug 8, 2025, 9:01 PM","Aug 8, 2025, 9:47 PM","","Seated Leg Curl (Machine)",,"",1,"normal",100,5,,,
"Legs/ lower","Aug 8, 2025, 9:01 PM","Aug 8, 2025, 9:47 PM","","Romanian Deadlift (Barbell)",,"",0,"failure",194,4,,,
"Legs/ lower","Aug 8, 2025, 9:01 PM","Aug 8, 2025, 9:47 PM","","Romanian Deadlift (Barbell)",,"",1,"normal",204,2,,,
"Legs/ lower","Aug 8, 2025, 9:01 PM","Aug 8, 2025, 9:47 PM","","Leg Press (Machine)",,"",0,"failure",270,7,,,
"Legs/ lower","Aug 8, 2025, 9:01 PM","Aug 8, 2025, 9:47 PM","","Leg Press (Machine)",,"",1,"failure",360,3,,,
"Legs/ lower","Aug 8, 2025, 9:01 PM","Aug 8, 2025, 9:47 PM","","Calf Press (Machine)",,"",0,"failure",180,10,,,
"Legs/ lower","Aug 8, 2025, 9:01 PM","Aug 8, 2025, 9:47 PM","","Calf Press (Machine)",,"",1,"failure",180,12,,,
"Upper","Aug 6, 2025, 9:17 PM","Aug 6, 2025, 10:11 PM","","Bench Press (Dumbbell)",,"",0,"warmup",45,5,,,
"Upper","Aug 6, 2025, 9:17 PM","Aug 6, 2025, 10:11 PM","","Bench Press (Dumbbell)",,"",1,"failure",40,5,,,
"Upper","Aug 6, 2025, 9:17 PM","Aug 6, 2025, 10:11 PM","","Seated Row (Machine)",,"",0,"warmup",110,8,,,
"Upper","Aug 6, 2025, 9:17 PM","Aug 6, 2025, 10:11 PM","","Seated Row (Machine)",,"",1,"failure",130,6,,,
"Upper","Aug 6, 2025, 9:17 PM","Aug 6, 2025, 10:11 PM","","Bicep Curl (Dumbbell)",,"",0,"normal",30,6,,,
"Upper","Aug 6, 2025, 9:17 PM","Aug 6, 2025, 10:11 PM","","Bicep Curl (Dumbbell)",,"",1,"failure",27.5,10,,,
"Upper","Aug 6, 2025, 9:17 PM","Aug 6, 2025, 10:11 PM","","Seated Shoulder Press (Machine)",,"",0,"warmup",115,4,,,
"Upper","Aug 6, 2025, 9:17 PM","Aug 6, 2025, 10:11 PM","","Seated Shoulder Press (Machine)",,"",1,"failure",90,5,,,
"Upper","Aug 6, 2025, 9:17 PM","Aug 6, 2025, 10:11 PM","","Lateral Raise (Dumbbell)",,"",0,"failure",17.5,4,,,
"Upper","Aug 6, 2025, 9:17 PM","Aug 6, 2025, 10:11 PM","","Triceps Pushdown",,"",0,"failure",55,8,,,
"Upper","Aug 6, 2025, 9:17 PM","Aug 6, 2025, 10:11 PM","","Triceps Pushdown",,"",1,"failure",55,5,,,
"Legs/ lower","Aug 2, 2025, 9:35 PM","Aug 2, 2025, 10:22 PM","","Squat (Barbell)",,"",0,"warmup",94,5,,,
"Legs/ lower","Aug 2, 2025, 9:35 PM","Aug 2, 2025, 10:22 PM","","Squat (Barbell)",,"",1,"failure",144,2,,,
"Legs/ lower","Aug 2, 2025, 9:35 PM","Aug 2, 2025, 10:22 PM","","Squat (Barbell)",,"",2,"failure",124,5,,,
"Legs/ lower","Aug 2, 2025, 9:35 PM","Aug 2, 2025, 10:22 PM","","Leg Extension (Machine)",,"",0,"failure",165,5,,,
"Legs/ lower","Aug 2, 2025, 9:35 PM","Aug 2, 2025, 10:22 PM","","Leg Extension (Machine)",,"",1,"failure",155,6,,,
"Legs/ lower","Aug 2, 2025, 9:35 PM","Aug 2, 2025, 10:22 PM","","Leg Extension (Machine)",,"",2,"failure",155,5,,,
"Legs/ lower","Aug 2, 2025, 9:35 PM","Aug 2, 2025, 10:22 PM","","Seated Leg Curl (Machine)",,"",0,"warmup",90,5,,,
"Legs/ lower","Aug 2, 2025, 9:35 PM","Aug 2, 2025, 10:22 PM","","Seated Leg Curl (Machine)",,"",1,"failure",100,3,,,
"Legs/ lower","Aug 2, 2025, 9:35 PM","Aug 2, 2025, 10:22 PM","","Romanian Deadlift (Barbell)",,"",0,"normal",154,8,,,
"Legs/ lower","Aug 2, 2025, 9:35 PM","Aug 2, 2025, 10:22 PM","","Romanian Deadlift (Barbell)",,"",1,"failure",164,5,,,
"PPL (Push)","Jul 30, 2025, 10:44 PM","Jul 30, 2025, 11:21 PM","","Butterfly (Pec Deck)",,"",0,"warmup",110,4,,,
"PPL (Push)","Jul 30, 2025, 10:44 PM","Jul 30, 2025, 11:21 PM","","Butterfly (Pec Deck)",,"",1,"failure",95,4,,,
"PPL (Push)","Jul 30, 2025, 10:44 PM","Jul 30, 2025, 11:21 PM","","Lateral Raise (Dumbbell)",,"",0,"failure",17.5,7,,,
"PPL (Push)","Jul 30, 2025, 10:44 PM","Jul 30, 2025, 11:21 PM","","Lateral Raise (Dumbbell)",,"",1,"failure",15,8,,,
"PPL (Push)","Jul 30, 2025, 10:44 PM","Jul 30, 2025, 11:21 PM","","Bench Press (Dumbbell)",,"",0,"failure",45,6,,,
"PPL (Push)","Jul 30, 2025, 10:44 PM","Jul 30, 2025, 11:21 PM","","Bench Press (Dumbbell)",,"",1,"failure",40,6,,,
"PPL (Push)","Jul 30, 2025, 10:44 PM","Jul 30, 2025, 11:21 PM","","Triceps Pushdown",,"",0,"warmup",35,8,,,
"PPL (Push)","Jul 30, 2025, 10:44 PM","Jul 30, 2025, 11:21 PM","","Triceps Pushdown",,"",1,"failure",40,8,,,
"PPL (Push)","Jul 30, 2025, 10:44 PM","Jul 30, 2025, 11:21 PM","","Triceps Pushdown",,"",2,"failure",45,3,,,
"PPL (Push)","Jul 30, 2025, 10:44 PM","Jul 30, 2025, 11:21 PM","","Shoulder Press (Machine Plates)",,"",0,"warmup",50,5,,,
"PPL (Push)","Jul 30, 2025, 10:44 PM","Jul 30, 2025, 11:21 PM","","Shoulder Press (Machine Plates)",,"",1,"normal",50,4,,,
"PPL - (Pull)","Jul 29, 2025, 4:23 PM","Jul 29, 2025, 5:36 PM","","Lat Pulldown (Cable)",,"",0,"failure",131,7,,,
"PPL - (Pull)","Jul 29, 2025, 4:23 PM","Jul 29, 2025, 5:36 PM","","Lat Pulldown (Cable)",,"",1,"failure",130,6,,,
"PPL - (Pull)","Jul 29, 2025, 4:23 PM","Jul 29, 2025, 5:36 PM","","Lat Pulldown (Cable)",,"",2,"failure",121,5,,,
"PPL - (Pull)","Jul 29, 2025, 4:23 PM","Jul 29, 2025, 5:36 PM","","T Bar Row",,"",0,"warmup",65,8,,,
"PPL - (Pull)","Jul 29, 2025, 4:23 PM","Jul 29, 2025, 5:36 PM","","T Bar Row",,"",1,"failure",65,5,,,
"PPL - (Pull)","Jul 29, 2025, 4:23 PM","Jul 29, 2025, 5:36 PM","","Seated Row (Machine)",,"",0,"failure",140,5,,,
"PPL - (Pull)","Jul 29, 2025, 4:23 PM","Jul 29, 2025, 5:36 PM","","Seated Row (Machine)",,"",1,"failure",130,5,,,
"PPL - (Pull)","Jul 29, 2025, 4:23 PM","Jul 29, 2025, 5:36 PM","","Bicep Curl (Cable)",,"",0,"failure",47,7,,,
"PPL - (Pull)","Jul 29, 2025, 4:23 PM","Jul 29, 2025, 5:36 PM","","Bicep Curl (Cable)",,"",1,"failure",43,4,,,
"PPL - (Pull)","Jul 29, 2025, 4:23 PM","Jul 29, 2025, 5:36 PM","","Bicep Curl (Dumbbell)",,"",0,"failure",25,7,,,
"PPL - (Pull)","Jul 29, 2025, 4:23 PM","Jul 29, 2025, 5:36 PM","","Bicep Curl (Dumbbell)",,"",1,"failure",25,5,,,
"PPL - (Pull)","Jul 29, 2025, 4:23 PM","Jul 29, 2025, 5:36 PM","","Crunch (Machine)",,"",0,"failure",90,5,,,
"PPL - (Pull)","Jul 29, 2025, 4:23 PM","Jul 29, 2025, 5:36 PM","","Crunch (Machine)",,"",1,"failure",90,5,,,
"PPL - (Pull)","Jul 29, 2025, 4:23 PM","Jul 29, 2025, 5:36 PM","","Torso Rotation",,"",0,"failure",70,6,,,
"PPL - (Pull)","Jul 29, 2025, 4:23 PM","Jul 29, 2025, 5:36 PM","","Torso Rotation",,"",1,"failure",70,4,,,
"Legs/ lower","Jul 22, 2025, 3:29 AM","Jul 22, 2025, 4:11 AM","","Seated Leg Curl (Machine)",,"",0,"failure",160,6,,,
"Legs/ lower","Jul 22, 2025, 3:29 AM","Jul 22, 2025, 4:11 AM","","Romanian Deadlift (Barbell)",,"",0,"warmup",114,5,,,
"Legs/ lower","Jul 22, 2025, 3:29 AM","Jul 22, 2025, 4:11 AM","","Romanian Deadlift (Barbell)",,"",1,"failure",154,7,,,
"Legs/ lower","Jul 22, 2025, 3:29 AM","Jul 22, 2025, 4:11 AM","","Romanian Deadlift (Barbell)",,"",2,"failure",154,6,,,
"Legs/ lower","Jul 22, 2025, 3:29 AM","Jul 22, 2025, 4:11 AM","","Leg Press (Machine)",,"Started feeling nauseous",0,"failure",270,7,,,
"Legs/ lower","Jul 22, 2025, 3:29 AM","Jul 22, 2025, 4:11 AM","","Leg Press (Machine)",,"Started feeling nauseous",1,"normal",270,4,,,
"Legs/ lower","Jul 22, 2025, 3:29 AM","Jul 22, 2025, 4:11 AM","","Standing Calf Raise (Machine)",,"",0,"failure",90,9,,,
"Legs/ lower","Jul 22, 2025, 3:29 AM","Jul 22, 2025, 4:11 AM","","Standing Calf Raise (Machine)",,"",1,"failure",90,7,,,
"Legs/ lower","Jul 22, 2025, 3:29 AM","Jul 22, 2025, 4:11 AM","","Bench Press (Barbell)",,"",0,"warmup",44,5,,,
"Legs/ lower","Jul 22, 2025, 3:29 AM","Jul 22, 2025, 4:11 AM","","Bench Press (Barbell)",,"",1,"failure",69,5,,,
"Legs/ lower","Jul 22, 2025, 3:29 AM","Jul 22, 2025, 4:11 AM","","Bench Press (Barbell)",,"",2,"failure",114,3,,,
"Upper","Jul 17, 2025, 2:34 AM","Jul 17, 2025, 3:08 AM","","Bench Press (Dumbbell)",,"",0,"failure",45,6,,,
"Upper","Jul 17, 2025, 2:34 AM","Jul 17, 2025, 3:08 AM","","Bench Press (Dumbbell)",,"",1,"failure",45,5,,,
"Upper","Jul 17, 2025, 2:34 AM","Jul 17, 2025, 3:08 AM","","Seated Row (Machine)",,"",0,"warmup",120,8,,,
"Upper","Jul 17, 2025, 2:34 AM","Jul 17, 2025, 3:08 AM","","Seated Row (Machine)",,"",1,"failure",145,3,,,
"Upper","Jul 17, 2025, 2:34 AM","Jul 17, 2025, 3:08 AM","","Lateral Raise (Cable)",,"",0,"failure",11,5,,,
"Upper","Jul 17, 2025, 2:34 AM","Jul 17, 2025, 3:08 AM","","Lateral Raise (Cable)",,"",1,"failure",11,4,,,
"Upper","Jul 17, 2025, 2:34 AM","Jul 17, 2025, 3:08 AM","","Bicep Curl (Dumbbell)",,"",0,"failure",25,11,,,
"Upper","Jul 17, 2025, 2:34 AM","Jul 17, 2025, 3:08 AM","","Triceps Extension (Cable)",,"",0,"warmup",15.88,8,,,
"Upper","Jul 17, 2025, 2:34 AM","Jul 17, 2025, 3:08 AM","","Triceps Extension (Cable)",,"",1,"failure",15.88,5,,,
"Legs/ lower","Jul 14, 2025, 3:23 PM","Jul 14, 2025, 3:49 PM","","Leg Extension (Machine)",,"",0,"warmup",155,8,,,
"Legs/ lower","Jul 14, 2025, 3:23 PM","Jul 14, 2025, 3:49 PM","","Leg Extension (Machine)",,"",1,"failure",190,5,,,
"Legs/ lower","Jul 14, 2025, 3:23 PM","Jul 14, 2025, 3:49 PM","","Romanian Deadlift (Barbell)",,"",0,"normal",134,8,,,
"Legs/ lower","Jul 14, 2025, 3:23 PM","Jul 14, 2025, 3:49 PM","","Romanian Deadlift (Barbell)",,"",1,"failure",154,6,,,
"Legs/ lower","Jul 14, 2025, 3:23 PM","Jul 14, 2025, 3:49 PM","","Calf Extension (Machine)",,"",0,"warmup",100,10,,,
"Legs/ lower","Jul 14, 2025, 3:23 PM","Jul 14, 2025, 3:49 PM","","Calf Extension (Machine)",,"",1,"failure",200,11,,,
"PPL (Push)","Jul 12, 2025, 7:15 PM","Jul 12, 2025, 8:40 PM","","Butterfly (Pec Deck)",,"",0,"warmup",115,6,,,
"PPL (Push)","Jul 12, 2025, 7:15 PM","Jul 12, 2025, 8:40 PM","","Butterfly (Pec Deck)",,"",1,"failure",105,5,,,
"PPL (Push)","Jul 12, 2025, 7:15 PM","Jul 12, 2025, 8:40 PM","","Butterfly (Pec Deck)",,"",2,"failure",105,4,,,
"PPL (Push)","Jul 12, 2025, 7:15 PM","Jul 12, 2025, 8:40 PM","","Lateral Raise (Dumbbell)",,"",0,"failure",17.5,7,,,
"PPL (Push)","Jul 12, 2025, 7:15 PM","Jul 12, 2025, 8:40 PM","","Seated Dip Machine",,"",0,"warmup",90,8,,,
"PPL (Push)","Jul 12, 2025, 7:15 PM","Jul 12, 2025, 8:40 PM","","Seated Dip Machine",,"",1,"failure",160,4,,,
"PPL (Push)","Jul 12, 2025, 7:15 PM","Jul 12, 2025, 8:40 PM","","Seated Dip Machine",,"",2,"failure",110,9,,,
"PPL (Push)","Jul 12, 2025, 7:15 PM","Jul 12, 2025, 8:40 PM","","Lateral Raise (Machine)",,"",0,"failure",40,5,,,
"PPL (Push)","Jul 12, 2025, 7:15 PM","Jul 12, 2025, 8:40 PM","","Lateral Raise (Machine)",,"",1,"failure",40,6,,,
"PPL (Push)","Jul 12, 2025, 7:15 PM","Jul 12, 2025, 8:40 PM","","Decline Bench Press (Machine)",,"",0,"failure",140,7,,,
"PPL (Push)","Jul 12, 2025, 7:15 PM","Jul 12, 2025, 8:40 PM","","Decline Bench Press (Machine)",,"",1,"failure",150,6,,,
"PPL (Push)","Jul 12, 2025, 7:15 PM","Jul 12, 2025, 8:40 PM","","Decline Bench Press (Machine)",,"",2,"failure",160,8,,,
"PPL (Push)","Jul 12, 2025, 7:15 PM","Jul 12, 2025, 8:40 PM","","Shoulder Press (Machine Plates)",,"",0,"warmup",70,8,,,
"PPL (Push)","Jul 12, 2025, 7:15 PM","Jul 12, 2025, 8:40 PM","","Shoulder Press (Machine Plates)",,"",1,"failure",80,5,,,
"PPL - (Pull)","Jul 10, 2025, 5:20 PM","Jul 10, 2025, 6:16 PM","","Lat Pulldown (Cable)",,"",0,"warmup",140,10,,,
"PPL - (Pull)","Jul 10, 2025, 5:20 PM","Jul 10, 2025, 6:16 PM","","Lat Pulldown (Cable)",,"",1,"normal",150,4,,,
"PPL - (Pull)","Jul 10, 2025, 5:20 PM","Jul 10, 2025, 6:16 PM","","Lat Pulldown (Cable)",,"",2,"failure",140,4,,,
"PPL - (Pull)","Jul 10, 2025, 5:20 PM","Jul 10, 2025, 6:16 PM","","Seated Row (Machine)",,"",0,"warmup",130,7,,,
"PPL - (Pull)","Jul 10, 2025, 5:20 PM","Jul 10, 2025, 6:16 PM","","Seated Row (Machine)",,"",1,"failure",115,8,,,
"PPL - (Pull)","Jul 10, 2025, 5:20 PM","Jul 10, 2025, 6:16 PM","","Seated Row (Machine)",,"",2,"failure",115,5,,,
"PPL - (Pull)","Jul 10, 2025, 5:20 PM","Jul 10, 2025, 6:16 PM","","Bicep Curl (Cable)",,"",0,"warmup",40,9,,,
"PPL - (Pull)","Jul 10, 2025, 5:20 PM","Jul 10, 2025, 6:16 PM","","Bicep Curl (Cable)",,"",1,"failure",40,5,,,
"PPL - (Pull)","Jul 10, 2025, 5:20 PM","Jul 10, 2025, 6:16 PM","","Treadmill",,"",0,"normal",,,0.7,750,
"PPL - (Pull)","Jul 10, 2025, 5:20 PM","Jul 10, 2025, 6:16 PM","","Preacher Curl (Barbell)",,"",0,"failure",30,2,,,
"PPL - (Pull)","Jul 10, 2025, 5:20 PM","Jul 10, 2025, 6:16 PM","","Preacher Curl (Barbell)",,"",1,"dropset",20,3,,,
"PPL - (Pull)","Jul 10, 2025, 5:20 PM","Jul 10, 2025, 6:16 PM","","Preacher Curl (Barbell)",,"",2,"failure",20,5,,,
"Legs/ lower","Jul 8, 2025, 4:57 PM","Jul 8, 2025, 6:08 PM","","Leg Extension (Machine)",,"",0,"warmup",140,6,,,
"Legs/ lower","Jul 8, 2025, 4:57 PM","Jul 8, 2025, 6:08 PM","","Leg Extension (Machine)",,"",1,"failure",160,6,,,
"Legs/ lower","Jul 8, 2025, 4:57 PM","Jul 8, 2025, 6:08 PM","","Leg Extension (Machine)",,"",2,"failure",165,4,,,
"Legs/ lower","Jul 8, 2025, 4:57 PM","Jul 8, 2025, 6:08 PM","","Romanian Deadlift (Barbell)",,"",0,"warmup",114,7,,,
"Legs/ lower","Jul 8, 2025, 4:57 PM","Jul 8, 2025, 6:08 PM","","Romanian Deadlift (Barbell)",,"",1,"failure",144,0,,,
"Legs/ lower","Jul 8, 2025, 4:57 PM","Jul 8, 2025, 6:08 PM","","Leg Press (Machine)",,"",0,"warmup",270,8,,,
"Legs/ lower","Jul 8, 2025, 4:57 PM","Jul 8, 2025, 6:08 PM","","Leg Press (Machine)",,"",1,"failure",340,6,,,
"Legs/ lower","Jul 8, 2025, 4:57 PM","Jul 8, 2025, 6:08 PM","","Leg Press (Machine)",,"",2,"failure",270,6,,,
"Legs/ lower","Jul 8, 2025, 4:57 PM","Jul 8, 2025, 6:08 PM","","Standing Calf Raise (Machine)",,"",0,"warmup",90,11,,,
"Legs/ lower","Jul 8, 2025, 4:57 PM","Jul 8, 2025, 6:08 PM","","Standing Calf Raise (Machine)",,"",1,"failure",90,6,,,
"Legs/ lower","Jul 8, 2025, 4:57 PM","Jul 8, 2025, 6:08 PM","","Knee Raise Parallel Bars",,"",0,"failure",,12,,,
"Legs/ lower","Jul 8, 2025, 4:57 PM","Jul 8, 2025, 6:08 PM","","Knee Raise Parallel Bars",,"",1,"failure",,16,,,
"Legs/ lower","Jul 8, 2025, 4:57 PM","Jul 8, 2025, 6:08 PM","","Crunch (Machine)",,"",0,"failure",100,7,,,
"Legs/ lower","Jul 8, 2025, 4:57 PM","Jul 8, 2025, 6:08 PM","","Crunch (Machine)",,"",1,"failure",100,6,,,
"Upper","Jul 6, 2025, 8:54 PM","Jul 6, 2025, 9:28 PM","","Seated Row (Machine)",,"",0,"failure",120,8,,,
"Upper","Jul 6, 2025, 8:54 PM","Jul 6, 2025, 9:28 PM","","Seated Row (Machine)",,"",1,"failure",135,5,,,
"Upper","Jul 6, 2025, 8:54 PM","Jul 6, 2025, 9:28 PM","","Shoulder Press (Dumbbell)",,"",0,"warmup",30,8,,,
"Upper","Jul 6, 2025, 8:54 PM","Jul 6, 2025, 9:28 PM","","Shoulder Press (Dumbbell)",,"",1,"failure",35,6,,,
"Upper","Jul 6, 2025, 8:54 PM","Jul 6, 2025, 9:28 PM","","Shoulder Press (Dumbbell)",,"",2,"failure",35,5,,,
"Upper","Jul 6, 2025, 8:54 PM","Jul 6, 2025, 9:28 PM","","Bicep Curl (Dumbbell)",,"",0,"warmup",27.5,8,,,
"Upper","Jul 6, 2025, 8:54 PM","Jul 6, 2025, 9:28 PM","","Bicep Curl (Dumbbell)",,"",1,"failure",27.5,5,,,
"Upper","Jul 6, 2025, 8:54 PM","Jul 6, 2025, 9:28 PM","","Triceps Extension (Cable)",,"",0,"normal",13.61,8,,,
"Upper","Jul 6, 2025, 8:54 PM","Jul 6, 2025, 9:28 PM","","Triceps Extension (Cable)",,"",1,"failure",15.88,4,,,
"Legs/ lower","Jun 28, 2025, 9:04 PM","Jun 28, 2025, 9:48 PM","","Squat (Barbell)",,"",0,"warmup",114,6,,,
"Legs/ lower","Jun 28, 2025, 9:04 PM","Jun 28, 2025, 9:48 PM","","Squat (Barbell)",,"",1,"failure",134,4,,,
"Legs/ lower","Jun 28, 2025, 9:04 PM","Jun 28, 2025, 9:48 PM","","Squat (Barbell)",,"",2,"failure",144,4,,,
"Legs/ lower","Jun 28, 2025, 9:04 PM","Jun 28, 2025, 9:48 PM","","Leg Extension (Machine)",,"",0,"warmup",140,9,,,
"Legs/ lower","Jun 28, 2025, 9:04 PM","Jun 28, 2025, 9:48 PM","","Leg Extension (Machine)",,"",1,"failure",155,6,,,
"Legs/ lower","Jun 28, 2025, 9:04 PM","Jun 28, 2025, 9:48 PM","","Leg Extension (Machine)",,"",2,"failure",155,5,,,
"Legs/ lower","Jun 28, 2025, 9:04 PM","Jun 28, 2025, 9:48 PM","","Seated Leg Curl (Machine)",,"",0,"failure",110,6,,,
"Legs/ lower","Jun 28, 2025, 9:04 PM","Jun 28, 2025, 9:48 PM","","Seated Leg Curl (Machine)",,"",1,"failure",115,4,,,
"Legs/ lower","Jun 28, 2025, 9:04 PM","Jun 28, 2025, 9:48 PM","","Standing Calf Raise (Barbell)",,"",0,"failure",104,10,,,
"Legs/ lower","Jun 28, 2025, 9:04 PM","Jun 28, 2025, 9:48 PM","","Standing Calf Raise (Barbell)",,"",1,"failure",104,9,,,
"PPL - (Pull)","Jun 25, 2025, 5:48 PM","Jun 25, 2025, 6:51 PM","","Lat Pulldown (Cable)",,"",0,"warmup",143,6,,,
"PPL - (Pull)","Jun 25, 2025, 5:48 PM","Jun 25, 2025, 6:51 PM","","Lat Pulldown (Cable)",,"",1,"failure",143,4,,,
"PPL - (Pull)","Jun 25, 2025, 5:48 PM","Jun 25, 2025, 6:51 PM","","Seated Row (Machine)",,"",0,"failure",130,8,,,
"PPL - (Pull)","Jun 25, 2025, 5:48 PM","Jun 25, 2025, 6:51 PM","","Seated Row (Machine)",,"",1,"normal",140,5,,,
"PPL - (Pull)","Jun 25, 2025, 5:48 PM","Jun 25, 2025, 6:51 PM","","Seated Row (Machine)",,"",2,"failure",130,6,,,
"PPL - (Pull)","Jun 25, 2025, 5:48 PM","Jun 25, 2025, 6:51 PM","","Bicep Curl (Cable)",,"",0,"failure",40,6,,,
"PPL - (Pull)","Jun 25, 2025, 5:48 PM","Jun 25, 2025, 6:51 PM","","Bicep Curl (Cable)",,"",1,"failure",35,8,,,
"PPL - (Pull)","Jun 25, 2025, 5:48 PM","Jun 25, 2025, 6:51 PM","","Treadmill",,"",0,"normal",,,1,1037,
"PPL - (Pull)","Jun 25, 2025, 5:48 PM","Jun 25, 2025, 6:51 PM","","Bicep Curl (Dumbbell)",,"",0,"failure",22.5,8,,,
"PPL - (Pull)","Jun 25, 2025, 5:48 PM","Jun 25, 2025, 6:51 PM","","Bicep Curl (Dumbbell)",,"",1,"failure",25,8,,,
"PPL - (Pull)","Jun 25, 2025, 5:48 PM","Jun 25, 2025, 6:51 PM","","Crunch (Machine)",,"",0,"failure",100,8,,,
"PPL - (Pull)","Jun 25, 2025, 5:48 PM","Jun 25, 2025, 6:51 PM","","Crunch (Machine)",,"",1,"failure",100,6,,,
"Legs/ lower","Jun 23, 2025, 8:20 PM","Jun 23, 2025, 9:22 PM","","Treadmill",,"",0,"normal",,,1,1155,
"Legs/ lower","Jun 23, 2025, 8:20 PM","Jun 23, 2025, 9:22 PM","","Romanian Deadlift (Barbell)",,"",0,"failure",94,4,,,
"Legs/ lower","Jun 23, 2025, 8:20 PM","Jun 23, 2025, 9:22 PM","","Romanian Deadlift (Barbell)",,"",1,"failure",94,10,,,
"Legs/ lower","Jun 23, 2025, 8:20 PM","Jun 23, 2025, 9:22 PM","","Romanian Deadlift (Barbell)",,"",2,"failure",114,7,,,
"Legs/ lower","Jun 23, 2025, 8:20 PM","Jun 23, 2025, 9:22 PM","","Leg Press (Machine)",,"",0,"warmup",230,8,,,
"Legs/ lower","Jun 23, 2025, 8:20 PM","Jun 23, 2025, 9:22 PM","","Leg Press (Machine)",,"",1,"failure",270,11,,,
"Legs/ lower","Jun 23, 2025, 8:20 PM","Jun 23, 2025, 9:22 PM","","Leg Press (Machine)",,"",2,"failure",320,5,,,
"Legs/ lower","Jun 23, 2025, 8:20 PM","Jun 23, 2025, 9:22 PM","","Standing Calf Raise (Barbell)",,"",0,"failure",95,17,,,
"Legs/ lower","Jun 23, 2025, 8:20 PM","Jun 23, 2025, 9:22 PM","","Standing Calf Raise (Barbell)",,"",1,"failure",95,22,,,
"Upper","Jun 22, 2025, 7:00 PM","Jun 22, 2025, 8:22 PM","","Seated Row (Machine)",,"",0,"warmup",110,8,,,
"Upper","Jun 22, 2025, 7:00 PM","Jun 22, 2025, 8:22 PM","","Seated Row (Machine)",,"",1,"failure",125,6,,,
"Upper","Jun 22, 2025, 7:00 PM","Jun 22, 2025, 8:22 PM","","Seated Row (Machine)",,"",2,"failure",120,6,,,
"Upper","Jun 22, 2025, 7:00 PM","Jun 22, 2025, 8:22 PM","","Shoulder Press (Dumbbell)",,"",0,"warmup",35,6,,,
"Upper","Jun 22, 2025, 7:00 PM","Jun 22, 2025, 8:22 PM","","Shoulder Press (Dumbbell)",,"",1,"failure",30,5,,,
"Upper","Jun 22, 2025, 7:00 PM","Jun 22, 2025, 8:22 PM","","Lateral Raise (Cable)",,"",0,"failure",11,7,,,
"Upper","Jun 22, 2025, 7:00 PM","Jun 22, 2025, 8:22 PM","","Lateral Raise (Cable)",,"",1,"failure",11,6,,,
"Upper","Jun 22, 2025, 7:00 PM","Jun 22, 2025, 8:22 PM","","Bicep Curl (Dumbbell)",,"",0,"failure",25,9,,,
"Upper","Jun 22, 2025, 7:00 PM","Jun 22, 2025, 8:22 PM","","Bicep Curl (Dumbbell)",,"",1,"failure",27.5,6,,,
"Upper","Jun 22, 2025, 7:00 PM","Jun 22, 2025, 8:22 PM","","Triceps Extension (Cable)",,"",0,"warmup",9.07,8,,,
"Upper","Jun 22, 2025, 7:00 PM","Jun 22, 2025, 8:22 PM","","Triceps Extension (Cable)",,"",1,"failure",11.34,10,,,
"Upper","Jun 22, 2025, 7:00 PM","Jun 22, 2025, 8:22 PM","","Triceps Extension (Cable)",,"",2,"failure",13.61,7,,,
"Upper","Jun 22, 2025, 7:00 PM","Jun 22, 2025, 8:22 PM","","Treadmill",,"",0,"normal",,,1.12,1200,
"Upper","Jun 22, 2025, 7:00 PM","Jun 22, 2025, 8:22 PM","","Bench Press (Barbell)",,"",0,"warmup",65,10,,,
"Upper","Jun 22, 2025, 7:00 PM","Jun 22, 2025, 8:22 PM","","Bench Press (Barbell)",,"",1,"failure",95,6,,,
"Upper","Jun 22, 2025, 7:00 PM","Jun 22, 2025, 8:22 PM","","Bench Press (Barbell)",,"",2,"failure",100,4,,,
"Upper","Jun 22, 2025, 7:00 PM","Jun 22, 2025, 8:22 PM","","Crunch (Machine)",,"",0,"failure",100,13,,,
"Upper","Jun 22, 2025, 7:00 PM","Jun 22, 2025, 8:22 PM","","Crunch (Machine)",,"",1,"failure",100,6,,,
"Legs/ lower","Jun 20, 2025, 4:27 PM","Jun 20, 2025, 5:12 PM","","Leg Extension (Machine)",,"",0,"warmup",120,8,,,
"Legs/ lower","Jun 20, 2025, 4:27 PM","Jun 20, 2025, 5:12 PM","","Leg Extension (Machine)",,"",1,"failure",145,8,,,
"Legs/ lower","Jun 20, 2025, 4:27 PM","Jun 20, 2025, 5:12 PM","","Leg Extension (Machine)",,"",2,"failure",150,6,,,
"Legs/ lower","Jun 20, 2025, 4:27 PM","Jun 20, 2025, 5:12 PM","","Seated Leg Curl (Machine)",,"",0,"warmup",90,8,,,
"Legs/ lower","Jun 20, 2025, 4:27 PM","Jun 20, 2025, 5:12 PM","","Seated Leg Curl (Machine)",,"",1,"failure",115,3,,,
"Legs/ lower","Jun 20, 2025, 4:27 PM","Jun 20, 2025, 5:12 PM","","Treadmill",,"",0,"normal",,,0.6,480,
"PPL - (Pull)","Jun 18, 2025, 6:39 PM","Jun 18, 2025, 7:15 PM","","T Bar Row",,"",0,"warmup",72.5,6,,,
"PPL - (Pull)","Jun 18, 2025, 6:39 PM","Jun 18, 2025, 7:15 PM","","T Bar Row",,"",1,"failure",55,7,,,
"PPL - (Pull)","Jun 18, 2025, 6:39 PM","Jun 18, 2025, 7:15 PM","","T Bar Row",,"",2,"failure",55,6,,,
"PPL - (Pull)","Jun 18, 2025, 6:39 PM","Jun 18, 2025, 7:15 PM","","Seated Row (Machine)",,"",0,"warmup",110,8,,,
"PPL - (Pull)","Jun 18, 2025, 6:39 PM","Jun 18, 2025, 7:15 PM","","Seated Row (Machine)",,"",1,"failure",120,6,,,
"PPL - (Pull)","Jun 18, 2025, 6:39 PM","Jun 18, 2025, 7:15 PM","","Seated Row (Machine)",,"",2,"failure",110,6,,,
"PPL - (Pull)","Jun 18, 2025, 6:39 PM","Jun 18, 2025, 7:15 PM","","Bicep Curl (Cable)",,"",0,"warmup",35,9,,,
"PPL - (Pull)","Jun 18, 2025, 6:39 PM","Jun 18, 2025, 7:15 PM","","Bicep Curl (Cable)",,"",1,"failure",40,7,,,
"PPL - (Pull)","Jun 18, 2025, 6:39 PM","Jun 18, 2025, 7:15 PM","","Bicep Curl (Dumbbell)",,"",0,"failure",22.5,11,,,
"PPL - (Pull)","Jun 18, 2025, 6:39 PM","Jun 18, 2025, 7:15 PM","","Bicep Curl (Dumbbell)",,"",1,"failure",25,6,,,
"PPL - (Pull)","Jun 18, 2025, 6:39 PM","Jun 18, 2025, 7:15 PM","","Crunch (Machine)",,"",0,"failure",90,14,,,
"PPL - (Pull)","Jun 18, 2025, 6:39 PM","Jun 18, 2025, 7:15 PM","","Crunch (Machine)",,"",1,"failure",90,11,,,
"PPL (Push)","Jun 16, 2025, 5:36 PM","Jun 16, 2025, 6:15 PM","","Butterfly (Pec Deck)",,"",0,"warmup",100,5,,,
"PPL (Push)","Jun 16, 2025, 5:36 PM","Jun 16, 2025, 6:15 PM","","Butterfly (Pec Deck)",,"",1,"failure",115,4,,,
"PPL (Push)","Jun 16, 2025, 5:36 PM","Jun 16, 2025, 6:15 PM","","Butterfly (Pec Deck)",,"",2,"failure",100,4,,,
"PPL (Push)","Jun 16, 2025, 5:36 PM","Jun 16, 2025, 6:15 PM","","Lateral Raise (Dumbbell)",,"",0,"failure",17.5,7,,,
"PPL (Push)","Jun 16, 2025, 5:36 PM","Jun 16, 2025, 6:15 PM","","Lateral Raise (Dumbbell)",,"",1,"failure",17.5,7,,,
"PPL (Push)","Jun 16, 2025, 5:36 PM","Jun 16, 2025, 6:15 PM","","Seated Shoulder Press (Machine)",,"",0,"warmup",60,5,,,
"PPL (Push)","Jun 16, 2025, 5:36 PM","Jun 16, 2025, 6:15 PM","","Seated Shoulder Press (Machine)",,"",1,"failure",70,5,,,
"PPL (Push)","Jun 16, 2025, 5:36 PM","Jun 16, 2025, 6:15 PM","","Seated Shoulder Press (Machine)",,"",2,"failure",70,5,,,
"PPL (Push)","Jun 16, 2025, 5:36 PM","Jun 16, 2025, 6:15 PM","","Seated Dip Machine",,"",0,"failure",100,6,,,
"PPL (Push)","Jun 16, 2025, 5:36 PM","Jun 16, 2025, 6:15 PM","","Seated Dip Machine",,"",1,"failure",95,7,,,
"PPL (Push)","Jun 16, 2025, 5:36 PM","Jun 16, 2025, 6:15 PM","","Seated Dip Machine",,"",2,"failure",85,7,,,
"Legs/ lower","Jun 13, 2025, 3:58 PM","Jun 13, 2025, 4:31 PM","","Romanian Deadlift (Barbell)",,"",0,"failure",85,6,,,
"Legs/ lower","Jun 13, 2025, 3:58 PM","Jun 13, 2025, 4:31 PM","","Romanian Deadlift (Barbell)",,"",1,"failure",85,7,,,
"Legs/ lower","Jun 13, 2025, 3:58 PM","Jun 13, 2025, 4:31 PM","","Romanian Deadlift (Barbell)",,"",2,"failure",95,6,,,
"Legs/ lower","Jun 13, 2025, 3:58 PM","Jun 13, 2025, 4:31 PM","","Bulgarian Split Squat",,"",0,"failure",45,6,,,
"Legs/ lower","Jun 13, 2025, 3:58 PM","Jun 13, 2025, 4:31 PM","","Bulgarian Split Squat",,"",1,"failure",45,6,,,
"Legs/ lower","Jun 13, 2025, 3:58 PM","Jun 13, 2025, 4:31 PM","","Standing Calf Raise (Barbell)",,"",0,"failure",95,7,,,
"Legs/ lower","Jun 13, 2025, 3:58 PM","Jun 13, 2025, 4:31 PM","","Standing Calf Raise (Barbell)",,"",1,"failure",100,20,,,
"Legs/ lower","Jun 13, 2025, 3:58 PM","Jun 13, 2025, 4:31 PM","","Standing Calf Raise (Barbell)",,"",2,"failure",120,12,,,
"Upper","Jun 11, 2025, 11:25 PM","Jun 12, 2025, 12:22 AM","","Seated Row (Machine)",,"",0,"warmup",110,10,,,
"Upper","Jun 11, 2025, 11:25 PM","Jun 12, 2025, 12:22 AM","","Seated Row (Machine)",,"",1,"failure",125,7,,,
"Upper","Jun 11, 2025, 11:25 PM","Jun 12, 2025, 12:22 AM","","Seated Row (Machine)",,"",2,"failure",110,8,,,
"Upper","Jun 11, 2025, 11:25 PM","Jun 12, 2025, 12:22 AM","","Shoulder Press (Dumbbell)",,"",0,"failure",30,7,,,
"Upper","Jun 11, 2025, 11:25 PM","Jun 12, 2025, 12:22 AM","","Shoulder Press (Dumbbell)",,"",1,"failure",30,5,,,
"Upper","Jun 11, 2025, 11:25 PM","Jun 12, 2025, 12:22 AM","","Lateral Raise (Cable)",,"",0,"failure",10,10,,,
"Upper","Jun 11, 2025, 11:25 PM","Jun 12, 2025, 12:22 AM","","Lateral Raise (Cable)",,"",1,"failure",10,7,,,
"Upper","Jun 11, 2025, 11:25 PM","Jun 12, 2025, 12:22 AM","","Lateral Raise (Cable)",,"",2,"failure",10,5,,,
"Upper","Jun 11, 2025, 11:25 PM","Jun 12, 2025, 12:22 AM","","Bicep Curl (Dumbbell)",,"",0,"failure",25,7,,,
"Upper","Jun 11, 2025, 11:25 PM","Jun 12, 2025, 12:22 AM","","Bicep Curl (Dumbbell)",,"",1,"failure",25,5,,,
"Upper","Jun 11, 2025, 11:25 PM","Jun 12, 2025, 12:22 AM","","Triceps Extension (Cable)",,"",0,"warmup",6.8,8,,,
"Upper","Jun 11, 2025, 11:25 PM","Jun 12, 2025, 12:22 AM","","Triceps Extension (Cable)",,"",1,"failure",9.07,7,,,
"Upper","Jun 11, 2025, 11:25 PM","Jun 12, 2025, 12:22 AM","","Triceps Extension (Cable)",,"",2,"failure",9.07,9,,,
"Upper","Jun 11, 2025, 11:25 PM","Jun 12, 2025, 12:22 AM","","Bench Press (Barbell)",,"",0,"failure",95,7,,,
"Upper","Jun 11, 2025, 11:25 PM","Jun 12, 2025, 12:22 AM","","Bench Press (Barbell)",,"",1,"failure",95,7,,,
"Upper","Jun 11, 2025, 11:25 PM","Jun 12, 2025, 12:22 AM","","Bench Press (Barbell)",,"",2,"failure",85,6,,,
"Legs","Jun 8, 2025, 8:47 PM","Jun 8, 2025, 9:46 PM","","Leg Extension (Machine)",,"",0,"warmup",140,4,,,
"Legs","Jun 8, 2025, 8:47 PM","Jun 8, 2025, 9:46 PM","","Leg Extension (Machine)",,"",1,"dropset",120,3,,,
"Legs","Jun 8, 2025, 8:47 PM","Jun 8, 2025, 9:46 PM","","Leg Extension (Machine)",,"",2,"failure",110,8,,,
"Legs","Jun 8, 2025, 8:47 PM","Jun 8, 2025, 9:46 PM","","Seated Leg Curl (Machine)",,"",0,"failure",110,7,,,
"Legs","Jun 8, 2025, 8:47 PM","Jun 8, 2025, 9:46 PM","","Seated Leg Curl (Machine)",,"",1,"failure",110,5,,,
"Legs","Jun 8, 2025, 8:47 PM","Jun 8, 2025, 9:46 PM","","Leg Press (Machine)",,"",0,"warmup",230,10,,,
"Legs","Jun 8, 2025, 8:47 PM","Jun 8, 2025, 9:46 PM","","Leg Press (Machine)",,"",1,"failure",270,10,,,
"Legs","Jun 8, 2025, 8:47 PM","Jun 8, 2025, 9:46 PM","","Leg Press (Machine)",,"",2,"failure",320,8,,,
"Legs","Jun 8, 2025, 8:47 PM","Jun 8, 2025, 9:46 PM","","Hip Adduction (Machine)",,"",0,"failure",90,9,,,
"Legs","Jun 8, 2025, 8:47 PM","Jun 8, 2025, 9:46 PM","","Hip Adduction (Machine)",,"",1,"failure",95,8,,,
"Legs","Jun 8, 2025, 8:47 PM","Jun 8, 2025, 9:46 PM","","Hip Abduction (Machine)",,"",0,"failure",110,8,,,
"Legs","Jun 8, 2025, 8:47 PM","Jun 8, 2025, 9:46 PM","","Hip Abduction (Machine)",,"",1,"failure",110,6,,,
"Legs","Jun 8, 2025, 8:47 PM","Jun 8, 2025, 9:46 PM","","Treadmill",,"",0,"normal",,,0.95,780,
"PPL - (Pull)","Jun 6, 2025, 8:41 PM","Jun 6, 2025, 9:24 PM","","Lat Pulldown (Cable)",,"",0,"failure",131,6,,,
"PPL - (Pull)","Jun 6, 2025, 8:41 PM","Jun 6, 2025, 9:24 PM","","Lat Pulldown (Cable)",,"",1,"failure",131,6,,,
"PPL - (Pull)","Jun 6, 2025, 8:41 PM","Jun 6, 2025, 9:24 PM","","Lat Pulldown (Cable)",,"",2,"failure",121,6,,,
"PPL - (Pull)","Jun 6, 2025, 8:41 PM","Jun 6, 2025, 9:24 PM","","T Bar Row",,"",0,"failure",70,9,,,
"PPL - (Pull)","Jun 6, 2025, 8:41 PM","Jun 6, 2025, 9:24 PM","","T Bar Row",,"",1,"failure",80,6,,,
"PPL - (Pull)","Jun 6, 2025, 8:41 PM","Jun 6, 2025, 9:24 PM","","T Bar Row",,"",2,"failure",70,7,,,
"PPL - (Pull)","Jun 6, 2025, 8:41 PM","Jun 6, 2025, 9:24 PM","","Bicep Curl (Dumbbell)",,"",0,"failure",25,11,,,
"PPL - (Pull)","Jun 6, 2025, 8:41 PM","Jun 6, 2025, 9:24 PM","","Bicep Curl (Dumbbell)",,"",1,"failure",25,7,,,
"PPL - (Pull)","Jun 6, 2025, 8:41 PM","Jun 6, 2025, 9:24 PM","","Crunch (Machine)",,"",0,"failure",90,8,,,
"PPL - (Pull)","Jun 6, 2025, 8:41 PM","Jun 6, 2025, 9:24 PM","","Crunch (Machine)",,"",1,"failure",90,11,,,
"PPL (Push)","Jun 1, 2025, 10:48 PM","Jun 1, 2025, 11:24 PM","","Incline Bench Press (Dumbbell)",,"",0,"failure",40,5,,,
"PPL (Push)","Jun 1, 2025, 10:48 PM","Jun 1, 2025, 11:24 PM","","Incline Bench Press (Dumbbell)",,"",1,"failure",35,6,,,
"PPL (Push)","Jun 1, 2025, 10:48 PM","Jun 1, 2025, 11:24 PM","","Butterfly (Pec Deck)",,"",0,"failure",100,5,,,
"PPL (Push)","Jun 1, 2025, 10:48 PM","Jun 1, 2025, 11:24 PM","","Butterfly (Pec Deck)",,"",1,"failure",90,3,,,
"PPL (Push)","Jun 1, 2025, 10:48 PM","Jun 1, 2025, 11:24 PM","","Lateral Raise (Dumbbell)",,"",0,"failure",17.5,8,,,
"PPL (Push)","Jun 1, 2025, 10:48 PM","Jun 1, 2025, 11:24 PM","","Lateral Raise (Dumbbell)",,"",1,"failure",15,8,,,
"PPL (Push)","Jun 1, 2025, 10:48 PM","Jun 1, 2025, 11:24 PM","","Triceps Pushdown",,"",0,"failure",44,12,,,
"PPL (Push)","Jun 1, 2025, 10:48 PM","Jun 1, 2025, 11:24 PM","","Triceps Pushdown",,"",1,"failure",44,9,,,
"PPL (Push)","Jun 1, 2025, 10:48 PM","Jun 1, 2025, 11:24 PM","","Triceps Pushdown",,"",2,"failure",38.5,5,,,
"PPL (Push)","Jun 1, 2025, 10:48 PM","Jun 1, 2025, 11:24 PM","","Shoulder Press (Dumbbell)",,"",0,"failure",30,12,,,
"PPL (Push)","Jun 1, 2025, 10:48 PM","Jun 1, 2025, 11:24 PM","","Shoulder Press (Dumbbell)",,"",1,"failure",30,5,,,
"PPL (Push)","Jun 1, 2025, 10:48 PM","Jun 1, 2025, 11:24 PM","","Shoulder Press (Dumbbell)",,"",2,"failure",25,5,,,
"PPL (Push)","Jun 1, 2025, 10:48 PM","Jun 1, 2025, 11:24 PM","","Deltoid Raise",,"",0,"warmup",60,5,,,
"PPL (Push)","Jun 1, 2025, 10:48 PM","Jun 1, 2025, 11:24 PM","","Deltoid Raise",,"",1,"dropset",50,2,,,
"PPL (Push)","Jun 1, 2025, 10:48 PM","Jun 1, 2025, 11:24 PM","","Deltoid Raise",,"",2,"failure",50,8,,,
"PPL (Push)","Jun 1, 2025, 10:48 PM","Jun 1, 2025, 11:24 PM","","Chest Press (Machine)",,"",0,"failure",60,7,,,
"PPL - (Pull)","May 31, 2025, 10:35 PM","May 31, 2025, 11:30 PM","","Lat Pulldown (Cable)",,"",0,"warmup",121,5,,,
"PPL - (Pull)","May 31, 2025, 10:35 PM","May 31, 2025, 11:30 PM","","Lat Pulldown (Cable)",,"",1,"failure",143,6,,,
"PPL - (Pull)","May 31, 2025, 10:35 PM","May 31, 2025, 11:30 PM","","Lat Pulldown (Cable)",,"",2,"failure",131,6,,,
"PPL - (Pull)","May 31, 2025, 10:35 PM","May 31, 2025, 11:30 PM","","Seated Row (Machine)",,"",0,"failure",110,8,,,
"PPL - (Pull)","May 31, 2025, 10:35 PM","May 31, 2025, 11:30 PM","","Seated Row (Machine)",,"",1,"failure",100,9,,,
"PPL - (Pull)","May 31, 2025, 10:35 PM","May 31, 2025, 11:30 PM","","Bicep Curl (Cable)",,"",0,"failure",33,8,,,
"PPL - (Pull)","May 31, 2025, 10:35 PM","May 31, 2025, 11:30 PM","","Bicep Curl (Cable)",,"",1,"failure",33,6,,,
"PPL - (Pull)","May 31, 2025, 10:35 PM","May 31, 2025, 11:30 PM","","Bicep Curl (Dumbbell)",,"",0,"failure",22.5,8,,,
"PPL - (Pull)","May 31, 2025, 10:35 PM","May 31, 2025, 11:30 PM","","Bicep Curl (Dumbbell)",,"",1,"failure",22.5,7,,,
"PPL - (Pull)","May 31, 2025, 10:35 PM","May 31, 2025, 11:30 PM","","Iso-Lateral Row (Machine)",,"",0,"failure",75,8,,,
"PPL - (Pull)","May 31, 2025, 10:35 PM","May 31, 2025, 11:30 PM","","Treadmill",,"",0,"normal",,,0.95,1200,
"PPL - (Pull)","May 31, 2025, 10:35 PM","May 31, 2025, 11:30 PM","","Crunch (Machine)",,"",0,"failure",100,16,,,
"PPL - (Pull)","May 31, 2025, 10:35 PM","May 31, 2025, 11:30 PM","","Crunch (Machine)",,"",1,"failure",90,6,,,
"Legs","May 29, 2025, 5:54 PM","May 29, 2025, 6:44 PM","","Leg Extension (Machine)",,"",0,"warmup",145,10,,,
"Legs","May 29, 2025, 5:54 PM","May 29, 2025, 6:44 PM","","Leg Extension (Machine)",,"",1,"failure",150,7,,,
"Legs","May 29, 2025, 5:54 PM","May 29, 2025, 6:44 PM","","Leg Extension (Machine)",,"",2,"failure",150,6,,,
"Legs","May 29, 2025, 5:54 PM","May 29, 2025, 6:44 PM","","Seated Leg Curl (Machine)",,"",0,"failure",115,8,,,
"Legs","May 29, 2025, 5:54 PM","May 29, 2025, 6:44 PM","","Seated Leg Curl (Machine)",,"",1,"failure",100,8,,,
"Legs","May 29, 2025, 5:54 PM","May 29, 2025, 6:44 PM","","Hip Adduction (Machine)",,"",0,"failure",125,13,,,
"Legs","May 29, 2025, 5:54 PM","May 29, 2025, 6:44 PM","","Hip Adduction (Machine)",,"",1,"failure",145,13,,,
"Legs","May 29, 2025, 5:54 PM","May 29, 2025, 6:44 PM","","Hip Abduction (Machine)",,"",0,"failure",120,8,,,
"Legs","May 29, 2025, 5:54 PM","May 29, 2025, 6:44 PM","","Hip Abduction (Machine)",,"",1,"failure",130,5,,,
"Legs","May 29, 2025, 5:54 PM","May 29, 2025, 6:44 PM","","Leg Press (Machine)",,"",0,"warmup",90,5,,,
"Legs","May 29, 2025, 5:54 PM","May 29, 2025, 6:44 PM","","Leg Press (Machine)",,"",1,"failure",270,8,,,
"Legs","May 29, 2025, 5:54 PM","May 29, 2025, 6:44 PM","","Leg Press (Machine)",,"",2,"failure",320,5,,,
"Legs","May 29, 2025, 5:54 PM","May 29, 2025, 6:44 PM","","Leg Press (Machine)",,"",3,"failure",180,7,,,
"Legs","May 29, 2025, 5:54 PM","May 29, 2025, 6:44 PM","","Calf Press (Machine)",,"",0,"failure",180,5,,,
"Legs","May 29, 2025, 5:54 PM","May 29, 2025, 6:44 PM","","Calf Press (Machine)",,"",1,"failure",180,5,,,
"PPL (Push)","May 23, 2025, 3:28 PM","May 23, 2025, 3:51 PM","","Butterfly (Pec Deck)",,"",0,"failure",100,10,,,
"PPL (Push)","May 23, 2025, 3:28 PM","May 23, 2025, 3:51 PM","","Butterfly (Pec Deck)",,"",1,"failure",100,6,,,
"PPL (Push)","May 23, 2025, 3:28 PM","May 23, 2025, 3:51 PM","","Lateral Raise (Dumbbell)",,"",0,"failure",15,13,,,
"PPL (Push)","May 23, 2025, 3:28 PM","May 23, 2025, 3:51 PM","","Lateral Raise (Dumbbell)",,"",1,"failure",17.5,7,,,
"PPL (Push)","May 23, 2025, 3:28 PM","May 23, 2025, 3:51 PM","","Lateral Raise (Dumbbell)",,"",2,"failure",15,7,,,
"PPL (Push)","May 23, 2025, 3:28 PM","May 23, 2025, 3:51 PM","","Triceps Pushdown",,"double pully",0,"failure",50,10,,,
"PPL (Push)","May 23, 2025, 3:28 PM","May 23, 2025, 3:51 PM","","Triceps Pushdown",,"double pully",1,"failure",50,7,,,
"PPL (Push)","May 23, 2025, 3:28 PM","May 23, 2025, 3:51 PM","","Chest Press (Machine)",,"",0,"failure",90,7,,,
"PPL (Push)","May 23, 2025, 3:28 PM","May 23, 2025, 3:51 PM","","Chest Press (Machine)",,"",1,"failure",80,7,,,
"PPL - (Pull)","May 19, 2025, 10:47 PM","May 19, 2025, 11:17 PM","","Lat Pulldown (Cable)",,"",0,"warmup",126,8,,,
"PPL - (Pull)","May 19, 2025, 10:47 PM","May 19, 2025, 11:17 PM","","Lat Pulldown (Cable)",,"",1,"failure",131,7,,,
"PPL - (Pull)","May 19, 2025, 10:47 PM","May 19, 2025, 11:17 PM","","Lat Pulldown (Cable)",,"",2,"failure",121,7,,,
"PPL - (Pull)","May 19, 2025, 10:47 PM","May 19, 2025, 11:17 PM","","T Bar Row",,"",0,"failure",55,6,,,
"PPL - (Pull)","May 19, 2025, 10:47 PM","May 19, 2025, 11:17 PM","","T Bar Row",,"",1,"failure",55,6,,,
"PPL - (Pull)","May 19, 2025, 10:47 PM","May 19, 2025, 11:17 PM","","Seated Row (Machine)",,"",0,"failure",120,5,,,
"PPL - (Pull)","May 19, 2025, 10:47 PM","May 19, 2025, 11:17 PM","","Seated Row (Machine)",,"",1,"failure",95,10,,,
"PPL - (Pull)","May 19, 2025, 10:47 PM","May 19, 2025, 11:17 PM","","Preacher Curl (Barbell)",,"",0,"failure",20,9,,,
"PPL - (Pull)","May 19, 2025, 10:47 PM","May 19, 2025, 11:17 PM","","Preacher Curl (Barbell)",,"",1,"failure",20,7,,,
"PPL - (Pull)","May 19, 2025, 10:47 PM","May 19, 2025, 11:17 PM","","Bicep Curl (Dumbbell)",,"",0,"failure",20,9,,,
"PPL - (Pull)","May 19, 2025, 10:47 PM","May 19, 2025, 11:17 PM","","Bicep Curl (Dumbbell)",,"",1,"failure",20,7,,,
"Morning workout ☀️","May 13, 2025, 9:07 AM","May 13, 2025, 9:45 AM","","Pull Up",,"",0,"failure",,10,,,
"Morning workout ☀️","May 13, 2025, 9:07 AM","May 13, 2025, 9:45 AM","","Pull Up",,"",1,"failure",,10,,,
"Morning workout ☀️","May 13, 2025, 9:07 AM","May 13, 2025, 9:45 AM","","Pull Up",,"",2,"normal",,5,,,
"Morning workout ☀️","May 13, 2025, 9:07 AM","May 13, 2025, 9:45 AM","","Bicep Curl (Dumbbell)",,"",0,"failure",24,5,,,
"Legs","May 11, 2025, 2:08 PM","May 11, 2025, 2:27 PM","","Squat (Barbell)",,"",0,"failure",124.09,6,,,
"Legs","May 11, 2025, 2:08 PM","May 11, 2025, 2:27 PM","","Squat (Barbell)",,"",1,"failure",144.09,1,,,
"Legs","May 11, 2025, 2:08 PM","May 11, 2025, 2:27 PM","","Leg Extension (Machine)",,"",0,"failure",140,10,,,
"Legs","May 11, 2025, 2:08 PM","May 11, 2025, 2:27 PM","","Leg Extension (Machine)",,"",1,"failure",145,5,,,
"Legs","May 11, 2025, 2:08 PM","May 11, 2025, 2:27 PM","","Seated Leg Curl (Machine)",,"",0,"failure",115,6,,,
"Legs","May 11, 2025, 2:08 PM","May 11, 2025, 2:27 PM","","Seated Leg Curl (Machine)",,"",1,"failure",105,10,,,
"Legs","May 11, 2025, 2:08 PM","May 11, 2025, 2:27 PM","","Calf Press (Machine)",,"",0,"failure",100,12,,,
"Legs","May 11, 2025, 2:08 PM","May 11, 2025, 2:27 PM","","Calf Press (Machine)",,"",1,"failure",140,8,,,
"PPL (Push)","May 8, 2025, 6:19 PM","May 8, 2025, 6:48 PM","","Incline Bench Press (Dumbbell)",,"",0,"failure",35,5,,,
"PPL (Push)","May 8, 2025, 6:19 PM","May 8, 2025, 6:48 PM","","Incline Bench Press (Dumbbell)",,"",1,"failure",35,5,,,
"PPL (Push)","May 8, 2025, 6:19 PM","May 8, 2025, 6:48 PM","","Butterfly (Pec Deck)",,"",0,"failure",110,5,,,
"PPL (Push)","May 8, 2025, 6:19 PM","May 8, 2025, 6:48 PM","","Butterfly (Pec Deck)",,"",1,"failure",100,6,,,
"PPL (Push)","May 8, 2025, 6:19 PM","May 8, 2025, 6:48 PM","","Butterfly (Pec Deck)",,"",2,"failure",90,4,,,
"PPL (Push)","May 8, 2025, 6:19 PM","May 8, 2025, 6:48 PM","","Lateral Raise (Dumbbell)",,"",0,"failure",15,15,,,
"PPL (Push)","May 8, 2025, 6:19 PM","May 8, 2025, 6:48 PM","","Lateral Raise (Dumbbell)",,"",1,"failure",15,10,,,
"PPL (Push)","May 8, 2025, 6:19 PM","May 8, 2025, 6:48 PM","","Seated Triceps Press",,"",0,"warmup",50,10,,,
"PPL (Push)","May 8, 2025, 6:19 PM","May 8, 2025, 6:48 PM","","Seated Triceps Press",,"",1,"failure",60,7,,,
"PPL (Push)","May 8, 2025, 6:19 PM","May 8, 2025, 6:48 PM","","Seated Triceps Press",,"",2,"failure",55,9,,,
"PPL (Push)","May 8, 2025, 6:19 PM","May 8, 2025, 6:48 PM","","Seated Shoulder Press (Machine)",,"",0,"failure",50,5,,,
"PPL - (Pull)","May 1, 2025, 1:05 PM","May 1, 2025, 1:46 PM","","Lat Pulldown (Cable)",,"",0,"warmup",110,8,,,
"PPL - (Pull)","May 1, 2025, 1:05 PM","May 1, 2025, 1:46 PM","","Lat Pulldown (Cable)",,"",1,"failure",120,7,,,
"PPL - (Pull)","May 1, 2025, 1:05 PM","May 1, 2025, 1:46 PM","","Lat Pulldown (Cable)",,"",2,"failure",120,4,,,
"PPL - (Pull)","May 1, 2025, 1:05 PM","May 1, 2025, 1:46 PM","","Iso-Lateral Row (Machine)",,"",0,"warmup",65,4,,,
"PPL - (Pull)","May 1, 2025, 1:05 PM","May 1, 2025, 1:46 PM","","Iso-Lateral Row (Machine)",,"",1,"failure",55,7,,,
"PPL - (Pull)","May 1, 2025, 1:05 PM","May 1, 2025, 1:46 PM","","Iso-Lateral Row (Machine)",,"",2,"failure",55,6,,,
"PPL - (Pull)","May 1, 2025, 1:05 PM","May 1, 2025, 1:46 PM","","Preacher Curl (Machine)",,"",0,"warmup",55,4,,,
"PPL - (Pull)","May 1, 2025, 1:05 PM","May 1, 2025, 1:46 PM","","Preacher Curl (Machine)",,"",1,"failure",40,7,,,
"PPL - (Pull)","May 1, 2025, 1:05 PM","May 1, 2025, 1:46 PM","","Preacher Curl (Machine)",,"",2,"normal",40,4,,,
"PPL - (Pull)","May 1, 2025, 1:05 PM","May 1, 2025, 1:46 PM","","Seated Cable Row - V Grip (Cable)",,"",0,"failure",80,6,,,
"PPL - (Pull)","May 1, 2025, 1:05 PM","May 1, 2025, 1:46 PM","","Seated Cable Row - V Grip (Cable)",,"",1,"failure",80,3,,,
"PPL - (Pull)","May 1, 2025, 1:05 PM","May 1, 2025, 1:46 PM","","Bicep Curl (Dumbbell)",,"",0,"failure",20,6,,,
"PPL - (Pull)","May 1, 2025, 1:05 PM","May 1, 2025, 1:46 PM","","Bicep Curl (Dumbbell)",,"",1,"failure",20,4,,,
"Legs","Mar 28, 2025, 10:45 PM","Mar 28, 2025, 11:10 PM","","Squat (Barbell)",,"",0,"warmup",114.09,6,,,
"Legs","Mar 28, 2025, 10:45 PM","Mar 28, 2025, 11:10 PM","","Squat (Barbell)",,"",1,"failure",134.09,4,,,
"Legs","Mar 28, 2025, 10:45 PM","Mar 28, 2025, 11:10 PM","","Leg Extension (Machine)",,"",0,"warmup",130,8,,,
"Legs","Mar 28, 2025, 10:45 PM","Mar 28, 2025, 11:10 PM","","Leg Extension (Machine)",,"",1,"failure",150,10,,,
"Legs","Mar 28, 2025, 10:45 PM","Mar 28, 2025, 11:10 PM","","Leg Extension (Machine)",,"",2,"failure",160,6,,,
"Legs","Mar 28, 2025, 10:45 PM","Mar 28, 2025, 11:10 PM","","Seated Calf Raise",,"",0,"failure",55,13,,,
"Legs","Mar 28, 2025, 10:45 PM","Mar 28, 2025, 11:10 PM","","Seated Calf Raise",,"",1,"failure",55,10,,,
"PPL (Push)","Mar 25, 2025, 8:24 PM","Mar 25, 2025, 9:13 PM","","Butterfly (Pec Deck)",,"",0,"failure",110,6,,,
"PPL (Push)","Mar 25, 2025, 8:24 PM","Mar 25, 2025, 9:13 PM","","Butterfly (Pec Deck)",,"",1,"failure",100,6,,,
"PPL (Push)","Mar 25, 2025, 8:24 PM","Mar 25, 2025, 9:13 PM","","Lateral Raise (Dumbbell)",,"",0,"warmup",15,8,,,
"PPL (Push)","Mar 25, 2025, 8:24 PM","Mar 25, 2025, 9:13 PM","","Lateral Raise (Dumbbell)",,"",1,"failure",17.5,10,,,
"PPL (Push)","Mar 25, 2025, 8:24 PM","Mar 25, 2025, 9:13 PM","","Lateral Raise (Dumbbell)",,"",2,"failure",17.5,5,,,
"PPL (Push)","Mar 25, 2025, 8:24 PM","Mar 25, 2025, 9:13 PM","","Triceps Pushdown",,"",0,"failure",49.5,13,,,
"PPL (Push)","Mar 25, 2025, 8:24 PM","Mar 25, 2025, 9:13 PM","","Triceps Pushdown",,"",1,"failure",49.5,5,,,
"PPL (Push)","Mar 25, 2025, 8:24 PM","Mar 25, 2025, 9:13 PM","","Triceps Pushdown",,"",2,"failure",44,6,,,
"PPL (Push)","Mar 25, 2025, 8:24 PM","Mar 25, 2025, 9:13 PM","","Stair Machine",,"",0,"normal",,,,900,
"PPL (Push)","Mar 25, 2025, 8:24 PM","Mar 25, 2025, 9:13 PM","","Deltoid Raise",,"",0,"warmup",60,8,,,
"PPL (Push)","Mar 25, 2025, 8:24 PM","Mar 25, 2025, 9:13 PM","","Deltoid Raise",,"",1,"failure",70,6,,,
"PPL (Push)","Mar 25, 2025, 8:24 PM","Mar 25, 2025, 9:13 PM","","Knee Raise Parallel Bars",,"",0,"failure",,21,,,
"PPL (Push)","Mar 25, 2025, 8:24 PM","Mar 25, 2025, 9:13 PM","","Knee Raise Parallel Bars",,"",1,"failure",,16,,,
"PPL (Push)","Mar 25, 2025, 8:24 PM","Mar 25, 2025, 9:13 PM","","Knee Raise Parallel Bars",,"",2,"failure",,11,,,
"PPL (Push)","Mar 25, 2025, 8:24 PM","Mar 25, 2025, 9:13 PM","","Chest Press (Machine)",,"",0,"failure",100,4,,,
"PPL - (Pull)","Mar 24, 2025, 5:58 PM","Mar 24, 2025, 6:45 PM","","Lat Pulldown (Cable)",,"",0,"warmup",121,7,,,
"PPL - (Pull)","Mar 24, 2025, 5:58 PM","Mar 24, 2025, 6:45 PM","","Lat Pulldown (Cable)",,"",1,"failure",131,5,,,
"PPL - (Pull)","Mar 24, 2025, 5:58 PM","Mar 24, 2025, 6:45 PM","","Lat Pulldown (Cable)",,"",2,"failure",115,5,,,
"PPL - (Pull)","Mar 24, 2025, 5:58 PM","Mar 24, 2025, 6:45 PM","","T Bar Row",,"",0,"failure",55,5,,,
"PPL - (Pull)","Mar 24, 2025, 5:58 PM","Mar 24, 2025, 6:45 PM","","T Bar Row",,"",1,"failure",55,5,,,
"PPL - (Pull)","Mar 24, 2025, 5:58 PM","Mar 24, 2025, 6:45 PM","","Seated Row (Machine)",,"",0,"warmup",110,9,,,
"PPL - (Pull)","Mar 24, 2025, 5:58 PM","Mar 24, 2025, 6:45 PM","","Seated Row (Machine)",,"",1,"failure",120,4,,,
"PPL - (Pull)","Mar 24, 2025, 5:58 PM","Mar 24, 2025, 6:45 PM","","Seated Row (Machine)",,"",2,"failure",120,9,,,
"PPL - (Pull)","Mar 24, 2025, 5:58 PM","Mar 24, 2025, 6:45 PM","","Seated Row (Machine)",,"",3,"failure",100,7,,,
"PPL - (Pull)","Mar 24, 2025, 5:58 PM","Mar 24, 2025, 6:45 PM","","Hammer Curl (Dumbbell)",,"",0,"failure",22.5,9,,,
"PPL - (Pull)","Mar 24, 2025, 5:58 PM","Mar 24, 2025, 6:45 PM","","Hammer Curl (Dumbbell)",,"",1,"failure",22.5,8,,,
"PPL - (Pull)","Mar 24, 2025, 5:58 PM","Mar 24, 2025, 6:45 PM","","Preacher Curl (Barbell)",,"",0,"failure",40,9,,,
"PPL - (Pull)","Mar 24, 2025, 5:58 PM","Mar 24, 2025, 6:45 PM","","Preacher Curl (Barbell)",,"",1,"failure",40,7,,,
"Legs","Mar 23, 2025, 6:42 AM","Mar 23, 2025, 7:00 AM","","Squat (Barbell)",,"",0,"failure",114.09,7,,,
"Legs","Mar 23, 2025, 6:42 AM","Mar 23, 2025, 7:00 AM","","Squat (Barbell)",,"",1,"failure",134.09,6,,,
"Legs","Mar 23, 2025, 6:42 AM","Mar 23, 2025, 7:00 AM","","Leg Extension (Machine)",,"",0,"failure",130,12,,,
"Legs","Mar 23, 2025, 6:42 AM","Mar 23, 2025, 7:00 AM","","Leg Extension (Machine)",,"",1,"failure",145,7,,,
"Legs","Mar 23, 2025, 6:42 AM","Mar 23, 2025, 7:00 AM","","Leg Extension (Machine)",,"",2,"failure",125,5,,,
"PPL (Push)","Mar 20, 2025, 4:06 PM","Mar 20, 2025, 4:41 PM","","Incline Bench Press (Dumbbell)",,"",0,"failure",45,4,,,
"PPL (Push)","Mar 20, 2025, 4:06 PM","Mar 20, 2025, 4:41 PM","","Incline Bench Press (Dumbbell)",,"",1,"failure",40,4,,,
"PPL (Push)","Mar 20, 2025, 4:06 PM","Mar 20, 2025, 4:41 PM","","Butterfly (Pec Deck)",,"",0,"warmup",90,4,,,
"PPL (Push)","Mar 20, 2025, 4:06 PM","Mar 20, 2025, 4:41 PM","","Butterfly (Pec Deck)",,"",1,"failure",110,7,,,
"PPL (Push)","Mar 20, 2025, 4:06 PM","Mar 20, 2025, 4:41 PM","","Butterfly (Pec Deck)",,"",2,"failure",100,5,,,
"PPL (Push)","Mar 20, 2025, 4:06 PM","Mar 20, 2025, 4:41 PM","","Lateral Raise (Dumbbell)",,"",0,"failure",15,12,,,
"PPL (Push)","Mar 20, 2025, 4:06 PM","Mar 20, 2025, 4:41 PM","","Lateral Raise (Dumbbell)",,"",1,"normal",15,5,,,
"PPL (Push)","Mar 20, 2025, 4:06 PM","Mar 20, 2025, 4:41 PM","","Triceps Pushdown",,"",0,"failure",49.5,13,,,
"PPL (Push)","Mar 20, 2025, 4:06 PM","Mar 20, 2025, 4:41 PM","","Triceps Pushdown",,"",1,"failure",49.5,9,,,
"PPL (Push)","Mar 20, 2025, 4:06 PM","Mar 20, 2025, 4:41 PM","","Triceps Pushdown",,"",2,"failure",49.5,4,,,
"PPL (Push)","Mar 20, 2025, 4:06 PM","Mar 20, 2025, 4:41 PM","","Rear Delt Reverse Fly (Machine)",,"",0,"warmup",80,7,,,
"PPL (Push)","Mar 20, 2025, 4:06 PM","Mar 20, 2025, 4:41 PM","","Rear Delt Reverse Fly (Machine)",,"",1,"failure",80,8,,,
"PPL - (Pull)","Mar 19, 2025, 3:24 PM","Mar 19, 2025, 3:46 PM","","T Bar Row",,"",0,"failure",80,8,,,
"PPL - (Pull)","Mar 19, 2025, 3:24 PM","Mar 19, 2025, 3:46 PM","","T Bar Row",,"",1,"failure",80,5,,,
"PPL - (Pull)","Mar 19, 2025, 3:24 PM","Mar 19, 2025, 3:46 PM","","Seated Row (Machine)",,"",0,"failure",110,7,,,
"PPL - (Pull)","Mar 19, 2025, 3:24 PM","Mar 19, 2025, 3:46 PM","","Seated Row (Machine)",,"",1,"failure",100,6,,,
"PPL - (Pull)","Mar 19, 2025, 3:24 PM","Mar 19, 2025, 3:46 PM","","Preacher Curl (Barbell)",,"",0,"failure",50,8,,,
"PPL - (Pull)","Mar 19, 2025, 3:24 PM","Mar 19, 2025, 3:46 PM","","Preacher Curl (Barbell)",,"",1,"failure",50,5,,,
"PPL - (Pull)","Mar 19, 2025, 3:24 PM","Mar 19, 2025, 3:46 PM","","Preacher Curl (Barbell)",,"",2,"failure",40,6,,,
"PPL - (Pull)","Mar 19, 2025, 3:24 PM","Mar 19, 2025, 3:46 PM","","Crunch (Machine)",,"",0,"failure",80,14,,,
"PPL - (Pull)","Mar 19, 2025, 3:24 PM","Mar 19, 2025, 3:46 PM","","Crunch (Machine)",,"",1,"failure",80,12,,,
"PPL - (Pull)","Mar 19, 2025, 3:24 PM","Mar 19, 2025, 3:46 PM","","Crunch (Machine)",,"",2,"failure",70,11,,,
"Legs","Mar 6, 2025, 11:23 AM","Mar 6, 2025, 11:57 AM","","Squat (Barbell)",,"",0,"warmup",104.9,10,,,
"Legs","Mar 6, 2025, 11:23 AM","Mar 6, 2025, 11:57 AM","","Squat (Barbell)",,"",1,"failure",124,6,,,
"Legs","Mar 6, 2025, 11:23 AM","Mar 6, 2025, 11:57 AM","","Leg Extension (Machine)",,"",0,"warmup",120,11,,,
"Legs","Mar 6, 2025, 11:23 AM","Mar 6, 2025, 11:57 AM","","Leg Extension (Machine)",,"",1,"failure",135,8,,,
"Legs","Mar 6, 2025, 11:23 AM","Mar 6, 2025, 11:57 AM","","Leg Extension (Machine)",,"",2,"failure",145,4,,,
"Legs","Mar 6, 2025, 11:23 AM","Mar 6, 2025, 11:57 AM","","Calf Press (Machine)",,"",0,"failure",200,8,,,
"Legs","Mar 6, 2025, 11:23 AM","Mar 6, 2025, 11:57 AM","","Calf Press (Machine)",,"",1,"failure",180,8,,,
"Legs","Mar 6, 2025, 11:23 AM","Mar 6, 2025, 11:57 AM","","Calf Press (Machine)",,"",2,"dropset",90,11,,,
"Legs","Mar 6, 2025, 11:23 AM","Mar 6, 2025, 11:57 AM","","Hip Adduction (Machine)",,"",0,"failure",120,11,,,
"Legs","Mar 6, 2025, 11:23 AM","Mar 6, 2025, 11:57 AM","","Hip Adduction (Machine)",,"",1,"failure",135,4,,,
"Legs","Mar 6, 2025, 11:23 AM","Mar 6, 2025, 11:57 AM","","Hip Adduction (Machine)",,"",2,"dropset",110,5,,,
"PPL (Push)","Feb 25, 2025, 9:37 PM","Feb 25, 2025, 10:11 PM","","Butterfly (Pec Deck)",,"",0,"failure",110,9,,,
"PPL (Push)","Feb 25, 2025, 9:37 PM","Feb 25, 2025, 10:11 PM","","Butterfly (Pec Deck)",,"",1,"failure",110,6,,,
"PPL (Push)","Feb 25, 2025, 9:37 PM","Feb 25, 2025, 10:11 PM","","Lateral Raise (Dumbbell)",,"",0,"warmup",17.5,11,,,
"PPL (Push)","Feb 25, 2025, 9:37 PM","Feb 25, 2025, 10:11 PM","","Lateral Raise (Dumbbell)",,"",1,"dropset",17.5,9,,,
"PPL (Push)","Feb 25, 2025, 9:37 PM","Feb 25, 2025, 10:11 PM","","Lateral Raise (Dumbbell)",,"",2,"dropset",12.5,3,,,
"PPL (Push)","Feb 25, 2025, 9:37 PM","Feb 25, 2025, 10:11 PM","","Triceps Pushdown",,"",0,"failure",66,6,,,
"PPL (Push)","Feb 25, 2025, 9:37 PM","Feb 25, 2025, 10:11 PM","","Triceps Pushdown",,"",1,"failure",55,8,,,
"PPL (Push)","Feb 25, 2025, 9:37 PM","Feb 25, 2025, 10:11 PM","","Triceps Pushdown",,"",2,"failure",49,8,,,
"PPL (Push)","Feb 25, 2025, 9:37 PM","Feb 25, 2025, 10:11 PM","","Chest Press (Machine)",,"",0,"failure",110,11,,,
"PPL (Push)","Feb 25, 2025, 9:37 PM","Feb 25, 2025, 10:11 PM","","Chest Press (Machine)",,"",1,"failure",120,4,,,
"PPL (Push)","Feb 25, 2025, 9:37 PM","Feb 25, 2025, 10:11 PM","","Chest Press (Machine)",,"",2,"normal",100,5,,,
"PPL (Push)","Feb 25, 2025, 9:37 PM","Feb 25, 2025, 10:11 PM","","Rear Delt Reverse Fly (Machine)",,"",0,"warmup",80,9,,,
"PPL (Push)","Feb 25, 2025, 9:37 PM","Feb 25, 2025, 10:11 PM","","Rear Delt Reverse Fly (Machine)",,"",1,"failure",90,6,,,
"PPL (Push)","Feb 25, 2025, 9:37 PM","Feb 25, 2025, 10:11 PM","","Seated Shoulder Press (Machine)",,"",0,"failure",80,6,,,
"PPL (Push)","Feb 25, 2025, 9:37 PM","Feb 25, 2025, 10:11 PM","","Seated Shoulder Press (Machine)",,"",1,"failure",70,8,,,
"PPL - (Pull)","Feb 18, 2025, 10:19 PM","Feb 18, 2025, 10:52 PM","","Lat Pulldown (Cable)",,"",0,"warmup",131,5,,,
"PPL - (Pull)","Feb 18, 2025, 10:19 PM","Feb 18, 2025, 10:52 PM","","Lat Pulldown (Cable)",,"",1,"failure",143,8,,,
"PPL - (Pull)","Feb 18, 2025, 10:19 PM","Feb 18, 2025, 10:52 PM","","Lat Pulldown (Cable)",,"",2,"failure",143,4,,,
"PPL - (Pull)","Feb 18, 2025, 10:19 PM","Feb 18, 2025, 10:52 PM","","T Bar Row",,"",0,"failure",80,5,,,
"PPL - (Pull)","Feb 18, 2025, 10:19 PM","Feb 18, 2025, 10:52 PM","","T Bar Row",,"",1,"failure",70,6,,,
"PPL - (Pull)","Feb 18, 2025, 10:19 PM","Feb 18, 2025, 10:52 PM","","Seated Row (Machine)",,"",0,"failure",120,8,,,
"PPL - (Pull)","Feb 18, 2025, 10:19 PM","Feb 18, 2025, 10:52 PM","","Seated Row (Machine)",,"",1,"failure",130,5,,,
"PPL - (Pull)","Feb 18, 2025, 10:19 PM","Feb 18, 2025, 10:52 PM","","Seated Row (Machine)",,"",2,"dropset",110,5,,,
"PPL - (Pull)","Feb 18, 2025, 10:19 PM","Feb 18, 2025, 10:52 PM","","Hammer Curl (Dumbbell)",,"",0,"normal",25,9,,,
"PPL - (Pull)","Feb 18, 2025, 10:19 PM","Feb 18, 2025, 10:52 PM","","Bicep Curl (Dumbbell)",,"",0,"failure",25,8,,,
"PPL - (Pull)","Feb 18, 2025, 10:19 PM","Feb 18, 2025, 10:52 PM","","Preacher Curl (Barbell)",,"",0,"failure",30,7,,,
"PPL - (Pull)","Feb 18, 2025, 10:19 PM","Feb 18, 2025, 10:52 PM","","Preacher Curl (Barbell)",,"",1,"failure",30,3,,,
"PPL (Push)","Feb 16, 2025, 11:21 PM","Feb 16, 2025, 11:40 PM","","Incline Bench Press (Dumbbell)",,"",0,"warmup",45,6,,,
"PPL (Push)","Feb 16, 2025, 11:21 PM","Feb 16, 2025, 11:40 PM","","Incline Bench Press (Dumbbell)",,"",1,"failure",50,2,,,
"PPL (Push)","Feb 16, 2025, 11:21 PM","Feb 16, 2025, 11:40 PM","","Butterfly (Pec Deck)",,"",0,"warmup",110,6,,,
"PPL (Push)","Feb 16, 2025, 11:21 PM","Feb 16, 2025, 11:40 PM","","Butterfly (Pec Deck)",,"",1,"failure",120,5,,,
"PPL (Push)","Feb 16, 2025, 11:21 PM","Feb 16, 2025, 11:40 PM","","Lateral Raise (Dumbbell)",,"",0,"failure",15,10,,,
"PPL (Push)","Feb 16, 2025, 11:21 PM","Feb 16, 2025, 11:40 PM","","Lateral Raise (Dumbbell)",,"",1,"failure",15,6,,,
"PPL (Push)","Feb 16, 2025, 11:21 PM","Feb 16, 2025, 11:40 PM","","Triceps Pushdown",,"",0,"failure",55,14,,,
"PPL (Push)","Feb 16, 2025, 11:21 PM","Feb 16, 2025, 11:40 PM","","Triceps Pushdown",,"",1,"failure",55,7,,,
"PPL (Push)","Feb 16, 2025, 11:21 PM","Feb 16, 2025, 11:40 PM","","Triceps Pushdown",,"",2,"failure",44.9,6,,,
"Legs","Feb 13, 2025, 1:03 PM","Feb 13, 2025, 1:51 PM","","Leg Extension (Machine)",,"",0,"warmup",120,11,,,
"Legs","Feb 13, 2025, 1:03 PM","Feb 13, 2025, 1:51 PM","","Leg Extension (Machine)",,"",1,"dropset",140,6,,,
"Legs","Feb 13, 2025, 1:03 PM","Feb 13, 2025, 1:51 PM","","Leg Extension (Machine)",,"",2,"dropset",120,5,,,
"Legs","Feb 13, 2025, 1:03 PM","Feb 13, 2025, 1:51 PM","","Leg Extension (Machine)",,"",3,"dropset",100,3,,,
"Legs","Feb 13, 2025, 1:03 PM","Feb 13, 2025, 1:51 PM","","Seated Leg Curl (Machine)",,"",0,"failure",115,8,,,
"Legs","Feb 13, 2025, 1:03 PM","Feb 13, 2025, 1:51 PM","","Seated Leg Curl (Machine)",,"",1,"normal",110,7,,,
"Legs","Feb 13, 2025, 1:03 PM","Feb 13, 2025, 1:51 PM","","Seated Calf Raise",,"",0,"failure",80,10,,,
"Legs","Feb 13, 2025, 1:03 PM","Feb 13, 2025, 1:51 PM","","Seated Calf Raise",,"",1,"failure",80,8,,,
"Legs","Feb 13, 2025, 1:03 PM","Feb 13, 2025, 1:51 PM","","Seated Calf Raise",,"",2,"failure",55,16,,,
"Legs","Feb 13, 2025, 1:03 PM","Feb 13, 2025, 1:51 PM","","Hip Abduction (Machine)",,"",0,"failure",120,10,,,
"Legs","Feb 13, 2025, 1:03 PM","Feb 13, 2025, 1:51 PM","","Hip Abduction (Machine)",,"",1,"failure",130,7,,,
"Legs","Feb 13, 2025, 1:03 PM","Feb 13, 2025, 1:51 PM","","Hip Abduction (Machine)",,"",2,"failure",100,11,,,
"Legs","Feb 13, 2025, 1:03 PM","Feb 13, 2025, 1:51 PM","","Leg Press (Machine)",,"",0,"warmup",180,8,,,
"Legs","Feb 13, 2025, 1:03 PM","Feb 13, 2025, 1:51 PM","","Leg Press (Machine)",,"",1,"failure",270,10,,,
"Legs","Feb 13, 2025, 1:03 PM","Feb 13, 2025, 1:51 PM","","Leg Press (Machine)",,"",2,"failure",320,7,,,
"Legs","Feb 13, 2025, 1:03 PM","Feb 13, 2025, 1:51 PM","","Leg Press (Machine)",,"",3,"normal",180,8,,,
"Legs","Feb 13, 2025, 1:03 PM","Feb 13, 2025, 1:51 PM","","Hip Adduction (Machine)",,"",0,"failure",120,10,,,
"Legs","Feb 13, 2025, 1:03 PM","Feb 13, 2025, 1:51 PM","","Hip Adduction (Machine)",,"",1,"failure",120,9,,,
"PPL - (Pull)","Feb 11, 2025, 10:22 PM","Feb 11, 2025, 10:41 PM","","Lat Pulldown (Cable)",,"",0,"warmup",131,5,,,
"PPL - (Pull)","Feb 11, 2025, 10:22 PM","Feb 11, 2025, 10:41 PM","","Lat Pulldown (Cable)",,"",1,"failure",143,6,,,
"PPL - (Pull)","Feb 11, 2025, 10:22 PM","Feb 11, 2025, 10:41 PM","","Lat Pulldown (Cable)",,"",2,"failure",131,7,,,
"PPL - (Pull)","Feb 11, 2025, 10:22 PM","Feb 11, 2025, 10:41 PM","","Bicep Curl (Cable)",,"single arm",0,"normal",22,7,,,
"Afternoon workout 💪","Feb 8, 2025, 5:48 PM","Feb 8, 2025, 5:58 PM","","Stair Machine",,"",0,"normal",,,,619,
"PPL (Push)","Feb 8, 2025, 5:21 PM","Feb 8, 2025, 5:48 PM","","Incline Bench Press (Dumbbell)",,"move up next week",0,"failure",45,8,,,
"PPL (Push)","Feb 8, 2025, 5:21 PM","Feb 8, 2025, 5:48 PM","","Incline Bench Press (Dumbbell)",,"move up next week",1,"failure",45,6,,,
"PPL (Push)","Feb 8, 2025, 5:21 PM","Feb 8, 2025, 5:48 PM","","Butterfly (Pec Deck)",,"",0,"warmup",100,5,,,
"PPL (Push)","Feb 8, 2025, 5:21 PM","Feb 8, 2025, 5:48 PM","","Butterfly (Pec Deck)",,"",1,"failure",130,4,,,
"PPL (Push)","Feb 8, 2025, 5:21 PM","Feb 8, 2025, 5:48 PM","","Butterfly (Pec Deck)",,"",2,"failure",120,5,,,
"PPL (Push)","Feb 8, 2025, 5:21 PM","Feb 8, 2025, 5:48 PM","","Lateral Raise (Dumbbell)",,"seated",0,"failure",17.5,8,,,
"PPL (Push)","Feb 8, 2025, 5:21 PM","Feb 8, 2025, 5:48 PM","","Lateral Raise (Dumbbell)",,"seated",1,"failure",15,10,,,
"PPL (Push)","Feb 8, 2025, 5:21 PM","Feb 8, 2025, 5:48 PM","","Lateral Raise (Dumbbell)",,"seated",2,"failure",15,8,,,
"PPL (Push)","Feb 8, 2025, 5:21 PM","Feb 8, 2025, 5:48 PM","","Triceps Pushdown",,"",0,"warmup",49.5,10,,,
"PPL (Push)","Feb 8, 2025, 5:21 PM","Feb 8, 2025, 5:48 PM","","Triceps Pushdown",,"",1,"failure",55,8,,,
"PPL (Push)","Feb 8, 2025, 5:21 PM","Feb 8, 2025, 5:48 PM","","Triceps Pushdown",,"",2,"failure",49.5,5,,,
"Legs","Feb 7, 2025, 6:04 PM","Feb 7, 2025, 6:49 PM","","Squat (Barbell)",,"",0,"failure",134.09,5,,,
"Legs","Feb 7, 2025, 6:04 PM","Feb 7, 2025, 6:49 PM","","Squat (Barbell)",,"",1,"failure",164.09,1,,,
"Legs","Feb 7, 2025, 6:04 PM","Feb 7, 2025, 6:49 PM","","Squat (Barbell)",,"",2,"failure",124.04,6,,,
"Legs","Feb 7, 2025, 6:04 PM","Feb 7, 2025, 6:49 PM","","Leg Extension (Machine)",,"",0,"failure",140,8,,,
"Legs","Feb 7, 2025, 6:04 PM","Feb 7, 2025, 6:49 PM","","Leg Extension (Machine)",,"",1,"failure",130,8,,,
"Legs","Feb 7, 2025, 6:04 PM","Feb 7, 2025, 6:49 PM","","Seated Leg Curl (Machine)",,"",0,"failure",105,11,,,
"Legs","Feb 7, 2025, 6:04 PM","Feb 7, 2025, 6:49 PM","","Seated Leg Curl (Machine)",,"",1,"failure",110,5,,,
"Legs","Feb 7, 2025, 6:04 PM","Feb 7, 2025, 6:49 PM","","Seated Leg Curl (Machine)",,"",2,"failure",100,6,,,
"Legs","Feb 7, 2025, 6:04 PM","Feb 7, 2025, 6:49 PM","","Seated Calf Raise",,"",0,"failure",70,10,,,
"Legs","Feb 7, 2025, 6:04 PM","Feb 7, 2025, 6:49 PM","","Seated Calf Raise",,"",1,"failure",70,12,,,
"Legs","Feb 7, 2025, 6:04 PM","Feb 7, 2025, 6:49 PM","","Stair Machine",,"",0,"normal",,,,900,
"PPL - (Pull)","Feb 6, 2025, 2:37 PM","Feb 6, 2025, 3:13 PM","","Lat Pulldown (Cable)",,"",0,"failure",131,6,,,
"PPL - (Pull)","Feb 6, 2025, 2:37 PM","Feb 6, 2025, 3:13 PM","","Lat Pulldown (Cable)",,"",1,"failure",131,6,,,
"PPL - (Pull)","Feb 6, 2025, 2:37 PM","Feb 6, 2025, 3:13 PM","","T Bar Row",,"",0,"warmup",85,7,,,
"PPL - (Pull)","Feb 6, 2025, 2:37 PM","Feb 6, 2025, 3:13 PM","","T Bar Row",,"",1,"warmup",80,6,,,
"PPL - (Pull)","Feb 6, 2025, 2:37 PM","Feb 6, 2025, 3:13 PM","","Bicep Curl (Cable)",,"",0,"failure",44,8,,,
"PPL - (Pull)","Feb 6, 2025, 2:37 PM","Feb 6, 2025, 3:13 PM","","Bicep Curl (Cable)",,"",1,"failure",38.5,7,,,
"PPL - (Pull)","Feb 6, 2025, 2:37 PM","Feb 6, 2025, 3:13 PM","","Hammer Curl (Dumbbell)",,"",0,"failure",22.5,8,,,
"PPL - (Pull)","Feb 6, 2025, 2:37 PM","Feb 6, 2025, 3:13 PM","","Hammer Curl (Dumbbell)",,"",1,"failure",22.5,8,,,
"PPL - (Pull)","Feb 6, 2025, 2:37 PM","Feb 6, 2025, 3:13 PM","","Iso-Lateral Row (Machine)",,"",0,"normal",70,8,,,
"PPL - (Pull)","Feb 6, 2025, 2:37 PM","Feb 6, 2025, 3:13 PM","","Iso-Lateral Row (Machine)",,"",1,"failure",80,5,,,
"PPL (Push)","Feb 4, 2025, 11:13 PM","Feb 4, 2025, 11:38 PM","","Incline Bench Press (Dumbbell)",,"",0,"failure",45,7,,,
"PPL (Push)","Feb 4, 2025, 11:13 PM","Feb 4, 2025, 11:38 PM","","Incline Bench Press (Dumbbell)",,"",1,"failure",45,6,,,
"PPL (Push)","Feb 4, 2025, 11:13 PM","Feb 4, 2025, 11:38 PM","","Butterfly (Pec Deck)",,"",0,"failure",100,8,,,
"PPL (Push)","Feb 4, 2025, 11:13 PM","Feb 4, 2025, 11:38 PM","","Butterfly (Pec Deck)",,"",1,"failure",105,4,,,
"PPL (Push)","Feb 4, 2025, 11:13 PM","Feb 4, 2025, 11:38 PM","","Lateral Raise (Dumbbell)",,"",0,"failure",15,11,,,
"PPL (Push)","Feb 4, 2025, 11:13 PM","Feb 4, 2025, 11:38 PM","","Lateral Raise (Dumbbell)",,"",1,"failure",15,9,,,
"PPL (Push)","Feb 4, 2025, 11:13 PM","Feb 4, 2025, 11:38 PM","","Triceps Pushdown",,"",0,"failure",55,8,,,
"PPL (Push)","Feb 4, 2025, 11:13 PM","Feb 4, 2025, 11:38 PM","","Triceps Pushdown",,"",1,"failure",49.5,6,,,
"PPL (Push)","Feb 4, 2025, 11:13 PM","Feb 4, 2025, 11:38 PM","","Triceps Pushdown",,"",2,"failure",44,7,,,
"PPL (Push)","Feb 4, 2025, 11:13 PM","Feb 4, 2025, 11:38 PM","","Shoulder Press (Dumbbell)",,"",0,"failure",25,5,,,
"PPL (Push)","Feb 4, 2025, 11:13 PM","Feb 4, 2025, 11:38 PM","","Shoulder Press (Dumbbell)",,"",1,"failure",25,8,,,
"PPL - (Pull)","Jan 30, 2025, 6:32 PM","Jan 30, 2025, 7:31 PM","","Lat Pulldown (Cable)",,"",0,"warmup",126,9,,,
"PPL - (Pull)","Jan 30, 2025, 6:32 PM","Jan 30, 2025, 7:31 PM","","Lat Pulldown (Cable)",,"",1,"failure",126,5,,,
"PPL - (Pull)","Jan 30, 2025, 6:32 PM","Jan 30, 2025, 7:31 PM","","Seated Row (Machine)",,"",0,"normal",125,9,,,
"PPL - (Pull)","Jan 30, 2025, 6:32 PM","Jan 30, 2025, 7:31 PM","","Seated Row (Machine)",,"",1,"failure",130,10,,,
"PPL - (Pull)","Jan 30, 2025, 6:32 PM","Jan 30, 2025, 7:31 PM","","Bicep Curl (Cable)",,"",0,"warmup",55,3,,,
"PPL - (Pull)","Jan 30, 2025, 6:32 PM","Jan 30, 2025, 7:31 PM","","Bicep Curl (Cable)",,"",1,"failure",44,6,,,
"PPL - (Pull)","Jan 30, 2025, 6:32 PM","Jan 30, 2025, 7:31 PM","","Bicep Curl (Cable)",,"",2,"failure",44,4,,,
"PPL - (Pull)","Jan 30, 2025, 6:32 PM","Jan 30, 2025, 7:31 PM","","Hammer Curl (Dumbbell)",,"",0,"failure",22.5,6,,,
"PPL - (Pull)","Jan 30, 2025, 6:32 PM","Jan 30, 2025, 7:31 PM","","Hammer Curl (Dumbbell)",,"",1,"failure",22.5,7,,,
"PPL - (Pull)","Jan 30, 2025, 6:32 PM","Jan 30, 2025, 7:31 PM","","Stair Machine",,"",0,"normal",,,,600,
"Legs","Jan 29, 2025, 6:10 PM","Jan 29, 2025, 7:15 PM","","Squat (Barbell)",,"",0,"warmup",94.09,5,,,
"Legs","Jan 29, 2025, 6:10 PM","Jan 29, 2025, 7:15 PM","","Squat (Barbell)",,"",1,"normal",114.04,6,,,
"Legs","Jan 29, 2025, 6:10 PM","Jan 29, 2025, 7:15 PM","","Squat (Barbell)",,"",2,"normal",134.09,5,,,
"Legs","Jan 29, 2025, 6:10 PM","Jan 29, 2025, 7:15 PM","","Leg Extension (Machine)",,"",0,"failure",140,8,,,
"Legs","Jan 29, 2025, 6:10 PM","Jan 29, 2025, 7:15 PM","","Leg Extension (Machine)",,"",1,"failure",140,7,,,
"Legs","Jan 29, 2025, 6:10 PM","Jan 29, 2025, 7:15 PM","","Leg Extension (Machine)",,"",2,"failure",130,7,,,
"Legs","Jan 29, 2025, 6:10 PM","Jan 29, 2025, 7:15 PM","","Seated Leg Curl (Machine)",,"",0,"warmup",110,3,,,
"Legs","Jan 29, 2025, 6:10 PM","Jan 29, 2025, 7:15 PM","","Seated Leg Curl (Machine)",,"",1,"warmup",100,2,,,
"Legs","Jan 29, 2025, 6:10 PM","Jan 29, 2025, 7:15 PM","","Seated Leg Curl (Machine)",,"",2,"failure",100,12,,,
"Legs","Jan 29, 2025, 6:10 PM","Jan 29, 2025, 7:15 PM","","Seated Leg Curl (Machine)",,"",3,"failure",115,5,,,
"Legs","Jan 29, 2025, 6:10 PM","Jan 29, 2025, 7:15 PM","","Crunch (Machine)",,"",0,"failure",85,20,,,
"Legs","Jan 29, 2025, 6:10 PM","Jan 29, 2025, 7:15 PM","","Crunch (Machine)",,"",1,"failure",95,10,,,
"Legs","Jan 29, 2025, 6:10 PM","Jan 29, 2025, 7:15 PM","","Standing Calf Raise (Machine)",,"",0,"failure",100,7,,,
"PPL (Push)","Jan 23, 2025, 4:36 PM","Jan 23, 2025, 5:22 PM","","Incline Bench Press (Dumbbell)",,"",0,"failure",45,7,,,
"PPL (Push)","Jan 23, 2025, 4:36 PM","Jan 23, 2025, 5:22 PM","","Incline Bench Press (Dumbbell)",,"",1,"failure",45,6,,,
"PPL (Push)","Jan 23, 2025, 4:36 PM","Jan 23, 2025, 5:22 PM","","Butterfly (Pec Deck)",,"",0,"failure",110,7,,,
"PPL (Push)","Jan 23, 2025, 4:36 PM","Jan 23, 2025, 5:22 PM","","Butterfly (Pec Deck)",,"",1,"failure",120,2,,,
"PPL (Push)","Jan 23, 2025, 4:36 PM","Jan 23, 2025, 5:22 PM","","Butterfly (Pec Deck)",,"",2,"failure",100,3,,,
"PPL (Push)","Jan 23, 2025, 4:36 PM","Jan 23, 2025, 5:22 PM","","Lateral Raise (Dumbbell)",,"",0,"failure",17.5,7,,,
"PPL (Push)","Jan 23, 2025, 4:36 PM","Jan 23, 2025, 5:22 PM","","Lateral Raise (Dumbbell)",,"",1,"failure",15,8,,,
"PPL (Push)","Jan 23, 2025, 4:36 PM","Jan 23, 2025, 5:22 PM","","Triceps Pushdown",,"",0,"failure",55,9,,,
"PPL (Push)","Jan 23, 2025, 4:36 PM","Jan 23, 2025, 5:22 PM","","Triceps Pushdown",,"",1,"failure",55,7,,,
"PPL (Push)","Jan 23, 2025, 4:36 PM","Jan 23, 2025, 5:22 PM","","Triceps Pushdown",,"",2,"failure",45,9,,,
"PPL (Push)","Jan 23, 2025, 4:36 PM","Jan 23, 2025, 5:22 PM","","Crunch (Machine)",,"",0,"failure",80,13,,,
"PPL (Push)","Jan 23, 2025, 4:36 PM","Jan 23, 2025, 5:22 PM","","Leg Raise Parallel Bars",,"",0,"warmup",,7,,,
"PPL (Push)","Jan 23, 2025, 4:36 PM","Jan 23, 2025, 5:22 PM","","Leg Raise Parallel Bars",,"",1,"normal",,5,,,
"PPL (Push)","Jan 23, 2025, 4:36 PM","Jan 23, 2025, 5:22 PM","","Knee Raise Parallel Bars",,"",0,"failure",,15,,,
"PPL (Push)","Jan 23, 2025, 4:36 PM","Jan 23, 2025, 5:22 PM","","Knee Raise Parallel Bars",,"",1,"normal",,10,,,
"PPL (Push)","Jan 23, 2025, 4:36 PM","Jan 23, 2025, 5:22 PM","","Stair Machine",,"",0,"normal",,,,600,
"PPL - (Pull)","Jan 22, 2025, 5:29 PM","Jan 22, 2025, 6:04 PM","","Lat Pulldown (Cable)",,"",0,"failure",131,8,,,
"PPL - (Pull)","Jan 22, 2025, 5:29 PM","Jan 22, 2025, 6:04 PM","","Lat Pulldown (Cable)",,"",1,"failure",126,6,,,
"PPL - (Pull)","Jan 22, 2025, 5:29 PM","Jan 22, 2025, 6:04 PM","","Lat Pulldown (Cable)",,"",2,"failure",121,6,,,
"PPL - (Pull)","Jan 22, 2025, 5:29 PM","Jan 22, 2025, 6:04 PM","","Bicep Curl (Cable)",,"",0,"failure",35,7,,,
"PPL - (Pull)","Jan 22, 2025, 5:29 PM","Jan 22, 2025, 6:04 PM","","Bicep Curl (Cable)",,"",1,"failure",30,6,,,
"PPL - (Pull)","Jan 22, 2025, 5:29 PM","Jan 22, 2025, 6:04 PM","","Seated Row (Machine)",,"",0,"warmup",110,9,,,
"PPL - (Pull)","Jan 22, 2025, 5:29 PM","Jan 22, 2025, 6:04 PM","","Seated Row (Machine)",,"",1,"failure",120,6,,,
"PPL - (Pull)","Jan 22, 2025, 5:29 PM","Jan 22, 2025, 6:04 PM","","Seated Row (Machine)",,"",2,"failure",100,8,,,
"PPL - (Pull)","Jan 22, 2025, 5:29 PM","Jan 22, 2025, 6:04 PM","","Bicep Curl (Machine)",,"",0,"failure",70,7,,,
"PPL - (Pull)","Jan 22, 2025, 5:29 PM","Jan 22, 2025, 6:04 PM","","Bicep Curl (Machine)",,"",1,"failure",70,9,,,
"PPL - (Pull)","Jan 22, 2025, 5:29 PM","Jan 22, 2025, 6:04 PM","","Crunch (Machine)",,"",0,"failure",85,17,,,
"PPL - (Pull)","Jan 22, 2025, 5:29 PM","Jan 22, 2025, 6:04 PM","","Crunch (Machine)",,"",1,"failure",85,10,,,
"Evening workout 🏋️","Jan 14, 2025, 9:36 PM","Jan 14, 2025, 9:50 PM","","Stair Machine",,"",0,"normal",,,,813,
"PPL - (Pull)","Jan 14, 2025, 9:01 PM","Jan 14, 2025, 9:36 PM","","Lat Pulldown (Cable)",,"",0,"failure",131,9,,,
"PPL - (Pull)","Jan 14, 2025, 9:01 PM","Jan 14, 2025, 9:36 PM","","Lat Pulldown (Cable)",,"",1,"failure",131,8,,,
"PPL - (Pull)","Jan 14, 2025, 9:01 PM","Jan 14, 2025, 9:36 PM","","Bicep Curl (Cable)",,"",0,"failure",38.5,8,,,
"PPL - (Pull)","Jan 14, 2025, 9:01 PM","Jan 14, 2025, 9:36 PM","","Bicep Curl (Cable)",,"",1,"failure",44,5,,,
"PPL - (Pull)","Jan 14, 2025, 9:01 PM","Jan 14, 2025, 9:36 PM","","Bicep Curl (Cable)",,"",2,"failure",33,5,,,
"PPL - (Pull)","Jan 14, 2025, 9:01 PM","Jan 14, 2025, 9:36 PM","","Seated Row (Machine)",,"",0,"failure",110,5,,,
"PPL - (Pull)","Jan 14, 2025, 9:01 PM","Jan 14, 2025, 9:36 PM","","Seated Row (Machine)",,"",1,"failure",110,6,,,
"PPL - (Pull)","Jan 14, 2025, 9:01 PM","Jan 14, 2025, 9:36 PM","","Preacher Curl (Barbell)",,"plate loaded",0,"failure",20,9,,,
"PPL - (Pull)","Jan 14, 2025, 9:01 PM","Jan 14, 2025, 9:36 PM","","Preacher Curl (Barbell)",,"plate loaded",1,"failure",20,9,,,
"PPL (Push)","Jan 13, 2025, 7:50 PM","Jan 13, 2025, 8:29 PM","","Butterfly (Pec Deck)",,"",0,"failure",110,7,,,
"PPL (Push)","Jan 13, 2025, 7:50 PM","Jan 13, 2025, 8:29 PM","","Butterfly (Pec Deck)",,"",1,"failure",100,6,,,
"PPL (Push)","Jan 13, 2025, 7:50 PM","Jan 13, 2025, 8:29 PM","","Lateral Raise (Dumbbell)",,"",0,"failure",15,12,,,
"PPL (Push)","Jan 13, 2025, 7:50 PM","Jan 13, 2025, 8:29 PM","","Triceps Pushdown",,"",0,"failure",55,14,,,
"PPL (Push)","Jan 13, 2025, 7:50 PM","Jan 13, 2025, 8:29 PM","","Triceps Pushdown",,"",1,"failure",66,6,,,
"PPL (Push)","Jan 13, 2025, 7:50 PM","Jan 13, 2025, 8:29 PM","","Deltoid Raise",,"",0,"warmup",60,7,,,
"PPL (Push)","Jan 13, 2025, 7:50 PM","Jan 13, 2025, 8:29 PM","","Deltoid Raise",,"",1,"failure",70,6,,,
"PPL (Push)","Jan 13, 2025, 7:50 PM","Jan 13, 2025, 8:29 PM","","Chest Press (Machine)",,"",0,"failure",110,9,,,
"PPL (Push)","Jan 13, 2025, 7:50 PM","Jan 13, 2025, 8:29 PM","","Chest Press (Machine)",,"",1,"failure",120,7,,,
"PPL (Push)","Jan 13, 2025, 7:50 PM","Jan 13, 2025, 8:29 PM","","Chest Press (Machine)",,"",2,"failure",130,3,,,
"Legs","Jan 10, 2025, 7:59 PM","Jan 10, 2025, 9:00 PM","","Squat (Barbell)",,"",0,"warmup",94.09,5,,,
"Legs","Jan 10, 2025, 7:59 PM","Jan 10, 2025, 9:00 PM","","Squat (Barbell)",,"",1,"failure",144.09,6,,,
"Legs","Jan 10, 2025, 7:59 PM","Jan 10, 2025, 9:00 PM","","Squat (Barbell)",,"",2,"failure",154.01,3,,,
"Legs","Jan 10, 2025, 7:59 PM","Jan 10, 2025, 9:00 PM","","Leg Extension (Machine)",,"",0,"warmup",130,11,,,
"Legs","Jan 10, 2025, 7:59 PM","Jan 10, 2025, 9:00 PM","","Leg Extension (Machine)",,"",1,"failure",140,9,,,
"Legs","Jan 10, 2025, 7:59 PM","Jan 10, 2025, 9:00 PM","","Leg Extension (Machine)",,"",2,"failure",125,6,,,
"Legs","Jan 10, 2025, 7:59 PM","Jan 10, 2025, 9:00 PM","","Seated Leg Curl (Machine)",,"",0,"failure",110,12,,,
"Legs","Jan 10, 2025, 7:59 PM","Jan 10, 2025, 9:00 PM","","Seated Leg Curl (Machine)",,"",1,"failure",120,5,,,
"Legs","Jan 10, 2025, 7:59 PM","Jan 10, 2025, 9:00 PM","","Seated Leg Curl (Machine)",,"",2,"dropset",100,4,,,
"Legs","Jan 10, 2025, 7:59 PM","Jan 10, 2025, 9:00 PM","","Seated Calf Raise",,"",0,"failure",90,7,,,
"Legs","Jan 10, 2025, 7:59 PM","Jan 10, 2025, 9:00 PM","","Seated Calf Raise",,"",1,"failure",70,7,,,
"Legs","Jan 10, 2025, 7:59 PM","Jan 10, 2025, 9:00 PM","","Knee Raise Parallel Bars",,"",0,"failure",,5,,,
"Legs","Jan 10, 2025, 7:59 PM","Jan 10, 2025, 9:00 PM","","Knee Raise Parallel Bars",,"",1,"failure",,8,,,
"Legs","Jan 10, 2025, 7:59 PM","Jan 10, 2025, 9:00 PM","","Leg Raise Parallel Bars",,"",0,"normal",,15,,,
"Legs","Jan 10, 2025, 7:59 PM","Jan 10, 2025, 9:00 PM","","Leg Raise Parallel Bars",,"",1,"failure",,8,,,
"Legs","Jan 10, 2025, 7:59 PM","Jan 10, 2025, 9:00 PM","","Stair Machine",,"level 7",0,"normal",,,,900,
"PPL - (Pull)","Jan 9, 2025, 4:50 PM","Jan 9, 2025, 6:02 PM","","Lat Pulldown (Cable)",,"",0,"failure",131,11,,,
"PPL - (Pull)","Jan 9, 2025, 4:50 PM","Jan 9, 2025, 6:02 PM","","Lat Pulldown (Cable)",,"",1,"failure",131,8,,,
"PPL - (Pull)","Jan 9, 2025, 4:50 PM","Jan 9, 2025, 6:02 PM","","Lat Pulldown (Cable)",,"",2,"failure",121,6,,,
"PPL - (Pull)","Jan 9, 2025, 4:50 PM","Jan 9, 2025, 6:02 PM","","T Bar Row",,"",0,"failure",70,10,,,
"PPL - (Pull)","Jan 9, 2025, 4:50 PM","Jan 9, 2025, 6:02 PM","","T Bar Row",,"",1,"failure",70,7,,,
"PPL - (Pull)","Jan 9, 2025, 4:50 PM","Jan 9, 2025, 6:02 PM","","Bicep Curl (Cable)",,"",0,"failure",38.5,9,,,
"PPL - (Pull)","Jan 9, 2025, 4:50 PM","Jan 9, 2025, 6:02 PM","","Bicep Curl (Cable)",,"",1,"failure",38.5,6,,,
"PPL - (Pull)","Jan 9, 2025, 4:50 PM","Jan 9, 2025, 6:02 PM","","Seated Row (Machine)",,"",0,"failure",120,4,,,
"PPL - (Pull)","Jan 9, 2025, 4:50 PM","Jan 9, 2025, 6:02 PM","","Seated Row (Machine)",,"",1,"failure",100,8,,,
"PPL - (Pull)","Jan 9, 2025, 4:50 PM","Jan 9, 2025, 6:02 PM","","Bicep Curl (Dumbbell)",,"seated",0,"failure",22.5,9,,,
"PPL - (Pull)","Jan 9, 2025, 4:50 PM","Jan 9, 2025, 6:02 PM","","Bicep Curl (Dumbbell)",,"seated",1,"failure",22.5,6,,,
"PPL - (Pull)","Jan 9, 2025, 4:50 PM","Jan 9, 2025, 6:02 PM","","Bicep Curl (Dumbbell)",,"seated",2,"failure",20,8,,,
"PPL - (Pull)","Jan 9, 2025, 4:50 PM","Jan 9, 2025, 6:02 PM","","Crunch (Machine)",,"",0,"failure",85,17,,,
"PPL - (Pull)","Jan 9, 2025, 4:50 PM","Jan 9, 2025, 6:02 PM","","Crunch (Machine)",,"",1,"failure",70,12,,,
"PPL - (Pull)","Jan 9, 2025, 4:50 PM","Jan 9, 2025, 6:02 PM","","Stair Machine",,"",0,"normal",,,,1500,
"Afternoon workout 💪","Jan 8, 2025, 4:01 PM","Jan 8, 2025, 4:26 PM","","Stair Machine",,"",0,"normal",,,,1500,
"PPL (Push)","Jan 8, 2025, 3:27 PM","Jan 8, 2025, 4:01 PM","","Incline Bench Press (Dumbbell)",,"",0,"failure",40,6,,,
"PPL (Push)","Jan 8, 2025, 3:27 PM","Jan 8, 2025, 4:01 PM","","Incline Bench Press (Dumbbell)",,"",1,"failure",35,8,,,
"PPL (Push)","Jan 8, 2025, 3:27 PM","Jan 8, 2025, 4:01 PM","","Butterfly (Pec Deck)",,"",0,"failure",110,9,,,
"PPL (Push)","Jan 8, 2025, 3:27 PM","Jan 8, 2025, 4:01 PM","","Butterfly (Pec Deck)",,"",1,"failure",120,5,,,
"PPL (Push)","Jan 8, 2025, 3:27 PM","Jan 8, 2025, 4:01 PM","","Butterfly (Pec Deck)",,"",2,"failure",100,6,,,
"PPL (Push)","Jan 8, 2025, 3:27 PM","Jan 8, 2025, 4:01 PM","","Lateral Raise (Dumbbell)",,"seated",0,"failure",15,8,,,
"PPL (Push)","Jan 8, 2025, 3:27 PM","Jan 8, 2025, 4:01 PM","","Lateral Raise (Dumbbell)",,"seated",1,"failure",15,8,,,
"PPL (Push)","Jan 8, 2025, 3:27 PM","Jan 8, 2025, 4:01 PM","","Triceps Pushdown",,"",0,"failure",55,8,,,
"PPL (Push)","Jan 8, 2025, 3:27 PM","Jan 8, 2025, 4:01 PM","","Triceps Pushdown",,"",1,"failure",55,8,,,
"PPL (Push)","Jan 8, 2025, 3:27 PM","Jan 8, 2025, 4:01 PM","","Seated Dip Machine",,"",0,"warmup",90,14,,,
"PPL (Push)","Jan 8, 2025, 3:27 PM","Jan 8, 2025, 4:01 PM","","Seated Dip Machine",,"",1,"failure",100,8,,,
"PPL - (Pull)","Jan 6, 2025, 3:04 PM","Jan 6, 2025, 4:03 PM","","Lat Pulldown (Cable)",,"",0,"failure",131,7,,,
"PPL - (Pull)","Jan 6, 2025, 3:04 PM","Jan 6, 2025, 4:03 PM","","Lat Pulldown (Cable)",,"",1,"failure",131,6,,,
"PPL - (Pull)","Jan 6, 2025, 3:04 PM","Jan 6, 2025, 4:03 PM","","Lat Pulldown (Cable)",,"",2,"failure",121,6,,,
"PPL - (Pull)","Jan 6, 2025, 3:04 PM","Jan 6, 2025, 4:03 PM","","T Bar Row",,"",0,"failure",80,11,,,
"PPL - (Pull)","Jan 6, 2025, 3:04 PM","Jan 6, 2025, 4:03 PM","","T Bar Row",,"",1,"failure",70,6,,,
"PPL - (Pull)","Jan 6, 2025, 3:04 PM","Jan 6, 2025, 4:03 PM","","Seated Row (Machine)",,"",0,"failure",120,9,,,
"PPL - (Pull)","Jan 6, 2025, 3:04 PM","Jan 6, 2025, 4:03 PM","","Seated Row (Machine)",,"",1,"failure",110,7,,,
"PPL - (Pull)","Jan 6, 2025, 3:04 PM","Jan 6, 2025, 4:03 PM","","Preacher Curl (Barbell)",,"",0,"failure",50,6,,,
"PPL - (Pull)","Jan 6, 2025, 3:04 PM","Jan 6, 2025, 4:03 PM","","Preacher Curl (Barbell)",,"",1,"failure",40,7,,,
"PPL - (Pull)","Jan 6, 2025, 3:04 PM","Jan 6, 2025, 4:03 PM","","Preacher Curl (Machine)",,"",0,"failure",50,8,,,
"PPL - (Pull)","Jan 6, 2025, 3:04 PM","Jan 6, 2025, 4:03 PM","","Preacher Curl (Machine)",,"",1,"failure",50,5,,,
"PPL - (Pull)","Jan 6, 2025, 3:04 PM","Jan 6, 2025, 4:03 PM","","Stair Machine",,"speed 9",0,"failure",,,,1200,
"PPL (Push)","Jan 5, 2025, 3:28 PM","Jan 5, 2025, 3:53 PM","","Incline Bench Press (Dumbbell)",,"",0,"failure",40,9,,,
"PPL (Push)","Jan 5, 2025, 3:28 PM","Jan 5, 2025, 3:53 PM","","Incline Bench Press (Dumbbell)",,"",1,"failure",40,8,,,
"PPL (Push)","Jan 5, 2025, 3:28 PM","Jan 5, 2025, 3:53 PM","","Butterfly (Pec Deck)",,"",0,"failure",110,8,,,
"PPL (Push)","Jan 5, 2025, 3:28 PM","Jan 5, 2025, 3:53 PM","","Butterfly (Pec Deck)",,"",1,"failure",120,4,,,
"PPL (Push)","Jan 5, 2025, 3:28 PM","Jan 5, 2025, 3:53 PM","","Butterfly (Pec Deck)",,"",2,"failure",100,8,,,
"PPL (Push)","Jan 5, 2025, 3:28 PM","Jan 5, 2025, 3:53 PM","","Lateral Raise (Dumbbell)",,"",0,"failure",15,10,,,
"PPL (Push)","Jan 5, 2025, 3:28 PM","Jan 5, 2025, 3:53 PM","","Triceps Pushdown",,"",0,"warmup",49.5,10,,,
"PPL (Push)","Jan 5, 2025, 3:28 PM","Jan 5, 2025, 3:53 PM","","Triceps Pushdown",,"",1,"failure",55,6,,,
"PPL (Push)","Jan 5, 2025, 3:28 PM","Jan 5, 2025, 3:53 PM","","Triceps Pushdown",,"",2,"failure",44,6,,,
"PPL (Push)","Jan 5, 2025, 3:28 PM","Jan 5, 2025, 3:53 PM","","Rear Delt Reverse Fly (Machine)",,"",0,"warmup",70,8,,,
"PPL (Push)","Jan 5, 2025, 3:28 PM","Jan 5, 2025, 3:53 PM","","Chest Press (Machine)",,"",0,"normal",100,5,,,
"Legs","Jan 4, 2025, 4:19 PM","Jan 4, 2025, 5:10 PM","","Squat (Barbell)",,"",0,"warmup",114.09,7,,,
"Legs","Jan 4, 2025, 4:19 PM","Jan 4, 2025, 5:10 PM","","Squat (Barbell)",,"",1,"failure",144.09,3,,,
"Legs","Jan 4, 2025, 4:19 PM","Jan 4, 2025, 5:10 PM","","Squat (Barbell)",,"",2,"failure",114.09,8,,,
"Legs","Jan 4, 2025, 4:19 PM","Jan 4, 2025, 5:10 PM","","Leg Extension (Machine)",,"",0,"failure",130,12,,,
"Legs","Jan 4, 2025, 4:19 PM","Jan 4, 2025, 5:10 PM","","Leg Extension (Machine)",,"",1,"failure",120,9,,,
"Legs","Jan 4, 2025, 4:19 PM","Jan 4, 2025, 5:10 PM","","Leg Extension (Machine)",,"",2,"failure",120,8,,,
"Legs","Jan 4, 2025, 4:19 PM","Jan 4, 2025, 5:10 PM","","Seated Leg Curl (Machine)",,"",0,"failure",105,3,,,
"Legs","Jan 4, 2025, 4:19 PM","Jan 4, 2025, 5:10 PM","","Seated Leg Curl (Machine)",,"",1,"failure",115,7,,,
"Legs","Jan 4, 2025, 4:19 PM","Jan 4, 2025, 5:10 PM","","Seated Leg Curl (Machine)",,"",2,"failure",105,7,,,
"Legs","Jan 4, 2025, 4:19 PM","Jan 4, 2025, 5:10 PM","","Seated Calf Raise",,"",0,"failure",80,13,,,
"Legs","Jan 4, 2025, 4:19 PM","Jan 4, 2025, 5:10 PM","","Seated Calf Raise",,"",1,"failure",70,12,,,
"Legs","Jan 4, 2025, 4:19 PM","Jan 4, 2025, 5:10 PM","","Stair Machine",,"speed 9",0,"normal",,,,1200,
"PPL - (Pull)","Jan 1, 2025, 11:44 AM","Jan 1, 2025, 12:34 PM","","Lat Pulldown (Cable)",,"",0,"failure",143,7,,,
"PPL - (Pull)","Jan 1, 2025, 11:44 AM","Jan 1, 2025, 12:34 PM","","Lat Pulldown (Cable)",,"",1,"failure",143,6,,,
"PPL - (Pull)","Jan 1, 2025, 11:44 AM","Jan 1, 2025, 12:34 PM","","Lat Pulldown (Cable)",,"",2,"failure",131,6,,,
"PPL - (Pull)","Jan 1, 2025, 11:44 AM","Jan 1, 2025, 12:34 PM","","T Bar Row",,"",0,"failure",80,8,,,
"PPL - (Pull)","Jan 1, 2025, 11:44 AM","Jan 1, 2025, 12:34 PM","","T Bar Row",,"",1,"failure",70,7,,,
"PPL - (Pull)","Jan 1, 2025, 11:44 AM","Jan 1, 2025, 12:34 PM","","Bicep Curl (Cable)",,"",0,"failure",44,6,,,
"PPL - (Pull)","Jan 1, 2025, 11:44 AM","Jan 1, 2025, 12:34 PM","","Bicep Curl (Cable)",,"",1,"failure",38.5,8,,,
"PPL - (Pull)","Jan 1, 2025, 11:44 AM","Jan 1, 2025, 12:34 PM","","Bicep Curl (Cable)",,"",2,"failure",38.5,5,,,
"PPL - (Pull)","Jan 1, 2025, 11:44 AM","Jan 1, 2025, 12:34 PM","","Seated Row (Machine)",,"",0,"failure",100,7,,,
"PPL - (Pull)","Jan 1, 2025, 11:44 AM","Jan 1, 2025, 12:34 PM","","Seated Row (Machine)",,"",1,"failure",100,8,,,
"PPL - (Pull)","Jan 1, 2025, 11:44 AM","Jan 1, 2025, 12:34 PM","","Preacher Curl (Barbell)",,"",0,"failure",50,5,,,
"PPL - (Pull)","Jan 1, 2025, 11:44 AM","Jan 1, 2025, 12:34 PM","","Preacher Curl (Barbell)",,"",1,"failure",50,4,,,
"PPL - (Pull)","Jan 1, 2025, 11:44 AM","Jan 1, 2025, 12:34 PM","","Stair Machine",,"",0,"normal",,,,677,
"PPL (Push)","Dec 30, 2024, 7:04 PM","Dec 30, 2024, 7:55 PM","","Lateral Raise (Dumbbell)",,"",0,"failure",15,11,,,
"PPL (Push)","Dec 30, 2024, 7:04 PM","Dec 30, 2024, 7:55 PM","","Lateral Raise (Dumbbell)",,"",1,"failure",15,8,,,
"PPL (Push)","Dec 30, 2024, 7:04 PM","Dec 30, 2024, 7:55 PM","","Triceps Pushdown",,"",0,"failure",55,10,,,
"PPL (Push)","Dec 30, 2024, 7:04 PM","Dec 30, 2024, 7:55 PM","","Triceps Pushdown",,"",1,"failure",49.5,9,,,
"PPL (Push)","Dec 30, 2024, 7:04 PM","Dec 30, 2024, 7:55 PM","","Chest Press (Machine)",,"",0,"failure",100,11,,,
"PPL (Push)","Dec 30, 2024, 7:04 PM","Dec 30, 2024, 7:55 PM","","Chest Press (Machine)",,"",1,"failure",110,4,,,
"PPL (Push)","Dec 30, 2024, 7:04 PM","Dec 30, 2024, 7:55 PM","","Deltoid Raise",,"",0,"failure",60,6,,,
"PPL (Push)","Dec 30, 2024, 7:04 PM","Dec 30, 2024, 7:55 PM","","Deltoid Raise",,"",1,"failure",60,6,,,
"PPL (Push)","Dec 30, 2024, 7:04 PM","Dec 30, 2024, 7:55 PM","","Seated Shoulder Press (Machine)",,"",0,"failure",85,5,,,
"PPL (Push)","Dec 30, 2024, 7:04 PM","Dec 30, 2024, 7:55 PM","","Seated Shoulder Press (Machine)",,"",1,"failure",80,5,,,
"PPL (Push)","Dec 30, 2024, 7:04 PM","Dec 30, 2024, 7:55 PM","","Seated Shoulder Press (Machine)",,"",2,"failure",75,5,,,
"Legs","Dec 29, 2024, 7:06 PM","Dec 29, 2024, 7:46 PM","","Squat (Barbell)",,"",0,"failure",114.09,8,,,
"Legs","Dec 29, 2024, 7:06 PM","Dec 29, 2024, 7:46 PM","","Squat (Barbell)",,"",1,"failure",94,8,,,
"Legs","Dec 29, 2024, 7:06 PM","Dec 29, 2024, 7:46 PM","","Leg Extension (Machine)",,"",0,"failure",120,12,,,
"Legs","Dec 29, 2024, 7:06 PM","Dec 29, 2024, 7:46 PM","","Leg Extension (Machine)",,"",1,"failure",135,8,,,
"Legs","Dec 29, 2024, 7:06 PM","Dec 29, 2024, 7:46 PM","","Leg Extension (Machine)",,"",2,"failure",130,8,,,
"Legs","Dec 29, 2024, 7:06 PM","Dec 29, 2024, 7:46 PM","","Seated Leg Curl (Machine)",,"",0,"failure",105,8,,,
"Legs","Dec 29, 2024, 7:06 PM","Dec 29, 2024, 7:46 PM","","Seated Leg Curl (Machine)",,"",1,"failure",105,8,,,
"Legs","Dec 29, 2024, 7:06 PM","Dec 29, 2024, 7:46 PM","","Seated Calf Raise",,"",0,"failure",70,12,,,
"Legs","Dec 29, 2024, 7:06 PM","Dec 29, 2024, 7:46 PM","","Seated Calf Raise",,"",1,"failure",70,8,,,
"Legs","Dec 29, 2024, 7:06 PM","Dec 29, 2024, 7:46 PM","","Stair Machine",,"",0,"normal",,,,600,
"PPL - (Pull)","Dec 27, 2024, 3:23 PM","Dec 27, 2024, 4:23 PM","","Lat Pulldown (Cable)",,"",0,"failure",143,4,,,
"PPL - (Pull)","Dec 27, 2024, 3:23 PM","Dec 27, 2024, 4:23 PM","","Lat Pulldown (Cable)",,"",1,"failure",126,6,,,
"PPL - (Pull)","Dec 27, 2024, 3:23 PM","Dec 27, 2024, 4:23 PM","","Lat Pulldown (Cable)",,"",2,"failure",115,6,,,
"PPL - (Pull)","Dec 27, 2024, 3:23 PM","Dec 27, 2024, 4:23 PM","","T Bar Row",,"",0,"failure",60,8,,,
"PPL - (Pull)","Dec 27, 2024, 3:23 PM","Dec 27, 2024, 4:23 PM","","T Bar Row",,"",1,"failure",55,7,,,
"PPL - (Pull)","Dec 27, 2024, 3:23 PM","Dec 27, 2024, 4:23 PM","","Bicep Curl (Cable)",,"",0,"failure",49.5,5,,,
"PPL - (Pull)","Dec 27, 2024, 3:23 PM","Dec 27, 2024, 4:23 PM","","Bicep Curl (Cable)",,"",1,"failure",38.5,6,,,
"PPL - (Pull)","Dec 27, 2024, 3:23 PM","Dec 27, 2024, 4:23 PM","","Bicep Curl (Cable)",,"",2,"failure",38.5,6,,,
"PPL - (Pull)","Dec 27, 2024, 3:23 PM","Dec 27, 2024, 4:23 PM","","Seated Row (Machine)",,"",0,"failure",115,9,,,
"PPL - (Pull)","Dec 27, 2024, 3:23 PM","Dec 27, 2024, 4:23 PM","","Seated Row (Machine)",,"",1,"failure",120,6,,,
"PPL - (Pull)","Dec 27, 2024, 3:23 PM","Dec 27, 2024, 4:23 PM","","Stair Machine",,"",0,"normal",,,,1595,
"PPL (Push)","Dec 22, 2024, 2:39 PM","Dec 22, 2024, 3:09 PM","","Incline Bench Press (Dumbbell)",,"shoulder pain",0,"failure",40,4,,,
"PPL (Push)","Dec 22, 2024, 2:39 PM","Dec 22, 2024, 3:09 PM","","Butterfly (Pec Deck)",,"",0,"failure",110,10,,,
"PPL (Push)","Dec 22, 2024, 2:39 PM","Dec 22, 2024, 3:09 PM","","Butterfly (Pec Deck)",,"",1,"failure",110,8,,,
"PPL (Push)","Dec 22, 2024, 2:39 PM","Dec 22, 2024, 3:09 PM","","Butterfly (Pec Deck)",,"",2,"failure",105,6,,,
"PPL (Push)","Dec 22, 2024, 2:39 PM","Dec 22, 2024, 3:09 PM","","Lateral Raise (Dumbbell)",,"",0,"failure",15,6,,,
"PPL (Push)","Dec 22, 2024, 2:39 PM","Dec 22, 2024, 3:09 PM","","Lateral Raise (Dumbbell)",,"",1,"failure",15,4,,,
"PPL (Push)","Dec 22, 2024, 2:39 PM","Dec 22, 2024, 3:09 PM","","Triceps Pushdown",,"",0,"failure",55,9,,,
"PPL (Push)","Dec 22, 2024, 2:39 PM","Dec 22, 2024, 3:09 PM","","Triceps Pushdown",,"",1,"failure",49.5,8,,,
"PPL (Push)","Dec 22, 2024, 2:39 PM","Dec 22, 2024, 3:09 PM","","Triceps Pushdown",,"",2,"failure",49.5,6,,,
"PPL (Push)","Dec 22, 2024, 2:39 PM","Dec 22, 2024, 3:09 PM","","Knee Raise Parallel Bars",,"",0,"failure",,20,,,
"PPL (Push)","Dec 22, 2024, 2:39 PM","Dec 22, 2024, 3:09 PM","","Knee Raise Parallel Bars",,"",1,"failure",,23,,,
"PPL - (Pull)","Dec 21, 2024, 4:43 PM","Dec 21, 2024, 5:21 PM","","Lat Pulldown (Cable)",,"",0,"failure",143,7,,,
"PPL - (Pull)","Dec 21, 2024, 4:43 PM","Dec 21, 2024, 5:21 PM","","Lat Pulldown (Cable)",,"",1,"failure",126,7,,,
"PPL - (Pull)","Dec 21, 2024, 4:43 PM","Dec 21, 2024, 5:21 PM","","Lat Pulldown (Cable)",,"",2,"failure",126,8,,,
"PPL - (Pull)","Dec 21, 2024, 4:43 PM","Dec 21, 2024, 5:21 PM","","Seated Row (Machine)",,"",0,"failure",110,7,,,
"PPL - (Pull)","Dec 21, 2024, 4:43 PM","Dec 21, 2024, 5:21 PM","","Seated Row (Machine)",,"",1,"normal",110,6,,,
"PPL - (Pull)","Dec 21, 2024, 4:43 PM","Dec 21, 2024, 5:21 PM","","Bicep Curl (Dumbbell)",,"",0,"failure",25,6,,,
"PPL - (Pull)","Dec 21, 2024, 4:43 PM","Dec 21, 2024, 5:21 PM","","Bicep Curl (Dumbbell)",,"",1,"failure",25,5,,,
"PPL - (Pull)","Dec 21, 2024, 4:43 PM","Dec 21, 2024, 5:21 PM","","Stair Machine",,"",0,"normal",,,,600,
"Legs","Dec 20, 2024, 2:13 PM","Dec 20, 2024, 3:14 PM","","Squat (Barbell)",,"",0,"failure",114.09,6,,,
"Legs","Dec 20, 2024, 2:13 PM","Dec 20, 2024, 3:14 PM","","Squat (Barbell)",,"",1,"failure",144.09,2,,,
"Legs","Dec 20, 2024, 2:13 PM","Dec 20, 2024, 3:14 PM","","Squat (Barbell)",,"",2,"failure",114.09,6,,,
"Legs","Dec 20, 2024, 2:13 PM","Dec 20, 2024, 3:14 PM","","Leg Extension (Machine)",,"",0,"failure",130,10,,,
"Legs","Dec 20, 2024, 2:13 PM","Dec 20, 2024, 3:14 PM","","Leg Extension (Machine)",,"",1,"failure",140,8,,,
"Legs","Dec 20, 2024, 2:13 PM","Dec 20, 2024, 3:14 PM","","Leg Extension (Machine)",,"",2,"failure",120,4,,,
"Legs","Dec 20, 2024, 2:13 PM","Dec 20, 2024, 3:14 PM","","Seated Leg Curl (Machine)",,"",0,"warmup",90,8,,,
"Legs","Dec 20, 2024, 2:13 PM","Dec 20, 2024, 3:14 PM","","Seated Leg Curl (Machine)",,"",1,"failure",100,7,,,
"Legs","Dec 20, 2024, 2:13 PM","Dec 20, 2024, 3:14 PM","","Seated Leg Curl (Machine)",,"",2,"failure",100,6,,,
"Legs","Dec 20, 2024, 2:13 PM","Dec 20, 2024, 3:14 PM","","Hip Abduction (Machine)",,"",0,"failure",120,9,,,
"Legs","Dec 20, 2024, 2:13 PM","Dec 20, 2024, 3:14 PM","","Hip Abduction (Machine)",,"",1,"failure",120,6,,,
"Legs","Dec 20, 2024, 2:13 PM","Dec 20, 2024, 3:14 PM","","Stair Machine",,"",0,"normal",,,,1500,
"PPL (Push)","Dec 18, 2024, 3:36 PM","Dec 18, 2024, 4:24 PM","","Incline Bench Press (Dumbbell)",,"",0,"failure",40,6,,,
"PPL (Push)","Dec 18, 2024, 3:36 PM","Dec 18, 2024, 4:24 PM","","Incline Bench Press (Dumbbell)",,"",1,"failure",40,6,,,
"PPL (Push)","Dec 18, 2024, 3:36 PM","Dec 18, 2024, 4:24 PM","","Incline Bench Press (Dumbbell)",,"",2,"failure",40,3,,,
"PPL (Push)","Dec 18, 2024, 3:36 PM","Dec 18, 2024, 4:24 PM","","Lateral Raise (Dumbbell)",,"",0,"failure",17.5,10,,,
"PPL (Push)","Dec 18, 2024, 3:36 PM","Dec 18, 2024, 4:24 PM","","Lateral Raise (Dumbbell)",,"",1,"failure",15,9,,,
"PPL (Push)","Dec 18, 2024, 3:36 PM","Dec 18, 2024, 4:24 PM","","Triceps Pushdown",,"",0,"failure",49.5,9,,,
"PPL (Push)","Dec 18, 2024, 3:36 PM","Dec 18, 2024, 4:24 PM","","Triceps Pushdown",,"",1,"failure",44,8,,,
"PPL (Push)","Dec 18, 2024, 3:36 PM","Dec 18, 2024, 4:24 PM","","Triceps Pushdown",,"",2,"failure",44,6,,,
"PPL (Push)","Dec 18, 2024, 3:36 PM","Dec 18, 2024, 4:24 PM","","Stair Machine",,"",0,"normal",,,,1200,
"PPL - (Pull)","Dec 17, 2024, 10:35 AM","Dec 17, 2024, 11:21 AM","","Lat Pulldown (Cable)",,"",0,"warmup",121,8,,,
"PPL - (Pull)","Dec 17, 2024, 10:35 AM","Dec 17, 2024, 11:21 AM","","Lat Pulldown (Cable)",,"",1,"failure",143,4,,,
"PPL - (Pull)","Dec 17, 2024, 10:35 AM","Dec 17, 2024, 11:21 AM","","Lat Pulldown (Cable)",,"",2,"failure",121,6,,,
"PPL - (Pull)","Dec 17, 2024, 10:35 AM","Dec 17, 2024, 11:21 AM","","T Bar Row",,"",0,"failure",70,9,,,
"PPL - (Pull)","Dec 17, 2024, 10:35 AM","Dec 17, 2024, 11:21 AM","","T Bar Row",,"",1,"failure",70,4,,,
"PPL - (Pull)","Dec 17, 2024, 10:35 AM","Dec 17, 2024, 11:21 AM","","Bicep Curl (Cable)",,"",0,"failure",38.5,8,,,
"PPL - (Pull)","Dec 17, 2024, 10:35 AM","Dec 17, 2024, 11:21 AM","","Bicep Curl (Cable)",,"",1,"failure",38.5,9,,,
"PPL - (Pull)","Dec 17, 2024, 10:35 AM","Dec 17, 2024, 11:21 AM","","Seated Row (Machine)",,"",0,"failure",100,8,,,
"PPL - (Pull)","Dec 17, 2024, 10:35 AM","Dec 17, 2024, 11:21 AM","","Seated Row (Machine)",,"",1,"failure",100,5,,,
"PPL - (Pull)","Dec 17, 2024, 10:35 AM","Dec 17, 2024, 11:21 AM","","Preacher Curl (Barbell)",,"",0,"failure",50,10,,,
"PPL - (Pull)","Dec 17, 2024, 10:35 AM","Dec 17, 2024, 11:21 AM","","Preacher Curl (Barbell)",,"",1,"failure",50,8,,,
"PPL - (Pull)","Dec 17, 2024, 10:35 AM","Dec 17, 2024, 11:21 AM","","Stair Machine",,"",0,"normal",,,,600,
"Legs","Dec 6, 2024, 9:23 AM","Dec 6, 2024, 10:25 AM","","Squat (Barbell)",,"",0,"warmup",94.09,5,,,
"Legs","Dec 6, 2024, 9:23 AM","Dec 6, 2024, 10:25 AM","","Squat (Barbell)",,"",1,"failure",114.09,7,,,
"Legs","Dec 6, 2024, 9:23 AM","Dec 6, 2024, 10:25 AM","","Squat (Barbell)",,"",2,"failure",134.09,3,,,
"Legs","Dec 6, 2024, 9:23 AM","Dec 6, 2024, 10:25 AM","","Squat (Barbell)",,"",3,"failure",94.09,8,,,
"Legs","Dec 6, 2024, 9:23 AM","Dec 6, 2024, 10:25 AM","","Leg Extension (Machine)",,"",0,"failure",140,10,,,
"Legs","Dec 6, 2024, 9:23 AM","Dec 6, 2024, 10:25 AM","","Leg Extension (Machine)",,"",1,"failure",140,7,,,
"Legs","Dec 6, 2024, 9:23 AM","Dec 6, 2024, 10:25 AM","","Seated Leg Curl (Machine)",,"",0,"failure",105,7,,,
"Legs","Dec 6, 2024, 9:23 AM","Dec 6, 2024, 10:25 AM","","Seated Leg Curl (Machine)",,"",1,"failure",100,7,,,
"Legs","Dec 6, 2024, 9:23 AM","Dec 6, 2024, 10:25 AM","","Seated Leg Curl (Machine)",,"",2,"failure",90,6,,,
"Legs","Dec 6, 2024, 9:23 AM","Dec 6, 2024, 10:25 AM","","Stair Machine",,"",0,"normal",,,,1200,
"PPL (Push)","Dec 5, 2024, 9:26 AM","Dec 5, 2024, 10:30 AM","","Butterfly (Pec Deck)",,"",0,"failure",110,10,,,
"PPL (Push)","Dec 5, 2024, 9:26 AM","Dec 5, 2024, 10:30 AM","","Butterfly (Pec Deck)",,"",1,"failure",100,9,,,
"PPL (Push)","Dec 5, 2024, 9:26 AM","Dec 5, 2024, 10:30 AM","","Butterfly (Pec Deck)",,"",2,"failure",100,7,,,
"PPL (Push)","Dec 5, 2024, 9:26 AM","Dec 5, 2024, 10:30 AM","","Lateral Raise (Dumbbell)",,"",0,"failure",15,11,,,
"PPL (Push)","Dec 5, 2024, 9:26 AM","Dec 5, 2024, 10:30 AM","","Lateral Raise (Dumbbell)",,"",1,"failure",15,10,,,
"PPL (Push)","Dec 5, 2024, 9:26 AM","Dec 5, 2024, 10:30 AM","","Triceps Pushdown",,"",0,"failure",49.5,9,,,
"PPL (Push)","Dec 5, 2024, 9:26 AM","Dec 5, 2024, 10:30 AM","","Triceps Pushdown",,"",1,"failure",44,9,,,
"PPL (Push)","Dec 5, 2024, 9:26 AM","Dec 5, 2024, 10:30 AM","","Triceps Pushdown",,"",2,"failure",44,9,,,
"PPL (Push)","Dec 5, 2024, 9:26 AM","Dec 5, 2024, 10:30 AM","","Chest Press (Machine)",,"",0,"failure",100,5,,,
"PPL (Push)","Dec 5, 2024, 9:26 AM","Dec 5, 2024, 10:30 AM","","Chest Press (Machine)",,"",1,"failure",90,7,,,
"PPL (Push)","Dec 5, 2024, 9:26 AM","Dec 5, 2024, 10:30 AM","","Chest Press (Machine)",,"",2,"failure",95,5,,,
"PPL (Push)","Dec 5, 2024, 9:26 AM","Dec 5, 2024, 10:30 AM","","Crunch (Machine)",,"",0,"failure",85,14,,,
"PPL (Push)","Dec 5, 2024, 9:26 AM","Dec 5, 2024, 10:30 AM","","Crunch (Machine)",,"",1,"failure",85,9,,,
"PPL (Push)","Dec 5, 2024, 9:26 AM","Dec 5, 2024, 10:30 AM","","Stair Machine",,"",0,"normal",,,,1200,
"PPL - (Pull)","Dec 4, 2024, 10:47 AM","Dec 4, 2024, 11:56 AM","","Lat Pulldown (Cable)",,"",0,"failure",143,3,,,
"PPL - (Pull)","Dec 4, 2024, 10:47 AM","Dec 4, 2024, 11:56 AM","","Lat Pulldown (Cable)",,"",1,"failure",143,3,,,
"PPL - (Pull)","Dec 4, 2024, 10:47 AM","Dec 4, 2024, 11:56 AM","","Lat Pulldown (Cable)",,"",2,"failure",126,6,,,
"PPL - (Pull)","Dec 4, 2024, 10:47 AM","Dec 4, 2024, 11:56 AM","","Lat Pulldown (Cable)",,"",3,"failure",126,5,,,
"PPL - (Pull)","Dec 4, 2024, 10:47 AM","Dec 4, 2024, 11:56 AM","","Bicep Curl (Cable)",,"",0,"failure",38.5,5,,,
"PPL - (Pull)","Dec 4, 2024, 10:47 AM","Dec 4, 2024, 11:56 AM","","Seated Row (Machine)",,"",0,"failure",100,7,,,
"PPL - (Pull)","Dec 4, 2024, 10:47 AM","Dec 4, 2024, 11:56 AM","","Seated Row (Machine)",,"",1,"failure",105,6,,,
"PPL - (Pull)","Dec 4, 2024, 10:47 AM","Dec 4, 2024, 11:56 AM","","Lat Pulldown (Machine)",,"",0,"failure",120,9,,,
"PPL - (Pull)","Dec 4, 2024, 10:47 AM","Dec 4, 2024, 11:56 AM","","Lat Pulldown (Machine)",,"",1,"failure",120,8,,,
"PPL - (Pull)","Dec 4, 2024, 10:47 AM","Dec 4, 2024, 11:56 AM","","Bicep Curl (Dumbbell)",,"",0,"failure",22.5,11,,,
"PPL - (Pull)","Dec 4, 2024, 10:47 AM","Dec 4, 2024, 11:56 AM","","Bicep Curl (Dumbbell)",,"",1,"failure",22.5,9,,,
"PPL - (Pull)","Dec 4, 2024, 10:47 AM","Dec 4, 2024, 11:56 AM","","Single Arm Curl (Cable)",,"",0,"failure",21,8,,,
"PPL - (Pull)","Dec 4, 2024, 10:47 AM","Dec 4, 2024, 11:56 AM","","Single Arm Curl (Cable)",,"",1,"dropset",21,5,,,
"PPL - (Pull)","Dec 4, 2024, 10:47 AM","Dec 4, 2024, 11:56 AM","","Single Arm Curl (Cable)",,"",2,"failure",16,9,,,
"PPL - (Pull)","Dec 4, 2024, 10:47 AM","Dec 4, 2024, 11:56 AM","","Stair Machine",,"steps 1233
floors 77",0,"normal",,,,1200,
"Legs","Nov 30, 2024, 10:25 AM","Nov 30, 2024, 10:56 AM","","Leg Extension (Machine)",,"",0,"failure",135,10,,,
"Legs","Nov 30, 2024, 10:25 AM","Nov 30, 2024, 10:56 AM","","Leg Extension (Machine)",,"",1,"failure",125,9,,,
"Legs","Nov 30, 2024, 10:25 AM","Nov 30, 2024, 10:56 AM","","Leg Extension (Machine)",,"",2,"failure",125,7,,,
"Legs","Nov 30, 2024, 10:25 AM","Nov 30, 2024, 10:56 AM","","Leg Extension (Machine)",,"",3,"failure",110,8,,,
"Legs","Nov 30, 2024, 10:25 AM","Nov 30, 2024, 10:56 AM","","Seated Leg Curl (Machine)",,"",0,"failure",110,8,,,
"Legs","Nov 30, 2024, 10:25 AM","Nov 30, 2024, 10:56 AM","","Seated Leg Curl (Machine)",,"",1,"failure",100,4,,,
"Legs","Nov 30, 2024, 10:25 AM","Nov 30, 2024, 10:56 AM","","Hack Squat (Machine)",,"",0,"warmup",50,5,,,
"Legs","Nov 30, 2024, 10:25 AM","Nov 30, 2024, 10:56 AM","","Hack Squat (Machine)",,"",1,"failure",70,11,,,
"Legs","Nov 30, 2024, 10:25 AM","Nov 30, 2024, 10:56 AM","","Hack Squat (Machine)",,"",2,"failure",80,10,,,
"Legs","Nov 30, 2024, 10:25 AM","Nov 30, 2024, 10:56 AM","","Standing Calf Raise (Machine)",,"",0,"failure",100,9,,,
"PPL (Push)","Nov 29, 2024, 2:57 PM","Nov 29, 2024, 3:51 PM","","Butterfly (Pec Deck)",,"",0,"failure",110,7,,,
"PPL (Push)","Nov 29, 2024, 2:57 PM","Nov 29, 2024, 3:51 PM","","Butterfly (Pec Deck)",,"",1,"failure",100,8,,,
"PPL (Push)","Nov 29, 2024, 2:57 PM","Nov 29, 2024, 3:51 PM","","Butterfly (Pec Deck)",,"",2,"failure",100,6,,,
"PPL (Push)","Nov 29, 2024, 2:57 PM","Nov 29, 2024, 3:51 PM","","Lateral Raise (Dumbbell)",,"",0,"failure",17.5,8,,,
"PPL (Push)","Nov 29, 2024, 2:57 PM","Nov 29, 2024, 3:51 PM","","Lateral Raise (Dumbbell)",,"",1,"failure",15,13,,,
"PPL (Push)","Nov 29, 2024, 2:57 PM","Nov 29, 2024, 3:51 PM","","Leg Raise Parallel Bars",,"",0,"failure",,10,,,
"PPL (Push)","Nov 29, 2024, 2:57 PM","Nov 29, 2024, 3:51 PM","","Leg Raise Parallel Bars",,"",1,"failure",,8,,,
"PPL (Push)","Nov 29, 2024, 2:57 PM","Nov 29, 2024, 3:51 PM","","Knee Raise Parallel Bars",,"",0,"dropset",,10,,,
"PPL (Push)","Nov 29, 2024, 2:57 PM","Nov 29, 2024, 3:51 PM","","Knee Raise Parallel Bars",,"",1,"dropset",,12,,,
"PPL (Push)","Nov 29, 2024, 2:57 PM","Nov 29, 2024, 3:51 PM","","Triceps Pushdown",,"",0,"failure",49.5,13,,,
"PPL (Push)","Nov 29, 2024, 2:57 PM","Nov 29, 2024, 3:51 PM","","Triceps Pushdown",,"",1,"failure",49.5,11,,,
"PPL (Push)","Nov 29, 2024, 2:57 PM","Nov 29, 2024, 3:51 PM","","Triceps Pushdown",,"",2,"failure",44,7,,,
"PPL (Push)","Nov 29, 2024, 2:57 PM","Nov 29, 2024, 3:51 PM","","Stair Machine",,"",0,"normal",,,,1200,
"PPL - (Pull)","Nov 27, 2024, 8:07 PM","Nov 27, 2024, 9:00 PM","","Lat Pulldown (Cable)",,"",0,"failure",143,5,,,
"PPL - (Pull)","Nov 27, 2024, 8:07 PM","Nov 27, 2024, 9:00 PM","","Lat Pulldown (Cable)",,"",1,"failure",126,9,,,
"PPL - (Pull)","Nov 27, 2024, 8:07 PM","Nov 27, 2024, 9:00 PM","","Lat Pulldown (Cable)",,"",2,"failure",126,6,,,
"PPL - (Pull)","Nov 27, 2024, 8:07 PM","Nov 27, 2024, 9:00 PM","","T Bar Row",,"",0,"failure",70,9,,,
"PPL - (Pull)","Nov 27, 2024, 8:07 PM","Nov 27, 2024, 9:00 PM","","T Bar Row",,"",1,"failure",70,6,,,
"PPL - (Pull)","Nov 27, 2024, 8:07 PM","Nov 27, 2024, 9:00 PM","","Bicep Curl (Cable)",,"",0,"failure",38.5,10,,,
"PPL - (Pull)","Nov 27, 2024, 8:07 PM","Nov 27, 2024, 9:00 PM","","Bicep Curl (Cable)",,"",1,"failure",38.5,7,,,
"PPL - (Pull)","Nov 27, 2024, 8:07 PM","Nov 27, 2024, 9:00 PM","","Seated Row (Machine)",,"",0,"normal",110,5,,,
"PPL - (Pull)","Nov 27, 2024, 8:07 PM","Nov 27, 2024, 9:00 PM","","Seated Row (Machine)",,"",1,"normal",100,7,,,
"PPL - (Pull)","Nov 27, 2024, 8:07 PM","Nov 27, 2024, 9:00 PM","","Lat Pulldown (Machine)",,"",0,"normal",130,7,,,
"PPL - (Pull)","Nov 27, 2024, 8:07 PM","Nov 27, 2024, 9:00 PM","","Lat Pulldown (Machine)",,"",1,"normal",120,5,,,
"PPL - (Pull)","Nov 27, 2024, 8:07 PM","Nov 27, 2024, 9:00 PM","","Bicep Curl (Dumbbell)",,"seated",0,"failure",22.5,8,,,
"PPL - (Pull)","Nov 27, 2024, 8:07 PM","Nov 27, 2024, 9:00 PM","","Bicep Curl (Dumbbell)",,"seated",1,"failure",22.5,9,,,
"PPL - (Pull)","Nov 27, 2024, 8:07 PM","Nov 27, 2024, 9:00 PM","","Crunch (Machine)",,"",0,"failure",70,14,,,
"PPL - (Pull)","Nov 27, 2024, 8:07 PM","Nov 27, 2024, 9:00 PM","","Crunch (Machine)",,"",1,"failure",80,13,,,
"PPL - (Pull)","Nov 23, 2024, 7:47 PM","Nov 23, 2024, 9:03 PM","","Lat Pulldown (Cable)",,"",0,"failure",143,8,,,
"PPL - (Pull)","Nov 23, 2024, 7:47 PM","Nov 23, 2024, 9:03 PM","","Lat Pulldown (Cable)",,"",1,"dropset",115,3,,,
"PPL - (Pull)","Nov 23, 2024, 7:47 PM","Nov 23, 2024, 9:03 PM","","Lat Pulldown (Cable)",,"",2,"dropset",126,5,,,
"PPL - (Pull)","Nov 23, 2024, 7:47 PM","Nov 23, 2024, 9:03 PM","","Lat Pulldown (Cable)",,"",3,"failure",126,6,,,
"PPL - (Pull)","Nov 23, 2024, 7:47 PM","Nov 23, 2024, 9:03 PM","","T Bar Row",,"",0,"failure",70,12,,,
"PPL - (Pull)","Nov 23, 2024, 7:47 PM","Nov 23, 2024, 9:03 PM","","T Bar Row",,"",1,"failure",60,8,,,
"PPL - (Pull)","Nov 23, 2024, 7:47 PM","Nov 23, 2024, 9:03 PM","","T Bar Row",,"",2,"failure",60,6,,,
"PPL - (Pull)","Nov 23, 2024, 7:47 PM","Nov 23, 2024, 9:03 PM","","Bicep Curl (Cable)",,"",0,"failure",38.5,12,,,
"PPL - (Pull)","Nov 23, 2024, 7:47 PM","Nov 23, 2024, 9:03 PM","","Bicep Curl (Cable)",,"",1,"failure",38.5,6,,,
"PPL - (Pull)","Nov 23, 2024, 7:47 PM","Nov 23, 2024, 9:03 PM","","Bicep Curl (Cable)",,"",2,"failure",33,4,,,
"PPL - (Pull)","Nov 23, 2024, 7:47 PM","Nov 23, 2024, 9:03 PM","","Seated Row (Machine)",,"",0,"failure",110,9,,,
"PPL - (Pull)","Nov 23, 2024, 7:47 PM","Nov 23, 2024, 9:03 PM","","Seated Row (Machine)",,"",1,"failure",110,5,,,
"PPL - (Pull)","Nov 23, 2024, 7:47 PM","Nov 23, 2024, 9:03 PM","","Bicep Curl (Dumbbell)",,"seated",0,"failure",22.5,10,,,
"PPL - (Pull)","Nov 23, 2024, 7:47 PM","Nov 23, 2024, 9:03 PM","","Bicep Curl (Dumbbell)",,"seated",1,"failure",22.5,10,,,
"PPL - (Pull)","Nov 23, 2024, 7:47 PM","Nov 23, 2024, 9:03 PM","","Bicep Curl (Dumbbell)",,"seated",2,"failure",22.5,9,,,
"Legs","Nov 21, 2024, 5:27 PM","Nov 21, 2024, 6:11 PM","","Squat (Barbell)",,"",0,"failure",114.09,10,,,
"Legs","Nov 21, 2024, 5:27 PM","Nov 21, 2024, 6:11 PM","","Squat (Barbell)",,"",1,"failure",124.09,5,,,
"Legs","Nov 21, 2024, 5:27 PM","Nov 21, 2024, 6:11 PM","","Squat (Barbell)",,"",2,"failure",97.09,10,,,
"Legs","Nov 21, 2024, 5:27 PM","Nov 21, 2024, 6:11 PM","","Seated Leg Curl (Machine)",,"",0,"failure",110,10,,,
"Legs","Nov 21, 2024, 5:27 PM","Nov 21, 2024, 6:11 PM","","Seated Leg Curl (Machine)",,"",1,"failure",100,8,,,
"Legs","Nov 21, 2024, 5:27 PM","Nov 21, 2024, 6:11 PM","","Seated Leg Curl (Machine)",,"",2,"failure",100,6,,,
"Legs","Nov 21, 2024, 5:27 PM","Nov 21, 2024, 6:11 PM","","Knee Raise Parallel Bars",,"",0,"normal",,27,,,
"Legs","Nov 21, 2024, 5:27 PM","Nov 21, 2024, 6:11 PM","","Knee Raise Parallel Bars",,"",1,"failure",,10,,,
"PPL (Push)","Nov 19, 2024, 11:10 PM","Nov 19, 2024, 11:46 PM","","Incline Bench Press (Dumbbell)",,"",0,"failure",45,6,,,
"PPL (Push)","Nov 19, 2024, 11:10 PM","Nov 19, 2024, 11:46 PM","","Incline Bench Press (Dumbbell)",,"",1,"failure",35,10,,,
"PPL (Push)","Nov 19, 2024, 11:10 PM","Nov 19, 2024, 11:46 PM","","Lateral Raise (Dumbbell)",,"",0,"failure",17.5,10,,,
"PPL (Push)","Nov 19, 2024, 11:10 PM","Nov 19, 2024, 11:46 PM","","Lateral Raise (Dumbbell)",,"",1,"normal",15,15,,,
"PPL (Push)","Nov 19, 2024, 11:10 PM","Nov 19, 2024, 11:46 PM","","Lateral Raise (Dumbbell)",,"",2,"failure",15,10,,,
"PPL (Push)","Nov 19, 2024, 11:10 PM","Nov 19, 2024, 11:46 PM","","Hex Press (Dumbbell)",,"",0,"failure",40,5,,,
"PPL (Push)","Nov 19, 2024, 11:10 PM","Nov 19, 2024, 11:46 PM","","Hex Press (Dumbbell)",,"",1,"failure",35,5,,,
"PPL (Push)","Nov 19, 2024, 11:10 PM","Nov 19, 2024, 11:46 PM","","Triceps Pushdown",,"",0,"failure",44,13,,,
"PPL (Push)","Nov 19, 2024, 11:10 PM","Nov 19, 2024, 11:46 PM","","Triceps Pushdown",,"",1,"failure",44,10,,,
"PPL (Push)","Nov 19, 2024, 11:10 PM","Nov 19, 2024, 11:46 PM","","Triceps Pushdown",,"",2,"failure",38.5,3,,,
"PPL (Push)","Nov 19, 2024, 11:10 PM","Nov 19, 2024, 11:46 PM","","Chest Press (Machine)",,"",0,"failure",90,7,,,
"PPL (Push)","Nov 19, 2024, 11:10 PM","Nov 19, 2024, 11:46 PM","","Chest Press (Machine)",,"",1,"failure",80,8,,,
"PPL - (Pull)","Nov 17, 2024, 6:06 PM","Nov 17, 2024, 6:41 PM","","Lat Pulldown (Cable)",,"",0,"failure",126,11,,,
"PPL - (Pull)","Nov 17, 2024, 6:06 PM","Nov 17, 2024, 6:41 PM","","Lat Pulldown (Cable)",,"",1,"failure",143,6,,,
"PPL - (Pull)","Nov 17, 2024, 6:06 PM","Nov 17, 2024, 6:41 PM","","Lat Pulldown (Cable)",,"",2,"failure",126,6,,,
"PPL - (Pull)","Nov 17, 2024, 6:06 PM","Nov 17, 2024, 6:41 PM","","T Bar Row",,"",0,"failure",80,5,,,
"PPL - (Pull)","Nov 17, 2024, 6:06 PM","Nov 17, 2024, 6:41 PM","","T Bar Row",,"",1,"failure",70,6,,,
"PPL - (Pull)","Nov 17, 2024, 6:06 PM","Nov 17, 2024, 6:41 PM","","T Bar Row",,"",2,"failure",60,8,,,
"PPL - (Pull)","Nov 17, 2024, 6:06 PM","Nov 17, 2024, 6:41 PM","","Bicep Curl (Cable)",,"",0,"failure",44,6,,,
"PPL - (Pull)","Nov 17, 2024, 6:06 PM","Nov 17, 2024, 6:41 PM","","Bicep Curl (Cable)",,"",1,"failure",38.5,6,,,
"PPL - (Pull)","Nov 17, 2024, 6:06 PM","Nov 17, 2024, 6:41 PM","","Preacher Curl (Barbell)",,"",0,"failure",50,7,,,
"PPL - (Pull)","Nov 17, 2024, 6:06 PM","Nov 17, 2024, 6:41 PM","","Preacher Curl (Barbell)",,"",1,"failure",50,5,,,
"Legs","Nov 14, 2024, 5:38 PM","Nov 14, 2024, 6:44 PM","","Squat (Barbell)",,"",0,"failure",104.09,8,,,
"Legs","Nov 14, 2024, 5:38 PM","Nov 14, 2024, 6:44 PM","","Squat (Barbell)",,"",1,"failure",124.09,6,,,
"Legs","Nov 14, 2024, 5:38 PM","Nov 14, 2024, 6:44 PM","","Squat (Barbell)",,"",2,"failure",134.09,4,,,
"Legs","Nov 14, 2024, 5:38 PM","Nov 14, 2024, 6:44 PM","","Squat (Barbell)",,"",3,"failure",104.09,7,,,
"Legs","Nov 14, 2024, 5:38 PM","Nov 14, 2024, 6:44 PM","","Leg Extension (Machine)",,"",0,"failure",130,10,,,
"Legs","Nov 14, 2024, 5:38 PM","Nov 14, 2024, 6:44 PM","","Leg Extension (Machine)",,"",1,"failure",115,7,,,
"Legs","Nov 14, 2024, 5:38 PM","Nov 14, 2024, 6:44 PM","","Leg Extension (Machine)",,"",2,"failure",120,7,,,
"Legs","Nov 14, 2024, 5:38 PM","Nov 14, 2024, 6:44 PM","","Seated Leg Curl (Machine)",,"",0,"failure",110,9,,,
"Legs","Nov 14, 2024, 5:38 PM","Nov 14, 2024, 6:44 PM","","Seated Leg Curl (Machine)",,"",1,"failure",100,10,,,
"Legs","Nov 14, 2024, 5:38 PM","Nov 14, 2024, 6:44 PM","","Crunch (Machine)",,"",0,"failure",70,11,,,
"Legs","Nov 14, 2024, 5:38 PM","Nov 14, 2024, 6:44 PM","","Crunch (Machine)",,"",1,"failure",60,17,,,
"Legs","Nov 14, 2024, 5:38 PM","Nov 14, 2024, 6:44 PM","","Crunch (Machine)",,"",2,"failure",65,12,,,
"Legs","Nov 14, 2024, 5:38 PM","Nov 14, 2024, 6:44 PM","","Stair Machine",,"floors 75
steps 1215",0,"normal",,,,1200,
"PPL (Push)","Nov 10, 2024, 8:59 PM","Nov 10, 2024, 9:25 PM","","Incline Bench Press (Dumbbell)",,"",0,"failure",45,8,,,
"PPL (Push)","Nov 10, 2024, 8:59 PM","Nov 10, 2024, 9:25 PM","","Incline Bench Press (Dumbbell)",,"",1,"failure",40,7,,,
"PPL (Push)","Nov 10, 2024, 8:59 PM","Nov 10, 2024, 9:25 PM","","Lateral Raise (Dumbbell)",,"",0,"failure",15,8,,,
"PPL (Push)","Nov 10, 2024, 8:59 PM","Nov 10, 2024, 9:25 PM","","Lateral Raise (Dumbbell)",,"",1,"failure",15,11,,,
"PPL (Push)","Nov 10, 2024, 8:59 PM","Nov 10, 2024, 9:25 PM","","Lateral Raise (Dumbbell)",,"",2,"failure",15,6,,,
"PPL (Push)","Nov 10, 2024, 8:59 PM","Nov 10, 2024, 9:25 PM","","Shoulder Press (Dumbbell)",,"",0,"failure",30,4,,,
"PPL (Push)","Nov 10, 2024, 8:59 PM","Nov 10, 2024, 9:25 PM","","Shoulder Press (Dumbbell)",,"",1,"failure",30,6,,,
"PPL (Push)","Nov 10, 2024, 8:59 PM","Nov 10, 2024, 9:25 PM","","Triceps Pushdown",,"",0,"failure",44,14,,,
"PPL (Push)","Nov 10, 2024, 8:59 PM","Nov 10, 2024, 9:25 PM","","Triceps Pushdown",,"",1,"failure",44,8,,,
"PPL (Push)","Nov 10, 2024, 8:59 PM","Nov 10, 2024, 9:25 PM","","Triceps Pushdown",,"",2,"failure",38.5,8,,,
"PPL - (Pull)","Nov 9, 2024, 7:26 PM","Nov 9, 2024, 8:07 PM","","Lat Pulldown (Cable)",,"",0,"normal",126,10,,,
"PPL - (Pull)","Nov 9, 2024, 7:26 PM","Nov 9, 2024, 8:07 PM","","Lat Pulldown (Cable)",,"",1,"failure",126,7,,,
"PPL - (Pull)","Nov 9, 2024, 7:26 PM","Nov 9, 2024, 8:07 PM","","Lat Pulldown (Cable)",,"",2,"failure",121,7,,,
"PPL - (Pull)","Nov 9, 2024, 7:26 PM","Nov 9, 2024, 8:07 PM","","T Bar Row",,"",0,"failure",90,4,,,
"PPL - (Pull)","Nov 9, 2024, 7:26 PM","Nov 9, 2024, 8:07 PM","","T Bar Row",,"",1,"failure",75,5,,,
"PPL - (Pull)","Nov 9, 2024, 7:26 PM","Nov 9, 2024, 8:07 PM","","Bicep Curl (Cable)",,"",0,"failure",45,15,,,
"PPL - (Pull)","Nov 9, 2024, 7:26 PM","Nov 9, 2024, 8:07 PM","","Bicep Curl (Cable)",,"",1,"failure",40,6,,,
"PPL - (Pull)","Nov 9, 2024, 7:26 PM","Nov 9, 2024, 8:07 PM","","Seated Row (Machine)",,"",0,"warmup",110,7,,,
"PPL - (Pull)","Nov 9, 2024, 7:26 PM","Nov 9, 2024, 8:07 PM","","Seated Row (Machine)",,"",1,"failure",120,3,,,
"PPL - (Pull)","Nov 9, 2024, 7:26 PM","Nov 9, 2024, 8:07 PM","","Seated Row (Machine)",,"",2,"failure",110,5,,,
"PPL - (Pull)","Nov 9, 2024, 7:26 PM","Nov 9, 2024, 8:07 PM","","Preacher Curl (Barbell)",,"",0,"failure",50,7,,,
"PPL - (Pull)","Nov 9, 2024, 7:26 PM","Nov 9, 2024, 8:07 PM","","Preacher Curl (Barbell)",,"",1,"failure",40,7,,,
"Legs","Nov 7, 2024, 1:50 PM","Nov 7, 2024, 3:20 PM","","Squat (Barbell)",,"",0,"warmup",114.09,7,,,
"Legs","Nov 7, 2024, 1:50 PM","Nov 7, 2024, 3:20 PM","","Squat (Barbell)",,"",1,"failure",134.09,2,,,
"Legs","Nov 7, 2024, 1:50 PM","Nov 7, 2024, 3:20 PM","","Squat (Barbell)",,"",2,"failure",114.09,4,,,
"Legs","Nov 7, 2024, 1:50 PM","Nov 7, 2024, 3:20 PM","","Squat (Barbell)",,"",3,"failure",104.09,8,,,
"Legs","Nov 7, 2024, 1:50 PM","Nov 7, 2024, 3:20 PM","","Leg Extension (Machine)",,"",0,"failure",130,11,,,
"Legs","Nov 7, 2024, 1:50 PM","Nov 7, 2024, 3:20 PM","","Leg Extension (Machine)",,"",1,"failure",120,7,,,
"Legs","Nov 7, 2024, 1:50 PM","Nov 7, 2024, 3:20 PM","","Leg Extension (Machine)",,"",2,"failure",120,4,,,
"Legs","Nov 7, 2024, 1:50 PM","Nov 7, 2024, 3:20 PM","","Seated Leg Curl (Machine)",,"",0,"failure",100,7,,,
"Legs","Nov 7, 2024, 1:50 PM","Nov 7, 2024, 3:20 PM","","Seated Leg Curl (Machine)",,"",1,"failure",105,7,,,
"Legs","Nov 7, 2024, 1:50 PM","Nov 7, 2024, 3:20 PM","","Seated Leg Curl (Machine)",,"",2,"failure",90,7,,,
"Legs","Nov 7, 2024, 1:50 PM","Nov 7, 2024, 3:20 PM","","Seated Calf Raise",,"",0,"failure",70,11,,,
"Legs","Nov 7, 2024, 1:50 PM","Nov 7, 2024, 3:20 PM","","Seated Calf Raise",,"",1,"failure",75,8,,,
"Legs","Nov 7, 2024, 1:50 PM","Nov 7, 2024, 3:20 PM","","Seated Calf Raise",,"",2,"failure",65,8,,,
"Legs","Nov 7, 2024, 1:50 PM","Nov 7, 2024, 3:20 PM","","Knee Raise Parallel Bars",,"",0,"failure",,26,,,
"Legs","Nov 7, 2024, 1:50 PM","Nov 7, 2024, 3:20 PM","","Knee Raise Parallel Bars",,"",1,"failure",,17,,,
"Legs","Nov 7, 2024, 1:50 PM","Nov 7, 2024, 3:20 PM","","Knee Raise Parallel Bars",,"",2,"failure",,13,,,
"Legs","Nov 7, 2024, 1:50 PM","Nov 7, 2024, 3:20 PM","","Stair Machine",,"floors 70
steps 1100",0,"normal",,,,1200,
"PPL - (Pull)","Nov 4, 2024, 7:43 PM","Nov 4, 2024, 8:54 PM","","Lat Pulldown (Cable)",,"",0,"warmup",110,8,,,
"PPL - (Pull)","Nov 4, 2024, 7:43 PM","Nov 4, 2024, 8:54 PM","","Lat Pulldown (Cable)",,"",1,"failure",121,7,,,
"PPL - (Pull)","Nov 4, 2024, 7:43 PM","Nov 4, 2024, 8:54 PM","","Lat Pulldown (Cable)",,"",2,"failure",126,6,,,
"PPL - (Pull)","Nov 4, 2024, 7:43 PM","Nov 4, 2024, 8:54 PM","","T Bar Row",,"",0,"normal",90,4,,,
"PPL - (Pull)","Nov 4, 2024, 7:43 PM","Nov 4, 2024, 8:54 PM","","T Bar Row",,"",1,"failure",75,5,,,
"PPL - (Pull)","Nov 4, 2024, 7:43 PM","Nov 4, 2024, 8:54 PM","","T Bar Row",,"",2,"failure",70,6,,,
"PPL - (Pull)","Nov 4, 2024, 7:43 PM","Nov 4, 2024, 8:54 PM","","Seated Row (Machine)",,"",0,"failure",130,5,,,
"PPL - (Pull)","Nov 4, 2024, 7:43 PM","Nov 4, 2024, 8:54 PM","","Seated Row (Machine)",,"",1,"dropset",130,5,,,
"PPL - (Pull)","Nov 4, 2024, 7:43 PM","Nov 4, 2024, 8:54 PM","","Seated Row (Machine)",,"",2,"dropset",120,5,,,
"PPL - (Pull)","Nov 4, 2024, 7:43 PM","Nov 4, 2024, 8:54 PM","","Seated Row (Machine)",,"",3,"failure",120,9,,,
"PPL - (Pull)","Nov 4, 2024, 7:43 PM","Nov 4, 2024, 8:54 PM","","Preacher Curl (Barbell)",,"",0,"failure",50,6,,,
"PPL - (Pull)","Nov 4, 2024, 7:43 PM","Nov 4, 2024, 8:54 PM","","Preacher Curl (Barbell)",,"",1,"failure",50,3,,,
"PPL - (Pull)","Nov 4, 2024, 7:43 PM","Nov 4, 2024, 8:54 PM","","Preacher Curl (Barbell)",,"",2,"failure",50,5,,,
"PPL - (Pull)","Nov 4, 2024, 7:43 PM","Nov 4, 2024, 8:54 PM","","Stair Machine",,"floors 104
steps 1672",0,"normal",,,,1800,
"PPL (Push)","Nov 1, 2024, 3:34 PM","Nov 1, 2024, 4:11 PM","","Incline Bench Press (Dumbbell)",,"",0,"normal",45,8,,,
"PPL (Push)","Nov 1, 2024, 3:34 PM","Nov 1, 2024, 4:11 PM","","Incline Bench Press (Dumbbell)",,"",1,"failure",45,4,,,
"PPL (Push)","Nov 1, 2024, 3:34 PM","Nov 1, 2024, 4:11 PM","","Incline Bench Press (Dumbbell)",,"",2,"failure",40,7,,,
"PPL (Push)","Nov 1, 2024, 3:34 PM","Nov 1, 2024, 4:11 PM","","Butterfly (Pec Deck)",,"",0,"failure",105,10,,,
"PPL (Push)","Nov 1, 2024, 3:34 PM","Nov 1, 2024, 4:11 PM","","Butterfly (Pec Deck)",,"",1,"failure",100,7,,,
"PPL (Push)","Nov 1, 2024, 3:34 PM","Nov 1, 2024, 4:11 PM","","Butterfly (Pec Deck)",,"",2,"failure",95,6,,,
"PPL (Push)","Nov 1, 2024, 3:34 PM","Nov 1, 2024, 4:11 PM","","Lateral Raise (Dumbbell)",,"",0,"failure",17.5,6,,,
"PPL (Push)","Nov 1, 2024, 3:34 PM","Nov 1, 2024, 4:11 PM","","Lateral Raise (Dumbbell)",,"",1,"failure",15,9,,,
"PPL (Push)","Nov 1, 2024, 3:34 PM","Nov 1, 2024, 4:11 PM","","Seated Shoulder Press (Machine)",,"",0,"failure",95,3,,,
"PPL (Push)","Nov 1, 2024, 3:34 PM","Nov 1, 2024, 4:11 PM","","Seated Shoulder Press (Machine)",,"",1,"failure",80,3,,,
"PPL (Push)","Nov 1, 2024, 3:34 PM","Nov 1, 2024, 4:11 PM","","Triceps Dip (Assisted)",,"",0,"failure",,6,,,
"PPL (Push)","Nov 1, 2024, 3:34 PM","Nov 1, 2024, 4:11 PM","","Triceps Dip (Assisted)",,"",1,"failure",,5,,,
"Legs","Oct 28, 2024, 8:33 AM","Oct 28, 2024, 9:30 AM","","Squat (Barbell)",,"",0,"normal",114.09,9,,,
"Legs","Oct 28, 2024, 8:33 AM","Oct 28, 2024, 9:30 AM","","Squat (Barbell)",,"",1,"failure",134.09,5,,,
"Legs","Oct 28, 2024, 8:33 AM","Oct 28, 2024, 9:30 AM","","Squat (Barbell)",,"",2,"failure",104.09,8,,,
"Legs","Oct 28, 2024, 8:33 AM","Oct 28, 2024, 9:30 AM","","Leg Extension (Machine)",,"",0,"failure",140,8,,,
"Legs","Oct 28, 2024, 8:33 AM","Oct 28, 2024, 9:30 AM","","Leg Extension (Machine)",,"",1,"failure",130,6,,,
"Legs","Oct 28, 2024, 8:33 AM","Oct 28, 2024, 9:30 AM","","Seated Calf Raise",,"",0,"failure",70,8,,,
"Legs","Oct 28, 2024, 8:33 AM","Oct 28, 2024, 9:30 AM","","Seated Calf Raise",,"",1,"failure",70,8,,,
"Legs","Oct 28, 2024, 8:33 AM","Oct 28, 2024, 9:30 AM","","T Bar Row",,"",0,"normal",70,11,,,
"Legs","Oct 28, 2024, 8:33 AM","Oct 28, 2024, 9:30 AM","","T Bar Row",,"",1,"failure",80,5,,,
"Legs","Oct 28, 2024, 8:33 AM","Oct 28, 2024, 9:30 AM","","T Bar Row",,"",2,"failure",60,5,,,
"Legs","Oct 28, 2024, 8:33 AM","Oct 28, 2024, 9:30 AM","","Lateral Raise (Dumbbell)",,"",0,"failure",15,8,,,
"Legs","Oct 28, 2024, 8:33 AM","Oct 28, 2024, 9:30 AM","","Lateral Raise (Dumbbell)",,"",1,"failure",15,5,,,
"PPL (Push)","Oct 24, 2024, 11:57 AM","Oct 24, 2024, 2:20 PM","","Incline Bench Press (Dumbbell)",,"",0,"failure",45,6,,,
"PPL (Push)","Oct 24, 2024, 11:57 AM","Oct 24, 2024, 2:20 PM","","Incline Bench Press (Dumbbell)",,"",1,"failure",45,5,,,
"PPL (Push)","Oct 24, 2024, 11:57 AM","Oct 24, 2024, 2:20 PM","","Butterfly (Pec Deck)",,"",0,"failure",115,7,,,
"PPL (Push)","Oct 24, 2024, 11:57 AM","Oct 24, 2024, 2:20 PM","","Butterfly (Pec Deck)",,"",1,"failure",110,8,,,
"PPL (Push)","Oct 24, 2024, 11:57 AM","Oct 24, 2024, 2:20 PM","","Lateral Raise (Dumbbell)",,"",0,"failure",17.5,6,,,
"PPL (Push)","Oct 24, 2024, 11:57 AM","Oct 24, 2024, 2:20 PM","","Lateral Raise (Dumbbell)",,"",1,"failure",17.5,5,,,
"PPL (Push)","Oct 24, 2024, 11:57 AM","Oct 24, 2024, 2:20 PM","","Lateral Raise (Dumbbell)",,"",2,"failure",15,8,,,
"PPL (Push)","Oct 24, 2024, 11:57 AM","Oct 24, 2024, 2:20 PM","","Stair Machine",,"",0,"normal",,,,8607,
"PPL (Push)","Oct 24, 2024, 11:57 AM","Oct 24, 2024, 2:20 PM","","Seated Dip Machine",,"",0,"failure",90,10,,,
"PPL (Push)","Oct 24, 2024, 11:57 AM","Oct 24, 2024, 2:20 PM","","Seated Dip Machine",,"",1,"failure",95,7,,,
"PPL (Push)","Oct 24, 2024, 11:57 AM","Oct 24, 2024, 2:20 PM","","Seated Dip Machine",,"",2,"failure",85,5,,,
"PPL - (Pull)","Oct 22, 2024, 2:41 PM","Oct 22, 2024, 3:25 PM","","Seated Row (Machine)",,"",0,"failure",130,4,,,
"PPL - (Pull)","Oct 22, 2024, 2:41 PM","Oct 22, 2024, 3:25 PM","","Seated Row (Machine)",,"",1,"failure",120,8,,,
"PPL - (Pull)","Oct 22, 2024, 2:41 PM","Oct 22, 2024, 3:25 PM","","Seated Row (Machine)",,"",2,"failure",110,8,,,
"PPL - (Pull)","Oct 22, 2024, 2:41 PM","Oct 22, 2024, 3:25 PM","","Preacher Curl (Machine)",,"",0,"failure",50,8,,,
"PPL - (Pull)","Oct 22, 2024, 2:41 PM","Oct 22, 2024, 3:25 PM","","Preacher Curl (Machine)",,"",1,"failure",55,5,,,
"PPL - (Pull)","Oct 22, 2024, 2:41 PM","Oct 22, 2024, 3:25 PM","","Preacher Curl (Machine)",,"",2,"failure",50,3,,,
"PPL - (Pull)","Oct 22, 2024, 2:41 PM","Oct 22, 2024, 3:25 PM","","Lat Pulldown (Cable)",,"",0,"failure",121,11,,,
"PPL - (Pull)","Oct 22, 2024, 2:41 PM","Oct 22, 2024, 3:25 PM","","Lat Pulldown (Cable)",,"",1,"failure",126,5,,,
"PPL - (Pull)","Oct 22, 2024, 2:41 PM","Oct 22, 2024, 3:25 PM","","Knee Raise Parallel Bars",,"",0,"failure",,20,,,
"PPL - (Pull)","Oct 22, 2024, 2:41 PM","Oct 22, 2024, 3:25 PM","","Knee Raise Parallel Bars",,"",1,"failure",,17,,,
"PPL - (Pull)","Oct 22, 2024, 2:41 PM","Oct 22, 2024, 3:25 PM","","Single Arm Curl (Cable)",,"",0,"failure",10,4,,,
"PPL - (Pull)","Oct 22, 2024, 2:41 PM","Oct 22, 2024, 3:25 PM","","Single Arm Curl (Cable)",,"",1,"failure",7.5,9,,,
"Legs","Oct 21, 2024, 5:26 PM","Oct 21, 2024, 6:14 PM","","Squat (Barbell)",,"",0,"warmup",104.09,5,,,
"Legs","Oct 21, 2024, 5:26 PM","Oct 21, 2024, 6:14 PM","","Squat (Barbell)",,"",1,"failure",114.9,8,,,
"Legs","Oct 21, 2024, 5:26 PM","Oct 21, 2024, 6:14 PM","","Squat (Barbell)",,"",2,"failure",124.09,5,,,
"Legs","Oct 21, 2024, 5:26 PM","Oct 21, 2024, 6:14 PM","","Squat (Barbell)",,"",3,"failure",104.1,8,,,
"Legs","Oct 21, 2024, 5:26 PM","Oct 21, 2024, 6:14 PM","","Leg Extension (Machine)",,"",0,"failure",140,8,,,
"Legs","Oct 21, 2024, 5:26 PM","Oct 21, 2024, 6:14 PM","","Seated Leg Curl (Machine)",,"",0,"failure",100,7,,,
"Legs","Oct 21, 2024, 5:26 PM","Oct 21, 2024, 6:14 PM","","Seated Leg Curl (Machine)",,"",1,"failure",100,5,,,
"Legs","Oct 21, 2024, 5:26 PM","Oct 21, 2024, 6:14 PM","","Seated Leg Curl (Machine)",,"",2,"failure",90,5,,,
"Legs","Oct 21, 2024, 5:26 PM","Oct 21, 2024, 6:14 PM","","Seated Calf Raise",,"",0,"failure",70,8,,,
"Legs","Oct 21, 2024, 5:26 PM","Oct 21, 2024, 6:14 PM","","Seated Calf Raise",,"",1,"failure",65,7,,,
"Legs","Oct 21, 2024, 5:26 PM","Oct 21, 2024, 6:14 PM","","Seated Calf Raise",,"",2,"failure",55,5,,,
"PPL (Push)","Oct 18, 2024, 9:55 AM","Oct 18, 2024, 10:28 AM","","Incline Bench Press (Dumbbell)",,"",0,"failure",45,5,,,
"PPL (Push)","Oct 18, 2024, 9:55 AM","Oct 18, 2024, 10:28 AM","","Incline Bench Press (Dumbbell)",,"",1,"failure",40,5,,,
"PPL (Push)","Oct 18, 2024, 9:55 AM","Oct 18, 2024, 10:28 AM","","Butterfly (Pec Deck)",,"",0,"warmup",120,2,,,
"PPL (Push)","Oct 18, 2024, 9:55 AM","Oct 18, 2024, 10:28 AM","","Butterfly (Pec Deck)",,"",1,"failure",110,5,,,
"PPL (Push)","Oct 18, 2024, 9:55 AM","Oct 18, 2024, 10:28 AM","","Butterfly (Pec Deck)",,"",2,"failure",110,7,,,
"PPL (Push)","Oct 18, 2024, 9:55 AM","Oct 18, 2024, 10:28 AM","","Lateral Raise (Dumbbell)",,"",0,"failure",15,9,,,
"PPL (Push)","Oct 18, 2024, 9:55 AM","Oct 18, 2024, 10:28 AM","","Lateral Raise (Dumbbell)",,"",1,"failure",15,9,,,
"PPL (Push)","Oct 18, 2024, 9:55 AM","Oct 18, 2024, 10:28 AM","","Lateral Raise (Dumbbell)",,"",2,"failure",15,5,,,
"PPL (Push)","Oct 18, 2024, 9:55 AM","Oct 18, 2024, 10:28 AM","","Triceps Pushdown",,"",0,"failure",55,12,,,
"PPL (Push)","Oct 18, 2024, 9:55 AM","Oct 18, 2024, 10:28 AM","","Triceps Pushdown",,"",1,"failure",60,6,,,
"PPL (Push)","Oct 18, 2024, 9:55 AM","Oct 18, 2024, 10:28 AM","","Triceps Pushdown",,"",2,"failure",55,6,,,
"PPL - (Pull)","Oct 16, 2024, 1:00 PM","Oct 16, 2024, 1:48 PM","","T Bar Row",,"",0,"normal",90,3,,,
"PPL - (Pull)","Oct 16, 2024, 1:00 PM","Oct 16, 2024, 1:48 PM","","T Bar Row",,"",1,"dropset",80,2,,,
"PPL - (Pull)","Oct 16, 2024, 1:00 PM","Oct 16, 2024, 1:48 PM","","T Bar Row",,"",2,"failure",80,5,,,
"PPL - (Pull)","Oct 16, 2024, 1:00 PM","Oct 16, 2024, 1:48 PM","","Bicep Curl (Cable)",,"",0,"failure",38.5,9,,,
"PPL - (Pull)","Oct 16, 2024, 1:00 PM","Oct 16, 2024, 1:48 PM","","Bicep Curl (Cable)",,"",1,"failure",44,5,,,
"PPL - (Pull)","Oct 16, 2024, 1:00 PM","Oct 16, 2024, 1:48 PM","","Seated Row (Machine)",,"",0,"normal",130,7,,,
"PPL - (Pull)","Oct 16, 2024, 1:00 PM","Oct 16, 2024, 1:48 PM","","Seated Row (Machine)",,"",1,"failure",120,7,,,
"PPL - (Pull)","Oct 16, 2024, 1:00 PM","Oct 16, 2024, 1:48 PM","","Lat Pulldown (Machine)",,"",0,"failure",150,6,,,
"PPL - (Pull)","Oct 16, 2024, 1:00 PM","Oct 16, 2024, 1:48 PM","","Lat Pulldown (Machine)",,"",1,"failure",140,7,,,
"PPL - (Pull)","Oct 16, 2024, 1:00 PM","Oct 16, 2024, 1:48 PM","","Preacher Curl (Barbell)",,"",0,"failure",50,8,,,
"PPL - (Pull)","Oct 16, 2024, 1:00 PM","Oct 16, 2024, 1:48 PM","","Preacher Curl (Barbell)",,"",1,"failure",50,7,,,
"PPL - (Pull)","Oct 16, 2024, 1:00 PM","Oct 16, 2024, 1:48 PM","","Preacher Curl (Barbell)",,"",2,"failure",50,5,,,
"PPL - (Pull)","Oct 16, 2024, 1:00 PM","Oct 16, 2024, 1:48 PM","","Knee Raise Parallel Bars",,"",0,"failure",,23,,,
"PPL - (Pull)","Oct 16, 2024, 1:00 PM","Oct 16, 2024, 1:48 PM","","Knee Raise Parallel Bars",,"",1,"failure",,13,,,
"Legs","Oct 14, 2024, 2:17 PM","Oct 14, 2024, 2:48 PM","","Knee Raise Parallel Bars",,"",0,"failure",,20,,,
"Legs","Oct 14, 2024, 2:17 PM","Oct 14, 2024, 2:48 PM","","Knee Raise Parallel Bars",,"",1,"failure",,17,,,
"Legs","Oct 14, 2024, 2:17 PM","Oct 14, 2024, 2:48 PM","","Leg Press Horizontal (Machine)",,"",0,"warmup",200,8,,,
"Legs","Oct 14, 2024, 2:17 PM","Oct 14, 2024, 2:48 PM","","Leg Press Horizontal (Machine)",,"",1,"failure",220,9,,,
"Legs","Oct 14, 2024, 2:17 PM","Oct 14, 2024, 2:48 PM","","Leg Press Horizontal (Machine)",,"",2,"failure",220,10,,,
"PPL (Push)","Oct 10, 2024, 8:22 PM","Oct 10, 2024, 9:09 PM","","Incline Bench Press (Dumbbell)",,"",0,"failure",40,7,,,
"PPL (Push)","Oct 10, 2024, 8:22 PM","Oct 10, 2024, 9:09 PM","","Incline Bench Press (Dumbbell)",,"",1,"failure",40,5,,,
"PPL (Push)","Oct 10, 2024, 8:22 PM","Oct 10, 2024, 9:09 PM","","Incline Bench Press (Dumbbell)",,"",2,"failure",40,8,,,
"PPL (Push)","Oct 10, 2024, 8:22 PM","Oct 10, 2024, 9:09 PM","","Butterfly (Pec Deck)",,"",0,"failure",110,11,,,
"PPL (Push)","Oct 10, 2024, 8:22 PM","Oct 10, 2024, 9:09 PM","","Butterfly (Pec Deck)",,"",1,"failure",115,6,,,
"PPL (Push)","Oct 10, 2024, 8:22 PM","Oct 10, 2024, 9:09 PM","","Butterfly (Pec Deck)",,"",2,"failure",100,7,,,
"PPL (Push)","Oct 10, 2024, 8:22 PM","Oct 10, 2024, 9:09 PM","","Lateral Raise (Dumbbell)",,"",0,"failure",17.5,9,,,
"PPL (Push)","Oct 10, 2024, 8:22 PM","Oct 10, 2024, 9:09 PM","","Lateral Raise (Dumbbell)",,"",1,"failure",15,11,,,
"PPL (Push)","Oct 10, 2024, 8:22 PM","Oct 10, 2024, 9:09 PM","","Lateral Raise (Dumbbell)",,"",2,"failure",15,7,,,
"PPL (Push)","Oct 10, 2024, 8:22 PM","Oct 10, 2024, 9:09 PM","","Deltoid Raise",,"",0,"failure",65,4,,,
"PPL (Push)","Oct 10, 2024, 8:22 PM","Oct 10, 2024, 9:09 PM","","Deltoid Raise",,"",1,"failure",60,6,,,
"PPL (Push)","Oct 10, 2024, 8:22 PM","Oct 10, 2024, 9:09 PM","","Seated Dip Machine",,"",0,"failure",90,7,,,
"PPL (Push)","Oct 10, 2024, 8:22 PM","Oct 10, 2024, 9:09 PM","","Seated Dip Machine",,"",1,"failure",85,7,,,
"PPL (Push)","Oct 10, 2024, 8:22 PM","Oct 10, 2024, 9:09 PM","","Seated Dip Machine",,"",2,"failure",80,8,,,
"PPL - (Pull)","Oct 8, 2024, 7:42 PM","Oct 8, 2024, 8:41 PM","","T Bar Row",,"",0,"failure",80,7,,,
"PPL - (Pull)","Oct 8, 2024, 7:42 PM","Oct 8, 2024, 8:41 PM","","T Bar Row",,"",1,"failure",85,4,,,
"PPL - (Pull)","Oct 8, 2024, 7:42 PM","Oct 8, 2024, 8:41 PM","","T Bar Row",,"",2,"failure",75,5,,,
"PPL - (Pull)","Oct 8, 2024, 7:42 PM","Oct 8, 2024, 8:41 PM","","Seated Row (Machine)",,"",0,"failure",120,5,,,
"PPL - (Pull)","Oct 8, 2024, 7:42 PM","Oct 8, 2024, 8:41 PM","","Seated Row (Machine)",,"",1,"failure",120,5,,,
"PPL - (Pull)","Oct 8, 2024, 7:42 PM","Oct 8, 2024, 8:41 PM","","Lat Pulldown (Machine)",,"",0,"failure",140,6,,,
"PPL - (Pull)","Oct 8, 2024, 7:42 PM","Oct 8, 2024, 8:41 PM","","Lat Pulldown (Machine)",,"",1,"failure",130,7,,,
"PPL - (Pull)","Oct 8, 2024, 7:42 PM","Oct 8, 2024, 8:41 PM","","Lat Pulldown (Machine)",,"",2,"failure",130,5,,,
"PPL - (Pull)","Oct 8, 2024, 7:42 PM","Oct 8, 2024, 8:41 PM","","Preacher Curl (Barbell)",,"",0,"failure",50,6,,,
"PPL - (Pull)","Oct 8, 2024, 7:42 PM","Oct 8, 2024, 8:41 PM","","Preacher Curl (Barbell)",,"",1,"failure",50,5,,,
"PPL - (Pull)","Oct 8, 2024, 7:42 PM","Oct 8, 2024, 8:41 PM","","Preacher Curl (Machine)",,"",0,"failure",50,5,,,
"PPL - (Pull)","Oct 8, 2024, 7:42 PM","Oct 8, 2024, 8:41 PM","","Preacher Curl (Machine)",,"",1,"failure",60,2,,,
"PPL - (Pull)","Oct 8, 2024, 7:42 PM","Oct 8, 2024, 8:41 PM","","Preacher Curl (Machine)",,"",2,"failure",50,1,,,
"PPL - (Pull)","Oct 8, 2024, 7:42 PM","Oct 8, 2024, 8:41 PM","","Knee Raise Parallel Bars",,"",0,"failure",,25,,,
"PPL - (Pull)","Oct 8, 2024, 7:42 PM","Oct 8, 2024, 8:41 PM","","Knee Raise Parallel Bars",,"",1,"failure",,15,,,
"PPL - (Pull)","Oct 8, 2024, 7:42 PM","Oct 8, 2024, 8:41 PM","","Knee Raise Parallel Bars",,"",2,"failure",,12,,,
"Legs","Oct 3, 2024, 8:54 PM","Oct 3, 2024, 9:33 PM","","Squat (Barbell)",,"",0,"warmup",94,5,,,
"Legs","Oct 3, 2024, 8:54 PM","Oct 3, 2024, 9:33 PM","","Squat (Barbell)",,"",1,"failure",124.09,2,,,
"Legs","Oct 3, 2024, 8:54 PM","Oct 3, 2024, 9:33 PM","","Squat (Barbell)",,"",2,"failure",114.1,6,,,
"Legs","Oct 3, 2024, 8:54 PM","Oct 3, 2024, 9:33 PM","","Leg Extension (Machine)",,"",0,"failure",140,9,,,
"Legs","Oct 3, 2024, 8:54 PM","Oct 3, 2024, 9:33 PM","","Leg Extension (Machine)",,"",1,"failure",150,9,,,
"Legs","Oct 3, 2024, 8:54 PM","Oct 3, 2024, 9:33 PM","","Leg Extension (Machine)",,"",2,"failure",155,9,,,
"Legs","Oct 3, 2024, 8:54 PM","Oct 3, 2024, 9:33 PM","","Seated Leg Curl (Machine)",,"",0,"failure",110,6,,,
"Legs","Oct 3, 2024, 8:54 PM","Oct 3, 2024, 9:33 PM","","Seated Leg Curl (Machine)",,"",1,"failure",100,7,,,
"Legs","Oct 3, 2024, 8:54 PM","Oct 3, 2024, 9:33 PM","","Seated Calf Raise",,"",0,"warmup",45,6,,,
"Legs","Oct 3, 2024, 8:54 PM","Oct 3, 2024, 9:33 PM","","Seated Calf Raise",,"",1,"failure",80,8,,,
"PPL (Push)","Oct 2, 2024, 2:06 PM","Oct 2, 2024, 2:42 PM","","Incline Bench Press (Dumbbell)",,"",0,"failure",45,5,,,
"PPL (Push)","Oct 2, 2024, 2:06 PM","Oct 2, 2024, 2:42 PM","","Incline Bench Press (Dumbbell)",,"",1,"failure",40,9,,,
"PPL (Push)","Oct 2, 2024, 2:06 PM","Oct 2, 2024, 2:42 PM","","Incline Bench Press (Dumbbell)",,"",2,"failure",40,8,,,
"PPL (Push)","Oct 2, 2024, 2:06 PM","Oct 2, 2024, 2:42 PM","","Butterfly (Pec Deck)",,"",0,"failure",105,6,,,
"PPL (Push)","Oct 2, 2024, 2:06 PM","Oct 2, 2024, 2:42 PM","","Butterfly (Pec Deck)",,"",1,"failure",105,5,,,
"PPL (Push)","Oct 2, 2024, 2:06 PM","Oct 2, 2024, 2:42 PM","","Butterfly (Pec Deck)",,"",2,"failure",105,5,,,
"PPL (Push)","Oct 2, 2024, 2:06 PM","Oct 2, 2024, 2:42 PM","","Lateral Raise (Dumbbell)",,"",0,"failure",17.5,9,,,
"PPL (Push)","Oct 2, 2024, 2:06 PM","Oct 2, 2024, 2:42 PM","","Lateral Raise (Dumbbell)",,"",1,"dropset",17.5,5,,,
"PPL (Push)","Oct 2, 2024, 2:06 PM","Oct 2, 2024, 2:42 PM","","Lateral Raise (Dumbbell)",,"",2,"dropset",15,2,,,
"PPL (Push)","Oct 2, 2024, 2:06 PM","Oct 2, 2024, 2:42 PM","","Lateral Raise (Dumbbell)",,"",3,"failure",15,8,,,
"PPL (Push)","Oct 2, 2024, 2:06 PM","Oct 2, 2024, 2:42 PM","","Seated Dip Machine",,"",0,"failure",90,8,,,
"PPL (Push)","Oct 2, 2024, 2:06 PM","Oct 2, 2024, 2:42 PM","","Seated Dip Machine",,"",1,"failure",80,11,,,
"PPL (Push)","Oct 2, 2024, 2:06 PM","Oct 2, 2024, 2:42 PM","","Seated Dip Machine",,"",2,"failure",85,9,,,
"PPL - (Pull)","Sep 30, 2024, 1:55 PM","Sep 30, 2024, 2:42 PM","","T Bar Row",,"",0,"normal",75,7,,,
"PPL - (Pull)","Sep 30, 2024, 1:55 PM","Sep 30, 2024, 2:42 PM","","T Bar Row",,"",1,"failure",80,5,,,
"PPL - (Pull)","Sep 30, 2024, 1:55 PM","Sep 30, 2024, 2:42 PM","","T Bar Row",,"",2,"failure",70,6,,,
"PPL - (Pull)","Sep 30, 2024, 1:55 PM","Sep 30, 2024, 2:42 PM","","Bicep Curl (Cable)",,"",0,"failure",38.5,9,,,
"PPL - (Pull)","Sep 30, 2024, 1:55 PM","Sep 30, 2024, 2:42 PM","","Bicep Curl (Cable)",,"",1,"failure",44,3,,,
"PPL - (Pull)","Sep 30, 2024, 1:55 PM","Sep 30, 2024, 2:42 PM","","Bicep Curl (Cable)",,"",2,"failure",33,5,,,
"PPL - (Pull)","Sep 30, 2024, 1:55 PM","Sep 30, 2024, 2:42 PM","","Lat Pulldown (Machine)",,"",0,"failure",140,4,,,
"PPL - (Pull)","Sep 30, 2024, 1:55 PM","Sep 30, 2024, 2:42 PM","","Lat Pulldown (Machine)",,"",1,"failure",140,5,,,
"PPL - (Pull)","Sep 30, 2024, 1:55 PM","Sep 30, 2024, 2:42 PM","","Lat Pulldown (Machine)",,"",2,"failure",130,5,,,
"PPL - (Pull)","Sep 30, 2024, 1:55 PM","Sep 30, 2024, 2:42 PM","","Preacher Curl (Barbell)",,"",0,"failure",50,7,,,
"PPL - (Pull)","Sep 30, 2024, 1:55 PM","Sep 30, 2024, 2:42 PM","","Preacher Curl (Barbell)",,"",1,"failure",30,6,,,
"PPL - (Pull)","Sep 30, 2024, 1:55 PM","Sep 30, 2024, 2:42 PM","","Preacher Curl (Barbell)",,"",2,"failure",30,5,,,
"PPL - (Pull)","Sep 30, 2024, 1:55 PM","Sep 30, 2024, 2:42 PM","","Preacher Curl (Barbell)",,"",3,"failure",25,4,,,
"PPL - (Pull)","Sep 30, 2024, 1:55 PM","Sep 30, 2024, 2:42 PM","","Knee Raise Parallel Bars",,"",0,"normal",,25,,,
"PPL - (Pull)","Sep 30, 2024, 1:55 PM","Sep 30, 2024, 2:42 PM","","Knee Raise Parallel Bars",,"",1,"normal",,19,,,
"Legs","Sep 27, 2024, 4:38 PM","Sep 27, 2024, 5:26 PM","","Squat (Barbell)",,"20kg bar + 70 lb for first two sets",0,"failure",114.1,6,,,
"Legs","Sep 27, 2024, 4:38 PM","Sep 27, 2024, 5:26 PM","","Squat (Barbell)",,"20kg bar + 70 lb for first two sets",1,"failure",114.1,5,,,
"Legs","Sep 27, 2024, 4:38 PM","Sep 27, 2024, 5:26 PM","","Squat (Barbell)",,"20kg bar + 70 lb for first two sets",2,"failure",104.1,7,,,
"Legs","Sep 27, 2024, 4:38 PM","Sep 27, 2024, 5:26 PM","","Seated Leg Curl (Machine)",,"",0,"failure",110,4,,,
"Legs","Sep 27, 2024, 4:38 PM","Sep 27, 2024, 5:26 PM","","Seated Leg Curl (Machine)",,"",1,"failure",100,9,,,
"Legs","Sep 27, 2024, 4:38 PM","Sep 27, 2024, 5:26 PM","","Seated Leg Curl (Machine)",,"",2,"failure",95,9,,,
"Legs","Sep 27, 2024, 4:38 PM","Sep 27, 2024, 5:26 PM","","Seated Calf Raise",,"",0,"failure",80,10,,,
"Legs","Sep 27, 2024, 4:38 PM","Sep 27, 2024, 5:26 PM","","Seated Calf Raise",,"",1,"failure",85,5,,,
"Legs","Sep 27, 2024, 4:38 PM","Sep 27, 2024, 5:26 PM","","Seated Calf Raise",,"",2,"failure",70,3,,,
"Legs","Sep 27, 2024, 4:38 PM","Sep 27, 2024, 5:26 PM","","Knee Raise Parallel Bars",,"",0,"failure",,24,,,
"Legs","Sep 27, 2024, 4:38 PM","Sep 27, 2024, 5:26 PM","","Knee Raise Parallel Bars",,"",1,"failure",,19,,,
"PPL - (Pull)","Sep 25, 2024, 2:19 PM","Sep 25, 2024, 3:13 PM","","Lat Pulldown (Cable)",,"",0,"failure",143,3,,,
"PPL - (Pull)","Sep 25, 2024, 2:19 PM","Sep 25, 2024, 3:13 PM","","Lat Pulldown (Cable)",,"",1,"failure",126,6,,,
"PPL - (Pull)","Sep 25, 2024, 2:19 PM","Sep 25, 2024, 3:13 PM","","Lat Pulldown (Cable)",,"",2,"failure",126,4,,,
"PPL - (Pull)","Sep 25, 2024, 2:19 PM","Sep 25, 2024, 3:13 PM","","T Bar Row",,"",0,"normal",75,6,,,
"PPL - (Pull)","Sep 25, 2024, 2:19 PM","Sep 25, 2024, 3:13 PM","","T Bar Row",,"",1,"failure",75,5,,,
"PPL - (Pull)","Sep 25, 2024, 2:19 PM","Sep 25, 2024, 3:13 PM","","T Bar Row",,"",2,"failure",65,4,,,
"PPL - (Pull)","Sep 25, 2024, 2:19 PM","Sep 25, 2024, 3:13 PM","","Bicep Curl (Cable)",,"",0,"failure",38.5,11,,,
"PPL - (Pull)","Sep 25, 2024, 2:19 PM","Sep 25, 2024, 3:13 PM","","Bicep Curl (Cable)",,"",1,"failure",38.5,6,,,
"PPL - (Pull)","Sep 25, 2024, 2:19 PM","Sep 25, 2024, 3:13 PM","","Seated Row (Machine)",,"",0,"failure",130,5,,,
"PPL - (Pull)","Sep 25, 2024, 2:19 PM","Sep 25, 2024, 3:13 PM","","Seated Row (Machine)",,"",1,"failure",120,8,,,
"PPL - (Pull)","Sep 25, 2024, 2:19 PM","Sep 25, 2024, 3:13 PM","","Preacher Curl (Barbell)",,"plate loaded 
last set regular barbell",0,"failure",35,3,,,
"PPL - (Pull)","Sep 25, 2024, 2:19 PM","Sep 25, 2024, 3:13 PM","","Preacher Curl (Barbell)",,"plate loaded 
last set regular barbell",1,"failure",30,6,,,
"PPL - (Pull)","Sep 25, 2024, 2:19 PM","Sep 25, 2024, 3:13 PM","","Preacher Curl (Barbell)",,"plate loaded 
last set regular barbell",2,"failure",30,4,,,
"PPL - (Pull)","Sep 25, 2024, 2:19 PM","Sep 25, 2024, 3:13 PM","","Preacher Curl (Barbell)",,"plate loaded 
last set regular barbell",3,"failure",40,9,,,
"PPL - (Pull)","Sep 25, 2024, 2:19 PM","Sep 25, 2024, 3:13 PM","","Knee Raise Parallel Bars",,"",0,"failure",,25,,,
"PPL - (Pull)","Sep 25, 2024, 2:19 PM","Sep 25, 2024, 3:13 PM","","Knee Raise Parallel Bars",,"",1,"failure",,19,,,
"PPL (Push)","Sep 24, 2024, 3:03 PM","Sep 24, 2024, 3:46 PM","","Incline Bench Press (Dumbbell)",,"",0,"failure",45,5,,,
"PPL (Push)","Sep 24, 2024, 3:03 PM","Sep 24, 2024, 3:46 PM","","Incline Bench Press (Dumbbell)",,"",1,"failure",45,4,,,
"PPL (Push)","Sep 24, 2024, 3:03 PM","Sep 24, 2024, 3:46 PM","","Incline Bench Press (Dumbbell)",,"",2,"failure",40,9,,,
"PPL (Push)","Sep 24, 2024, 3:03 PM","Sep 24, 2024, 3:46 PM","","Butterfly (Pec Deck)",,"",0,"failure",110,6,,,
"PPL (Push)","Sep 24, 2024, 3:03 PM","Sep 24, 2024, 3:46 PM","","Butterfly (Pec Deck)",,"",1,"failure",105,5,,,
"PPL (Push)","Sep 24, 2024, 3:03 PM","Sep 24, 2024, 3:46 PM","","Butterfly (Pec Deck)",,"",2,"failure",105,4,,,
"PPL (Push)","Sep 24, 2024, 3:03 PM","Sep 24, 2024, 3:46 PM","","Lateral Raise (Dumbbell)",,"",0,"failure",20,8,,,
"PPL (Push)","Sep 24, 2024, 3:03 PM","Sep 24, 2024, 3:46 PM","","Lateral Raise (Dumbbell)",,"",1,"failure",15,10,,,
"PPL (Push)","Sep 24, 2024, 3:03 PM","Sep 24, 2024, 3:46 PM","","Lateral Raise (Dumbbell)",,"",2,"failure",15,8,,,
"PPL (Push)","Sep 24, 2024, 3:03 PM","Sep 24, 2024, 3:46 PM","","Seated Triceps Press",,"",0,"failure",60,7,,,
"PPL (Push)","Sep 24, 2024, 3:03 PM","Sep 24, 2024, 3:46 PM","","Seated Triceps Press",,"",1,"failure",55,9,,,
"PPL (Push)","Sep 24, 2024, 3:03 PM","Sep 24, 2024, 3:46 PM","","Seated Triceps Press",,"",2,"failure",50,7,,,
"Legs","Sep 23, 2024, 3:06 PM","Sep 23, 2024, 3:43 PM","","Leg Extension (Machine)",,"",0,"failure",140,9,,,
"Legs","Sep 23, 2024, 3:06 PM","Sep 23, 2024, 3:43 PM","","Leg Extension (Machine)",,"",1,"failure",130,8,,,
"Legs","Sep 23, 2024, 3:06 PM","Sep 23, 2024, 3:43 PM","","Leg Extension (Machine)",,"",2,"failure",130,9,,,
"Legs","Sep 23, 2024, 3:06 PM","Sep 23, 2024, 3:43 PM","","Seated Leg Curl (Machine)",,"",0,"failure",100,7,,,
"Legs","Sep 23, 2024, 3:06 PM","Sep 23, 2024, 3:43 PM","","Seated Leg Curl (Machine)",,"",1,"failure",95,6,,,
"Legs","Sep 23, 2024, 3:06 PM","Sep 23, 2024, 3:43 PM","","Seated Leg Curl (Machine)",,"",2,"failure",95,5,,,
"Legs","Sep 23, 2024, 3:06 PM","Sep 23, 2024, 3:43 PM","","Seated Calf Raise",,"",0,"failure",80,9,,,
"Legs","Sep 23, 2024, 3:06 PM","Sep 23, 2024, 3:43 PM","","Seated Calf Raise",,"",1,"failure",70,7,,,
"Legs","Sep 23, 2024, 3:06 PM","Sep 23, 2024, 3:43 PM","","Seated Calf Raise",,"",2,"failure",70,7,,,
"Legs","Sep 23, 2024, 3:06 PM","Sep 23, 2024, 3:43 PM","","Knee Raise Parallel Bars",,"",0,"failure",,11,,,
"Legs","Sep 23, 2024, 3:06 PM","Sep 23, 2024, 3:43 PM","","Knee Raise Parallel Bars",,"",1,"failure",,8,,,
"Legs","Sep 23, 2024, 3:06 PM","Sep 23, 2024, 3:43 PM","","Knee Raise Parallel Bars",,"",2,"failure",,14,,,
"PPL (Push)","Sep 19, 2024, 2:00 PM","Sep 19, 2024, 2:49 PM","","Incline Bench Press (Dumbbell)",,"",0,"failure",45,6,,,
"PPL (Push)","Sep 19, 2024, 2:00 PM","Sep 19, 2024, 2:49 PM","","Incline Bench Press (Dumbbell)",,"",1,"failure",40,9,,,
"PPL (Push)","Sep 19, 2024, 2:00 PM","Sep 19, 2024, 2:49 PM","","Butterfly (Pec Deck)",,"",0,"failure",110,7,,,
"PPL (Push)","Sep 19, 2024, 2:00 PM","Sep 19, 2024, 2:49 PM","","Butterfly (Pec Deck)",,"",1,"failure",110,3,,,
"PPL (Push)","Sep 19, 2024, 2:00 PM","Sep 19, 2024, 2:49 PM","","Butterfly (Pec Deck)",,"",2,"failure",95,7,,,
"PPL (Push)","Sep 19, 2024, 2:00 PM","Sep 19, 2024, 2:49 PM","","Lateral Raise (Cable)",,"",0,"failure",11,7,,,
"PPL (Push)","Sep 19, 2024, 2:00 PM","Sep 19, 2024, 2:49 PM","","Lateral Raise (Cable)",,"",1,"failure",16,3,,,
"PPL (Push)","Sep 19, 2024, 2:00 PM","Sep 19, 2024, 2:49 PM","","Triceps Pushdown",,"",0,"failure",55,10,,,
"PPL (Push)","Sep 19, 2024, 2:00 PM","Sep 19, 2024, 2:49 PM","","Triceps Pushdown",,"",1,"failure",60,4,,,
"PPL (Push)","Sep 19, 2024, 2:00 PM","Sep 19, 2024, 2:49 PM","","Triceps Pushdown",,"",2,"failure",55,5,,,
"PPL (Push)","Sep 19, 2024, 2:00 PM","Sep 19, 2024, 2:49 PM","","Lateral Raise (Dumbbell)",,"",0,"failure",17.5,7,,,
"PPL (Push)","Sep 19, 2024, 2:00 PM","Sep 19, 2024, 2:49 PM","","Lateral Raise (Dumbbell)",,"",1,"failure",15,8,,,
"PPL (Push)","Sep 19, 2024, 2:00 PM","Sep 19, 2024, 2:49 PM","","Single Arm Triceps Pushdown (Cable)",,"",0,"failure",12.25,8,,,
"PPL (Push)","Sep 19, 2024, 2:00 PM","Sep 19, 2024, 2:49 PM","","Single Arm Triceps Pushdown (Cable)",,"",1,"failure",12.25,8,,,
"PPL - (Pull)","Sep 18, 2024, 2:03 PM","Sep 18, 2024, 3:02 PM","","Lat Pulldown (Cable)",,"",0,"failure",143,4,,,
"PPL - (Pull)","Sep 18, 2024, 2:03 PM","Sep 18, 2024, 3:02 PM","","Lat Pulldown (Cable)",,"",1,"failure",126,7,,,
"PPL - (Pull)","Sep 18, 2024, 2:03 PM","Sep 18, 2024, 3:02 PM","","Lat Pulldown (Cable)",,"",2,"failure",126,4,,,
"PPL - (Pull)","Sep 18, 2024, 2:03 PM","Sep 18, 2024, 3:02 PM","","Lat Pulldown (Cable)",,"",3,"failure",110,4,,,
"PPL - (Pull)","Sep 18, 2024, 2:03 PM","Sep 18, 2024, 3:02 PM","","T Bar Row",,"",0,"failure",70,7,,,
"PPL - (Pull)","Sep 18, 2024, 2:03 PM","Sep 18, 2024, 3:02 PM","","T Bar Row",,"",1,"failure",75,3,,,
"PPL - (Pull)","Sep 18, 2024, 2:03 PM","Sep 18, 2024, 3:02 PM","","T Bar Row",,"",2,"failure",65,5,,,
"PPL - (Pull)","Sep 18, 2024, 2:03 PM","Sep 18, 2024, 3:02 PM","","Bicep Curl (Cable)",,"",0,"failure",38.5,5,,,
"PPL - (Pull)","Sep 18, 2024, 2:03 PM","Sep 18, 2024, 3:02 PM","","Bicep Curl (Cable)",,"",1,"failure",38.5,2,,,
"PPL - (Pull)","Sep 18, 2024, 2:03 PM","Sep 18, 2024, 3:02 PM","","Bicep Curl (Cable)",,"",2,"failure",33,2,,,
"PPL - (Pull)","Sep 18, 2024, 2:03 PM","Sep 18, 2024, 3:02 PM","","Seated Row (Machine)",,"",0,"failure",120,8,,,
"PPL - (Pull)","Sep 18, 2024, 2:03 PM","Sep 18, 2024, 3:02 PM","","Seated Row (Machine)",,"",1,"failure",110,8,,,
"PPL - (Pull)","Sep 18, 2024, 2:03 PM","Sep 18, 2024, 3:02 PM","","Seated Row (Machine)",,"",2,"failure",110,7,,,
"PPL - (Pull)","Sep 18, 2024, 2:03 PM","Sep 18, 2024, 3:02 PM","","Preacher Curl (Barbell)",,"plate loaded",0,"failure",30,3,,,
"PPL - (Pull)","Sep 18, 2024, 2:03 PM","Sep 18, 2024, 3:02 PM","","Preacher Curl (Barbell)",,"plate loaded",1,"failure",20,7,,,
"PPL - (Pull)","Sep 18, 2024, 2:03 PM","Sep 18, 2024, 3:02 PM","","Preacher Curl (Barbell)",,"plate loaded",2,"failure",25,4,,,
"PPL - (Pull)","Sep 18, 2024, 2:03 PM","Sep 18, 2024, 3:02 PM","","Knee Raise Parallel Bars",,"",0,"failure",,12,,,
"PPL - (Pull)","Sep 18, 2024, 2:03 PM","Sep 18, 2024, 3:02 PM","","Knee Raise Parallel Bars",,"",1,"failure",,8,,,
"PPL - (Pull)","Sep 18, 2024, 2:03 PM","Sep 18, 2024, 3:02 PM","","Knee Raise Parallel Bars",,"",2,"failure",,10,,,
"Legs","Sep 15, 2024, 3:23 PM","Sep 15, 2024, 4:16 PM","","Squat (Barbell)",,"",0,"failure",50,9,,,
"Legs","Sep 15, 2024, 3:23 PM","Sep 15, 2024, 4:16 PM","","Squat (Barbell)",,"",1,"failure",70,4,,,
"Legs","Sep 15, 2024, 3:23 PM","Sep 15, 2024, 4:16 PM","","Squat (Barbell)",,"",2,"failure",50,8,,,
"Legs","Sep 15, 2024, 3:23 PM","Sep 15, 2024, 4:16 PM","","Leg Extension (Machine)",,"",0,"failure",130,8,,,
"Legs","Sep 15, 2024, 3:23 PM","Sep 15, 2024, 4:16 PM","","Leg Extension (Machine)",,"",1,"failure",140,8,,,
"Legs","Sep 15, 2024, 3:23 PM","Sep 15, 2024, 4:16 PM","","Leg Extension (Machine)",,"",2,"failure",120,8,,,
"Legs","Sep 15, 2024, 3:23 PM","Sep 15, 2024, 4:16 PM","","Seated Leg Curl (Machine)",,"",0,"failure",95,8,,,
"Legs","Sep 15, 2024, 3:23 PM","Sep 15, 2024, 4:16 PM","","Seated Leg Curl (Machine)",,"",1,"failure",95,8,,,
"Legs","Sep 15, 2024, 3:23 PM","Sep 15, 2024, 4:16 PM","","Seated Calf Raise",,"",0,"failure",80,9,,,
"Legs","Sep 15, 2024, 3:23 PM","Sep 15, 2024, 4:16 PM","","Seated Calf Raise",,"",1,"failure",80,9,,,
"Legs","Sep 15, 2024, 3:23 PM","Sep 15, 2024, 4:16 PM","","Seated Calf Raise",,"",2,"failure",70,4,,,
"Legs","Sep 15, 2024, 3:23 PM","Sep 15, 2024, 4:16 PM","","Knee Raise Parallel Bars",,"",0,"normal",,15,,,
"Legs","Sep 15, 2024, 3:23 PM","Sep 15, 2024, 4:16 PM","","Knee Raise Parallel Bars",,"",1,"failure",,8,,,
"Legs","Sep 15, 2024, 3:23 PM","Sep 15, 2024, 4:16 PM","","Knee Raise Parallel Bars",,"",2,"failure",,8,,,
"PPL - (Pull)","Sep 13, 2024, 3:32 PM","Sep 13, 2024, 4:28 PM","","Lat Pulldown (Cable)",,"",0,"failure",143,5,,,
"PPL - (Pull)","Sep 13, 2024, 3:32 PM","Sep 13, 2024, 4:28 PM","","Lat Pulldown (Cable)",,"",1,"failure",121,7,,,
"PPL - (Pull)","Sep 13, 2024, 3:32 PM","Sep 13, 2024, 4:28 PM","","Lat Pulldown (Cable)",,"",2,"failure",126,5,,,
"PPL - (Pull)","Sep 13, 2024, 3:32 PM","Sep 13, 2024, 4:28 PM","","T Bar Row",,"",0,"normal",70,7,,,
"PPL - (Pull)","Sep 13, 2024, 3:32 PM","Sep 13, 2024, 4:28 PM","","T Bar Row",,"",1,"failure",80,4,,,
"PPL - (Pull)","Sep 13, 2024, 3:32 PM","Sep 13, 2024, 4:28 PM","","T Bar Row",,"",2,"failure",70,4,,,
"PPL - (Pull)","Sep 13, 2024, 3:32 PM","Sep 13, 2024, 4:28 PM","","Bicep Curl (Cable)",,"",0,"failure",38.5,3,,,
"PPL - (Pull)","Sep 13, 2024, 3:32 PM","Sep 13, 2024, 4:28 PM","","Bicep Curl (Cable)",,"",1,"failure",33,8,,,
"PPL - (Pull)","Sep 13, 2024, 3:32 PM","Sep 13, 2024, 4:28 PM","","Bicep Curl (Cable)",,"",2,"failure",38.5,3,,,
"PPL - (Pull)","Sep 13, 2024, 3:32 PM","Sep 13, 2024, 4:28 PM","","Preacher Curl (Barbell)",,"",0,"failure",50,6,,,
"PPL - (Pull)","Sep 13, 2024, 3:32 PM","Sep 13, 2024, 4:28 PM","","Preacher Curl (Barbell)",,"",1,"failure",50,4,,,
"PPL - (Pull)","Sep 13, 2024, 3:32 PM","Sep 13, 2024, 4:28 PM","","Preacher Curl (Barbell)",,"",2,"failure",50,5,,,
"Evening workout 🏋️","Sep 9, 2024, 6:54 PM","Sep 9, 2024, 7:38 PM","","Stair Machine",,"Floors 84
Steps 1349",0,"normal",,,,1200,
"Evening workout 🏋️","Sep 9, 2024, 6:54 PM","Sep 9, 2024, 7:38 PM","","Crunch (Machine)",,"",0,"failure",80,19,,,
"Evening workout 🏋️","Sep 9, 2024, 6:54 PM","Sep 9, 2024, 7:38 PM","","Crunch (Machine)",,"",1,"failure",70,16,,,
"Evening workout 🏋️","Sep 9, 2024, 6:54 PM","Sep 9, 2024, 7:38 PM","","Crunch (Machine)",,"",2,"failure",65,12,,,
"Evening workout 🏋️","Sep 9, 2024, 6:54 PM","Sep 9, 2024, 7:38 PM","","Crunch (Machine)",,"",3,"failure",60,15,,,
"Evening workout 🏋️","Sep 9, 2024, 6:54 PM","Sep 9, 2024, 7:38 PM","","Incline Bench Press (Dumbbell)",,"",0,"failure",40,8,,,
"Evening workout 🏋️","Sep 9, 2024, 6:54 PM","Sep 9, 2024, 7:38 PM","","Incline Bench Press (Dumbbell)",,"",1,"failure",40,4,,,
"PPL (Push)","Sep 9, 2024, 1:44 PM","Sep 9, 2024, 2:50 PM","","Butterfly (Pec Deck)",,"",0,"failure",100,8,,,
"PPL (Push)","Sep 9, 2024, 1:44 PM","Sep 9, 2024, 2:50 PM","","Butterfly (Pec Deck)",,"",1,"failure",105,4,,,
"PPL (Push)","Sep 9, 2024, 1:44 PM","Sep 9, 2024, 2:50 PM","","Butterfly (Pec Deck)",,"",2,"failure",95,5,,,
"PPL (Push)","Sep 9, 2024, 1:44 PM","Sep 9, 2024, 2:50 PM","","Seated Triceps Press",,"",0,"failure",60,10,,,
"PPL (Push)","Sep 9, 2024, 1:44 PM","Sep 9, 2024, 2:50 PM","","Seated Triceps Press",,"",1,"failure",65,5,,,
"PPL (Push)","Sep 9, 2024, 1:44 PM","Sep 9, 2024, 2:50 PM","","Chest Press (Machine)",,"converging",0,"warmup",100,5,,,
"PPL (Push)","Sep 9, 2024, 1:44 PM","Sep 9, 2024, 2:50 PM","","Chest Press (Machine)",,"converging",1,"failure",90,4,,,
"PPL (Push)","Sep 9, 2024, 1:44 PM","Sep 9, 2024, 2:50 PM","","Lateral Raise (Cable)",,"school machine risistance number",0,"failure",2,8,,,
"PPL (Push)","Sep 9, 2024, 1:44 PM","Sep 9, 2024, 2:50 PM","","Lateral Raise (Cable)",,"school machine risistance number",1,"failure",2,5,,,
"PPL (Push)","Sep 9, 2024, 1:44 PM","Sep 9, 2024, 2:50 PM","","Lateral Raise (Cable)",,"school machine risistance number",2,"failure",1,7,,,
"Legs","Sep 8, 2024, 4:18 PM","Sep 8, 2024, 4:53 PM","","Squat (Barbell)",,"",0,"warmup",50,5,,,
"Legs","Sep 8, 2024, 4:18 PM","Sep 8, 2024, 4:53 PM","","Squat (Barbell)",,"",1,"failure",70,3,,,
"Legs","Sep 8, 2024, 4:18 PM","Sep 8, 2024, 4:53 PM","","Squat (Barbell)",,"",2,"failure",50,7,,,
"Legs","Sep 8, 2024, 4:18 PM","Sep 8, 2024, 4:53 PM","","Leg Extension (Machine)",,"",0,"failure",130,12,,,
"Legs","Sep 8, 2024, 4:18 PM","Sep 8, 2024, 4:53 PM","","Leg Extension (Machine)",,"",1,"failure",120,10,,,
"Legs","Sep 8, 2024, 4:18 PM","Sep 8, 2024, 4:53 PM","","Leg Extension (Machine)",,"",2,"failure",125,10,,,
"Legs","Sep 8, 2024, 4:18 PM","Sep 8, 2024, 4:53 PM","","Seated Leg Curl (Machine)",,"",0,"failure",100,5,,,
"Legs","Sep 8, 2024, 4:18 PM","Sep 8, 2024, 4:53 PM","","Seated Leg Curl (Machine)",,"",1,"failure",90,7,,,
"Legs","Sep 8, 2024, 4:18 PM","Sep 8, 2024, 4:53 PM","","Seated Calf Raise",,"",0,"failure",60,10,,,
"Legs","Sep 8, 2024, 4:18 PM","Sep 8, 2024, 4:53 PM","","Seated Calf Raise",,"",1,"failure",60,8,,,
"Legs","Sep 8, 2024, 4:18 PM","Sep 8, 2024, 4:53 PM","","Seated Calf Raise",,"",2,"failure",60,6,,,
"PPL (Push)","Sep 5, 2024, 2:28 PM","Sep 5, 2024, 3:30 PM","","Incline Bench Press (Dumbbell)",,"",0,"failure",45,5,,,
"PPL (Push)","Sep 5, 2024, 2:28 PM","Sep 5, 2024, 3:30 PM","","Incline Bench Press (Dumbbell)",,"",1,"failure",40,8,,,
"PPL (Push)","Sep 5, 2024, 2:28 PM","Sep 5, 2024, 3:30 PM","","Incline Bench Press (Dumbbell)",,"",2,"failure",40,6,,,
"PPL (Push)","Sep 5, 2024, 2:28 PM","Sep 5, 2024, 3:30 PM","","Lateral Raise (Dumbbell)",,"",0,"warmup",15,12,,,
"PPL (Push)","Sep 5, 2024, 2:28 PM","Sep 5, 2024, 3:30 PM","","Lateral Raise (Dumbbell)",,"",1,"failure",17.5,4,,,
"PPL (Push)","Sep 5, 2024, 2:28 PM","Sep 5, 2024, 3:30 PM","","Lateral Raise (Dumbbell)",,"",2,"failure",15,5,,,
"PPL (Push)","Sep 5, 2024, 2:28 PM","Sep 5, 2024, 3:30 PM","","Seated Triceps Press",,"",0,"failure",60,2,,,
"PPL (Push)","Sep 5, 2024, 2:28 PM","Sep 5, 2024, 3:30 PM","","Seated Triceps Press",,"",1,"failure",55,2,,,
"PPL (Push)","Sep 5, 2024, 2:28 PM","Sep 5, 2024, 3:30 PM","","Triceps Pushdown",,"",0,"failure",55,8,,,
"PPL (Push)","Sep 5, 2024, 2:28 PM","Sep 5, 2024, 3:30 PM","","Triceps Pushdown",,"",1,"failure",50,8,,,
"PPL (Push)","Sep 5, 2024, 2:28 PM","Sep 5, 2024, 3:30 PM","","Lateral Raise (Cable)",,"",0,"failure",11,8,,,
"PPL (Push)","Sep 5, 2024, 2:28 PM","Sep 5, 2024, 3:30 PM","","Lateral Raise (Cable)",,"",1,"failure",11,7,,,
"PPL (Push)","Sep 5, 2024, 2:28 PM","Sep 5, 2024, 3:30 PM","","Stair Machine",,"Floors 98
Steps 1571",0,"normal",,,,1500,
"PPL - (Pull)","Sep 4, 2024, 7:42 PM","Sep 4, 2024, 9:22 PM","","Lat Pulldown (Cable)",,"",0,"failure",143,4,,,
"PPL - (Pull)","Sep 4, 2024, 7:42 PM","Sep 4, 2024, 9:22 PM","","Lat Pulldown (Cable)",,"",1,"failure",121,8,,,
"PPL - (Pull)","Sep 4, 2024, 7:42 PM","Sep 4, 2024, 9:22 PM","","Lat Pulldown (Cable)",,"",2,"failure",126,8,,,
"PPL - (Pull)","Sep 4, 2024, 7:42 PM","Sep 4, 2024, 9:22 PM","","T Bar Row",,"",0,"failure",70,4,,,
"PPL - (Pull)","Sep 4, 2024, 7:42 PM","Sep 4, 2024, 9:22 PM","","T Bar Row",,"",1,"failure",60,7,,,
"PPL - (Pull)","Sep 4, 2024, 7:42 PM","Sep 4, 2024, 9:22 PM","","T Bar Row",,"",2,"failure",55,5,,,
"PPL - (Pull)","Sep 4, 2024, 7:42 PM","Sep 4, 2024, 9:22 PM","","Bicep Curl (Cable)",,"",0,"failure",43.5,10,,,
"PPL - (Pull)","Sep 4, 2024, 7:42 PM","Sep 4, 2024, 9:22 PM","","Bicep Curl (Cable)",,"",1,"failure",43.5,9,,,
"PPL - (Pull)","Sep 4, 2024, 7:42 PM","Sep 4, 2024, 9:22 PM","","Bicep Curl (Cable)",,"",2,"failure",33,8,,,
"PPL - (Pull)","Sep 4, 2024, 7:42 PM","Sep 4, 2024, 9:22 PM","","Seated Row (Machine)",,"",0,"failure",110,7,,,
"PPL - (Pull)","Sep 4, 2024, 7:42 PM","Sep 4, 2024, 9:22 PM","","Seated Row (Machine)",,"",1,"failure",100,11,,,
"PPL - (Pull)","Sep 4, 2024, 7:42 PM","Sep 4, 2024, 9:22 PM","","Preacher Curl (Machine)",,"",0,"failure",60,6,,,
"PPL - (Pull)","Sep 4, 2024, 7:42 PM","Sep 4, 2024, 9:22 PM","","Preacher Curl (Machine)",,"",1,"failure",50,6,,,
"PPL - (Pull)","Sep 4, 2024, 7:42 PM","Sep 4, 2024, 9:22 PM","","Preacher Curl (Machine)",,"",2,"failure",50,5,,,
"PPL - (Pull)","Sep 4, 2024, 7:42 PM","Sep 4, 2024, 9:22 PM","","Stair Machine",,"Floors 127
steps 2040",0,"normal",,,,1980,
"Legs","Sep 3, 2024, 12:30 PM","Sep 3, 2024, 1:00 PM","","Leg Extension (Machine)",,"",0,"failure",120,17,,,
"Legs","Sep 3, 2024, 12:30 PM","Sep 3, 2024, 1:00 PM","","Leg Extension (Machine)",,"",1,"failure",130,10,,,
"Legs","Sep 3, 2024, 12:30 PM","Sep 3, 2024, 1:00 PM","","Seated Leg Curl (Machine)",,"",0,"failure",90,10,,,
"Legs","Sep 3, 2024, 12:30 PM","Sep 3, 2024, 1:00 PM","","Seated Leg Curl (Machine)",,"",1,"failure",105,5,,,
"Legs","Sep 3, 2024, 12:30 PM","Sep 3, 2024, 1:00 PM","","Seated Leg Curl (Machine)",,"",2,"failure",80,8,,,
"Legs","Sep 3, 2024, 12:30 PM","Sep 3, 2024, 1:00 PM","","Seated Calf Raise",,"",0,"failure",55,14,,,
"Legs","Sep 3, 2024, 12:30 PM","Sep 3, 2024, 1:00 PM","","Seated Calf Raise",,"",1,"failure",65,7,,,
"Legs","Sep 3, 2024, 12:30 PM","Sep 3, 2024, 1:00 PM","","Seated Calf Raise",,"",2,"failure",55,7,,,
"PPL (Push)","Sep 2, 2024, 4:51 PM","Sep 2, 2024, 6:09 PM","","Incline Bench Press (Dumbbell)",,"",0,"failure",45,3,,,
"PPL (Push)","Sep 2, 2024, 4:51 PM","Sep 2, 2024, 6:09 PM","","Incline Bench Press (Dumbbell)",,"",1,"failure",40,6,,,
"PPL (Push)","Sep 2, 2024, 4:51 PM","Sep 2, 2024, 6:09 PM","","Incline Bench Press (Dumbbell)",,"",2,"failure",40,4,,,
"PPL (Push)","Sep 2, 2024, 4:51 PM","Sep 2, 2024, 6:09 PM","","Butterfly (Pec Deck)",,"",0,"failure",100,4,,,
"PPL (Push)","Sep 2, 2024, 4:51 PM","Sep 2, 2024, 6:09 PM","","Butterfly (Pec Deck)",,"",1,"failure",90,7,,,
"PPL (Push)","Sep 2, 2024, 4:51 PM","Sep 2, 2024, 6:09 PM","","Lateral Raise (Dumbbell)",,"seated",0,"failure",15,8,,,
"PPL (Push)","Sep 2, 2024, 4:51 PM","Sep 2, 2024, 6:09 PM","","Lateral Raise (Dumbbell)",,"seated",1,"failure",12.5,10,,,
"PPL (Push)","Sep 2, 2024, 4:51 PM","Sep 2, 2024, 6:09 PM","","Lateral Raise (Dumbbell)",,"seated",2,"failure",12.5,8,,,
"PPL (Push)","Sep 2, 2024, 4:51 PM","Sep 2, 2024, 6:09 PM","","Seated Triceps Press",,"",0,"warmup",40,6,,,
"PPL (Push)","Sep 2, 2024, 4:51 PM","Sep 2, 2024, 6:09 PM","","Seated Triceps Press",,"",1,"failure",55,6,,,
"PPL (Push)","Sep 2, 2024, 4:51 PM","Sep 2, 2024, 6:09 PM","","Seated Triceps Press",,"",2,"failure",55,4,,,
"PPL (Push)","Sep 2, 2024, 4:51 PM","Sep 2, 2024, 6:09 PM","","Deltoid Raise",,"",0,"failure",60,8,,,
"PPL (Push)","Sep 2, 2024, 4:51 PM","Sep 2, 2024, 6:09 PM","","Deltoid Raise",,"",1,"failure",60,5,,,
"PPL (Push)","Sep 2, 2024, 4:51 PM","Sep 2, 2024, 6:09 PM","","Deltoid Raise",,"",2,"failure",50,7,,,
"PPL (Push)","Sep 2, 2024, 4:51 PM","Sep 2, 2024, 6:09 PM","","Triceps Pushdown",,"",0,"failure",55,8,,,
"PPL (Push)","Sep 2, 2024, 4:51 PM","Sep 2, 2024, 6:09 PM","","Triceps Pushdown",,"",1,"failure",45,5,,,
"PPL (Push)","Sep 2, 2024, 4:51 PM","Sep 2, 2024, 6:09 PM","","Stair Machine",,"Floors 123
Steps 1971",0,"normal",,,,1797,
"PPL - (Pull)","Aug 30, 2024, 6:50 PM","Aug 30, 2024, 8:48 PM","","Lat Pulldown (Cable)",,"",0,"failure",143,4,,,
"PPL - (Pull)","Aug 30, 2024, 6:50 PM","Aug 30, 2024, 8:48 PM","","Lat Pulldown (Cable)",,"",1,"failure",121,6,,,
"PPL - (Pull)","Aug 30, 2024, 6:50 PM","Aug 30, 2024, 8:48 PM","","Lat Pulldown (Cable)",,"",2,"failure",121,7,,,
"PPL - (Pull)","Aug 30, 2024, 6:50 PM","Aug 30, 2024, 8:48 PM","","T Bar Row",,"",0,"failure",70,4,,,
"PPL - (Pull)","Aug 30, 2024, 6:50 PM","Aug 30, 2024, 8:48 PM","","T Bar Row",,"",1,"failure",55,7,,,
"PPL - (Pull)","Aug 30, 2024, 6:50 PM","Aug 30, 2024, 8:48 PM","","T Bar Row",,"",2,"failure",55,4,,,
"PPL - (Pull)","Aug 30, 2024, 6:50 PM","Aug 30, 2024, 8:48 PM","","Bicep Curl (Cable)",,"",0,"failure",38.5,8,,,
"PPL - (Pull)","Aug 30, 2024, 6:50 PM","Aug 30, 2024, 8:48 PM","","Bicep Curl (Cable)",,"",1,"failure",38.5,6,,,
"PPL - (Pull)","Aug 30, 2024, 6:50 PM","Aug 30, 2024, 8:48 PM","","Bicep Curl (Cable)",,"",2,"failure",33,11,,,
"PPL - (Pull)","Aug 30, 2024, 6:50 PM","Aug 30, 2024, 8:48 PM","","Preacher Curl (Machine)",,"",0,"failure",60,5,,,
"PPL - (Pull)","Aug 30, 2024, 6:50 PM","Aug 30, 2024, 8:48 PM","","Preacher Curl (Machine)",,"",1,"failure",55,5,,,
"PPL - (Pull)","Aug 30, 2024, 6:50 PM","Aug 30, 2024, 8:48 PM","","Preacher Curl (Machine)",,"",2,"failure",50,4,,,
"PPL - (Pull)","Aug 30, 2024, 6:50 PM","Aug 30, 2024, 8:48 PM","","Crunch (Machine)",,"",0,"failure",80,20,,,
"PPL - (Pull)","Aug 30, 2024, 6:50 PM","Aug 30, 2024, 8:48 PM","","Crunch (Machine)",,"",1,"failure",70,10,,,
"PPL - (Pull)","Aug 30, 2024, 6:50 PM","Aug 30, 2024, 8:48 PM","","Crunch (Machine)",,"",2,"failure",70,11,,,
"PPL - (Pull)","Aug 30, 2024, 6:50 PM","Aug 30, 2024, 8:48 PM","","Iso-Lateral High Row (Machine)",,"",0,"warmup",45,6,,,
"PPL - (Pull)","Aug 30, 2024, 6:50 PM","Aug 30, 2024, 8:48 PM","","Iso-Lateral High Row (Machine)",,"",1,"failure",45,6,,,
"PPL - (Pull)","Aug 30, 2024, 6:50 PM","Aug 30, 2024, 8:48 PM","","Iso-Lateral High Row (Machine)",,"",2,"failure",45,4,,,
"PPL - (Pull)","Aug 30, 2024, 6:50 PM","Aug 30, 2024, 8:48 PM","","Stair Machine",,"floors 249

steps 3997",0,"failure",,,,3600,
"PPL - (Pull)","Aug 30, 2024, 6:50 PM","Aug 30, 2024, 8:48 PM","","Preacher Curl (Barbell)",,"",0,"failure",20,8,,,
"PPL - (Pull)","Aug 30, 2024, 6:50 PM","Aug 30, 2024, 8:48 PM","","Preacher Curl (Barbell)",,"",1,"failure",30,3,,,
"PPL - (Pull)","Aug 30, 2024, 6:50 PM","Aug 30, 2024, 8:48 PM","","Preacher Curl (Barbell)",,"",2,"failure",20,7,,,
"Afternoon workout 💪","Aug 28, 2024, 12:28 PM","Aug 28, 2024, 1:05 PM","","Seated Calf Raise",,"",0,"failure",55,7,,,
"Afternoon workout 💪","Aug 28, 2024, 12:28 PM","Aug 28, 2024, 1:05 PM","","Seated Calf Raise",,"",1,"failure",55,6,,,
"Afternoon workout 💪","Aug 28, 2024, 12:28 PM","Aug 28, 2024, 1:05 PM","","Seated Calf Raise",,"",2,"failure",55,6,,,
"Afternoon workout 💪","Aug 28, 2024, 12:28 PM","Aug 28, 2024, 1:05 PM","","Leg Extension (Machine)",,"",0,"failure",120,9,,,
"Afternoon workout 💪","Aug 28, 2024, 12:28 PM","Aug 28, 2024, 1:05 PM","","Leg Extension (Machine)",,"",1,"failure",120,9,,,
"Afternoon workout 💪","Aug 28, 2024, 12:28 PM","Aug 28, 2024, 1:05 PM","","Leg Extension (Machine)",,"",2,"failure",130,7,,,
"Afternoon workout 💪","Aug 28, 2024, 12:28 PM","Aug 28, 2024, 1:05 PM","","Seated Leg Curl (Machine)",,"",0,"warmup",80,6,,,
"Afternoon workout 💪","Aug 28, 2024, 12:28 PM","Aug 28, 2024, 1:05 PM","","Seated Leg Curl (Machine)",,"",1,"failure",90,7,,,
"Afternoon workout 💪","Aug 28, 2024, 12:28 PM","Aug 28, 2024, 1:05 PM","","Seated Leg Curl (Machine)",,"",2,"failure",90,5,,,
"Afternoon workout 💪","Aug 28, 2024, 12:28 PM","Aug 28, 2024, 1:05 PM","","Crunch (Machine)",,"",0,"failure",90,8,,,
"Afternoon workout 💪","Aug 28, 2024, 12:28 PM","Aug 28, 2024, 1:05 PM","","Crunch (Machine)",,"",1,"failure",70,10,,,
"Afternoon workout 💪","Aug 28, 2024, 12:28 PM","Aug 28, 2024, 1:05 PM","","Crunch (Machine)",,"",2,"failure",70,10,,,
"Afternoon workout 💪","Aug 26, 2024, 1:11 PM","Aug 26, 2024, 1:50 PM","","Lat Pulldown (Machine)",,"",0,"failure",140,9,,,
"Afternoon workout 💪","Aug 26, 2024, 1:11 PM","Aug 26, 2024, 1:50 PM","","Lat Pulldown (Machine)",,"",1,"failure",150,5,,,
"Afternoon workout 💪","Aug 26, 2024, 1:11 PM","Aug 26, 2024, 1:50 PM","","Lat Pulldown (Machine)",,"",2,"failure",140,5,,,
"Afternoon workout 💪","Aug 26, 2024, 1:11 PM","Aug 26, 2024, 1:50 PM","","Lat Pulldown (Cable)",,"",0,"failure",143,3,,,
"Afternoon workout 💪","Aug 26, 2024, 1:11 PM","Aug 26, 2024, 1:50 PM","","Lat Pulldown (Cable)",,"",1,"failure",126,5,,,
"Afternoon workout 💪","Aug 26, 2024, 1:11 PM","Aug 26, 2024, 1:50 PM","","Lat Pulldown (Cable)",,"",2,"failure",126,5,,,
"Afternoon workout 💪","Aug 26, 2024, 1:11 PM","Aug 26, 2024, 1:50 PM","","Iso-Lateral High Row (Machine)",,"",0,"failure",45,3,,,
"Afternoon workout 💪","Aug 26, 2024, 1:11 PM","Aug 26, 2024, 1:50 PM","","Iso-Lateral High Row (Machine)",,"",1,"failure",45,5,,,
"Afternoon workout 💪","Aug 26, 2024, 1:11 PM","Aug 26, 2024, 1:50 PM","","Iso-Lateral High Row (Machine)",,"",2,"failure",45,5,,,
"Afternoon workout 💪","Aug 26, 2024, 1:11 PM","Aug 26, 2024, 1:50 PM","","Seated Row (Machine)",,"",0,"warmup",100,5,,,
"Afternoon workout 💪","Aug 26, 2024, 1:11 PM","Aug 26, 2024, 1:50 PM","","Seated Row (Machine)",,"",1,"failure",110,5,,,
"Afternoon workout 💪","Aug 26, 2024, 1:11 PM","Aug 26, 2024, 1:50 PM","","Seated Row (Machine)",,"",2,"failure",100,5,,,
"Afternoon workout 💪","Aug 26, 2024, 1:11 PM","Aug 26, 2024, 1:50 PM","","Crunch (Machine)",,"",0,"failure",90,16,,,
"Afternoon workout 💪","Aug 26, 2024, 1:11 PM","Aug 26, 2024, 1:50 PM","","Crunch (Machine)",,"",1,"failure",90,9,,,
"Afternoon workout 💪","Aug 26, 2024, 1:11 PM","Aug 26, 2024, 1:50 PM","","Crunch (Machine)",,"",2,"failure",80,5,,,
"Afternoon workout 💪","Aug 23, 2024, 12:44 PM","Aug 23, 2024, 1:35 PM","","Preacher Curl (Barbell)",,"",0,"warmup",40,12,,,
"Afternoon workout 💪","Aug 23, 2024, 12:44 PM","Aug 23, 2024, 1:35 PM","","Preacher Curl (Barbell)",,"",1,"normal",40,10,,,
"Afternoon workout 💪","Aug 23, 2024, 12:44 PM","Aug 23, 2024, 1:35 PM","","Crunch (Machine)",,"",0,"failure",90,18,,,
"Afternoon workout 💪","Aug 23, 2024, 12:44 PM","Aug 23, 2024, 1:35 PM","","Crunch (Machine)",,"",1,"failure",90,12,,,
"Afternoon workout 💪","Aug 23, 2024, 12:44 PM","Aug 23, 2024, 1:35 PM","","Crunch (Machine)",,"",2,"failure",70,10,,,
"Afternoon workout 💪","Aug 23, 2024, 12:44 PM","Aug 23, 2024, 1:35 PM","","Bicep Curl (Dumbbell)",,"",0,"failure",25,12,,,
"Afternoon workout 💪","Aug 23, 2024, 12:44 PM","Aug 23, 2024, 1:35 PM","","Bicep Curl (Dumbbell)",,"",1,"failure",27.5,5,,,
"Afternoon workout 💪","Aug 23, 2024, 12:44 PM","Aug 23, 2024, 1:35 PM","","Bicep Curl (Dumbbell)",,"",2,"failure",27.5,6,,,
"Afternoon workout 💪","Aug 23, 2024, 12:44 PM","Aug 23, 2024, 1:35 PM","","Triceps Pushdown",,"",0,"failure",55,6,,,
"Afternoon workout 💪","Aug 23, 2024, 12:44 PM","Aug 23, 2024, 1:35 PM","","Triceps Pushdown",,"",1,"failure",49,7,,,
"Afternoon workout 💪","Aug 23, 2024, 12:44 PM","Aug 23, 2024, 1:35 PM","","Triceps Pushdown",,"",2,"failure",49,6,,,
"Afternoon workout 💪","Aug 23, 2024, 12:44 PM","Aug 23, 2024, 1:35 PM","","Triceps Pushdown",,"",3,"failure",44,7,,,
"Afternoon workout 💪","Aug 23, 2024, 12:44 PM","Aug 23, 2024, 1:35 PM","","Preacher Curl (Machine)",,"",0,"failure",55,7,,,
"Afternoon workout 💪","Aug 23, 2024, 12:44 PM","Aug 23, 2024, 1:35 PM","","Preacher Curl (Machine)",,"",1,"failure",55,5,,,
"Afternoon workout 💪","Aug 23, 2024, 12:44 PM","Aug 23, 2024, 1:35 PM","","Preacher Curl (Machine)",,"",2,"failure",50,3,,,
"Afternoon workout 💪","Aug 21, 2024, 1:48 PM","Aug 21, 2024, 2:23 PM","","Leg Press (Machine)",,"",0,"warmup",180,8,,,
"Afternoon workout 💪","Aug 21, 2024, 1:48 PM","Aug 21, 2024, 2:23 PM","","Leg Press (Machine)",,"",1,"failure",250,9,,,
"Afternoon workout 💪","Aug 21, 2024, 1:48 PM","Aug 21, 2024, 2:23 PM","","Leg Press (Machine)",,"",2,"failure",250,5,,,
"Afternoon workout 💪","Aug 21, 2024, 1:48 PM","Aug 21, 2024, 2:23 PM","","Leg Extension (Machine)",,"",0,"failure",115,7,,,
"Afternoon workout 💪","Aug 21, 2024, 1:48 PM","Aug 21, 2024, 2:23 PM","","Leg Extension (Machine)",,"",1,"failure",115,7,,,
"Afternoon workout 💪","Aug 21, 2024, 1:48 PM","Aug 21, 2024, 2:23 PM","","Seated Leg Curl (Machine)",,"",0,"failure",90,6,,,
"Afternoon workout 💪","Aug 21, 2024, 1:48 PM","Aug 21, 2024, 2:23 PM","","Seated Leg Curl (Machine)",,"",1,"failure",90,5,,,
"Afternoon workout 💪","Aug 21, 2024, 1:48 PM","Aug 21, 2024, 2:23 PM","","Seated Calf Raise",,"",0,"warmup",45,10,,,
"Afternoon workout 💪","Aug 21, 2024, 1:48 PM","Aug 21, 2024, 2:23 PM","","Seated Calf Raise",,"",1,"failure",70,5,,,
"Afternoon workout 💪","Aug 21, 2024, 1:48 PM","Aug 21, 2024, 2:23 PM","","Seated Calf Raise",,"",2,"failure",70,5,,,
"Afternoon workout 💪","Aug 19, 2024, 1:55 PM","Aug 19, 2024, 2:28 PM","","Shoulder Press (Dumbbell)",,"",0,"failure",35,10,,,
"Afternoon workout 💪","Aug 19, 2024, 1:55 PM","Aug 19, 2024, 2:28 PM","","Shoulder Press (Dumbbell)",,"",1,"failure",35,6,,,
"Afternoon workout 💪","Aug 19, 2024, 1:55 PM","Aug 19, 2024, 2:28 PM","","Shoulder Press (Dumbbell)",,"",2,"failure",35,7,,,
"Afternoon workout 💪","Aug 19, 2024, 1:55 PM","Aug 19, 2024, 2:28 PM","","Lateral Raise (Dumbbell)",,"",0,"failure",15,9,,,
"Afternoon workout 💪","Aug 19, 2024, 1:55 PM","Aug 19, 2024, 2:28 PM","","Lateral Raise (Dumbbell)",,"",1,"failure",15,11,,,
"Afternoon workout 💪","Aug 19, 2024, 1:55 PM","Aug 19, 2024, 2:28 PM","","Lateral Raise (Dumbbell)",,"",2,"failure",15,8,,,
"Afternoon workout 💪","Aug 19, 2024, 1:55 PM","Aug 19, 2024, 2:28 PM","","Seated Shoulder Press (Machine)",,"Converging",0,"failure",90,4,,,
"Afternoon workout 💪","Aug 19, 2024, 1:55 PM","Aug 19, 2024, 2:28 PM","","Seated Shoulder Press (Machine)",,"Converging",1,"failure",80,5,,,
"Afternoon workout 💪","Aug 19, 2024, 1:55 PM","Aug 19, 2024, 2:28 PM","","Lateral Raise (Cable)",,"",0,"failure",15,4,,,
"Afternoon workout 💪","Aug 19, 2024, 1:55 PM","Aug 19, 2024, 2:28 PM","","Lateral Raise (Cable)",,"",1,"failure",15,5,,,
"Afternoon workout 💪","Aug 19, 2024, 1:55 PM","Aug 19, 2024, 2:28 PM","","Lateral Raise (Cable)",,"",2,"failure",15,5,,,
"Afternoon workout 💪","Aug 19, 2024, 1:55 PM","Aug 19, 2024, 2:28 PM","","Lateral Raise (Cable)",,"",3,"failure",10,7,,,
"Afternoon workout 💪","Aug 19, 2024, 1:55 PM","Aug 19, 2024, 2:28 PM","","Rear Delt Reverse Fly (Cable)",,"",0,"failure",20,3,,,
"Afternoon workout 💪","Aug 18, 2024, 3:37 PM","Aug 18, 2024, 4:41 PM","","Lat Pulldown (Cable)",,"",0,"warmup",121,8,,,
"Afternoon workout 💪","Aug 18, 2024, 3:37 PM","Aug 18, 2024, 4:41 PM","","Lat Pulldown (Cable)",,"",1,"failure",143,3,,,
"Afternoon workout 💪","Aug 18, 2024, 3:37 PM","Aug 18, 2024, 4:41 PM","","Lat Pulldown (Cable)",,"",2,"failure",126,9,,,
"Afternoon workout 💪","Aug 18, 2024, 3:37 PM","Aug 18, 2024, 4:41 PM","","Lat Pulldown (Cable)",,"",3,"failure",126,7,,,
"Afternoon workout 💪","Aug 18, 2024, 3:37 PM","Aug 18, 2024, 4:41 PM","","Crunch (Machine)",,"",0,"failure",80,18,,,
"Afternoon workout 💪","Aug 18, 2024, 3:37 PM","Aug 18, 2024, 4:41 PM","","Crunch (Machine)",,"",1,"failure",80,10,,,
"Afternoon workout 💪","Aug 18, 2024, 3:37 PM","Aug 18, 2024, 4:41 PM","","Crunch (Machine)",,"",2,"failure",70,10,,,
"Afternoon workout 💪","Aug 18, 2024, 3:37 PM","Aug 18, 2024, 4:41 PM","","Iso-Lateral High Row (Machine)",,"",0,"failure",55,2,,,
"Afternoon workout 💪","Aug 18, 2024, 3:37 PM","Aug 18, 2024, 4:41 PM","","Iso-Lateral High Row (Machine)",,"",1,"failure",45,7,,,
"Afternoon workout 💪","Aug 18, 2024, 3:37 PM","Aug 18, 2024, 4:41 PM","","Iso-Lateral High Row (Machine)",,"",2,"failure",45,6,,,
"Afternoon workout 💪","Aug 18, 2024, 3:37 PM","Aug 18, 2024, 4:41 PM","","Iso-Lateral High Row (Machine)",,"",3,"failure",45,6,,,
"Afternoon workout 💪","Aug 18, 2024, 3:37 PM","Aug 18, 2024, 4:41 PM","","Lat Pulldown (Machine)",,"",0,"failure",130,8,,,
"Afternoon workout 💪","Aug 18, 2024, 3:37 PM","Aug 18, 2024, 4:41 PM","","Lat Pulldown (Machine)",,"",1,"failure",140,4,,,
"Afternoon workout 💪","Aug 18, 2024, 3:37 PM","Aug 18, 2024, 4:41 PM","","Rear Delt Reverse Fly (Cable)",,"",0,"failure",17,4,,,
"Afternoon workout 💪","Aug 18, 2024, 3:37 PM","Aug 18, 2024, 4:41 PM","","Rear Delt Reverse Fly (Cable)",,"",1,"failure",13,8,,,
"Afternoon workout 💪","Aug 18, 2024, 3:37 PM","Aug 18, 2024, 4:41 PM","","Treadmill",,"",0,"normal",,,1,1071,
"Afternoon workout 💪","Aug 16, 2024, 4:22 PM","Aug 16, 2024, 5:02 PM","","Leg Extension (Machine)",,"",0,"warmup",130,11,,,
"Afternoon workout 💪","Aug 16, 2024, 4:22 PM","Aug 16, 2024, 5:02 PM","","Leg Extension (Machine)",,"",1,"failure",130,8,,,
"Afternoon workout 💪","Aug 16, 2024, 4:22 PM","Aug 16, 2024, 5:02 PM","","Leg Extension (Machine)",,"",2,"failure",130,7,,,
"Afternoon workout 💪","Aug 16, 2024, 4:22 PM","Aug 16, 2024, 5:02 PM","","Seated Leg Curl (Machine)",,"",0,"failure",100,6,,,
"Afternoon workout 💪","Aug 16, 2024, 4:22 PM","Aug 16, 2024, 5:02 PM","","Seated Leg Curl (Machine)",,"",1,"failure",90,7,,,
"Afternoon workout 💪","Aug 16, 2024, 4:22 PM","Aug 16, 2024, 5:02 PM","","Seated Leg Curl (Machine)",,"",2,"failure",90,6,,,
"Afternoon workout 💪","Aug 16, 2024, 4:22 PM","Aug 16, 2024, 5:02 PM","","Crunch (Machine)",,"",0,"failure",80,12,,,
"Afternoon workout 💪","Aug 16, 2024, 4:22 PM","Aug 16, 2024, 5:02 PM","","Crunch (Machine)",,"",1,"failure",80,9,,,
"Afternoon workout 💪","Aug 16, 2024, 4:22 PM","Aug 16, 2024, 5:02 PM","","Crunch (Machine)",,"",2,"failure",70,14,,,
"Afternoon workout 💪","Aug 16, 2024, 4:22 PM","Aug 16, 2024, 5:02 PM","","Hip Adduction (Machine)",,"",0,"failure",120,11,,,
"Afternoon workout 💪","Aug 16, 2024, 4:22 PM","Aug 16, 2024, 5:02 PM","","Hip Adduction (Machine)",,"",1,"failure",130,8,,,
"Afternoon workout 💪","Aug 16, 2024, 4:22 PM","Aug 16, 2024, 5:02 PM","","Seated Calf Raise",,"",0,"failure",45,10,,,
"Afternoon workout 💪","Aug 16, 2024, 4:22 PM","Aug 16, 2024, 5:02 PM","","Seated Calf Raise",,"",1,"failure",70,7,,,
"Afternoon workout 💪","Aug 16, 2024, 4:22 PM","Aug 16, 2024, 5:02 PM","","Seated Calf Raise",,"",2,"failure",45,20,,,
"Morning workout ☀️","Aug 15, 2024, 10:07 AM","Aug 15, 2024, 10:45 AM","","Chest Press (Machine)",,"",0,"warmup",110,8,,,
"Morning workout ☀️","Aug 15, 2024, 10:07 AM","Aug 15, 2024, 10:45 AM","","Chest Press (Machine)",,"",1,"failure",100,10,,,
"Morning workout ☀️","Aug 15, 2024, 10:07 AM","Aug 15, 2024, 10:45 AM","","Incline Bench Press (Dumbbell)",,"",0,"failure",45,5,,,
"Morning workout ☀️","Aug 15, 2024, 10:07 AM","Aug 15, 2024, 10:45 AM","","Incline Bench Press (Dumbbell)",,"",1,"failure",40,6,,,
"Morning workout ☀️","Aug 15, 2024, 10:07 AM","Aug 15, 2024, 10:45 AM","","Incline Bench Press (Dumbbell)",,"",2,"failure",40,3,,,
"Morning workout ☀️","Aug 15, 2024, 10:07 AM","Aug 15, 2024, 10:45 AM","","Butterfly (Pec Deck)",,"",0,"failure",100,5,,,
"Morning workout ☀️","Aug 15, 2024, 10:07 AM","Aug 15, 2024, 10:45 AM","","Butterfly (Pec Deck)",,"",1,"failure",90,5,,,
"Morning workout ☀️","Aug 15, 2024, 10:07 AM","Aug 15, 2024, 10:45 AM","","Butterfly (Pec Deck)",,"",2,"failure",90,3,,,
"Morning workout ☀️","Aug 15, 2024, 10:07 AM","Aug 15, 2024, 10:45 AM","","Low Cable Fly Crossovers",,"",0,"failure",20,4,,,
"Morning workout ☀️","Aug 15, 2024, 10:07 AM","Aug 15, 2024, 10:45 AM","","Low Cable Fly Crossovers",,"",1,"failure",17,8,,,
"Morning workout ☀️","Aug 15, 2024, 10:07 AM","Aug 15, 2024, 10:45 AM","","Low Cable Fly Crossovers",,"",2,"failure",17,7,,,
"Morning workout ☀️","Aug 15, 2024, 10:07 AM","Aug 15, 2024, 10:45 AM","","Treadmill",,"",0,"normal",,,0.23,240,
"Morning workout ☀️","Aug 14, 2024, 12:07 PM","Aug 14, 2024, 12:41 PM","","Crunch (Machine)",,"",0,"failure",90,12,,,
"Morning workout ☀️","Aug 14, 2024, 12:07 PM","Aug 14, 2024, 12:41 PM","","Crunch (Machine)",,"",1,"failure",80,11,,,
"Morning workout ☀️","Aug 14, 2024, 12:07 PM","Aug 14, 2024, 12:41 PM","","Crunch (Machine)",,"",2,"failure",80,9,,,
"Morning workout ☀️","Aug 14, 2024, 12:07 PM","Aug 14, 2024, 12:41 PM","","Bicep Curl (Cable)",,"",0,"failure",44,9,,,
"Morning workout ☀️","Aug 14, 2024, 12:07 PM","Aug 14, 2024, 12:41 PM","","Bicep Curl (Cable)",,"",1,"failure",38.5,7,,,
"Morning workout ☀️","Aug 14, 2024, 12:07 PM","Aug 14, 2024, 12:41 PM","","Bicep Curl (Cable)",,"",2,"failure",38.5,7,,,
"Morning workout ☀️","Aug 14, 2024, 12:07 PM","Aug 14, 2024, 12:41 PM","","Triceps Pushdown",,"double pully",0,"warmup",49.5,11,,,
"Morning workout ☀️","Aug 14, 2024, 12:07 PM","Aug 14, 2024, 12:41 PM","","Triceps Pushdown",,"double pully",1,"normal",55,7,,,
"Morning workout ☀️","Aug 14, 2024, 12:07 PM","Aug 14, 2024, 12:41 PM","","Triceps Pushdown",,"double pully",2,"normal",55,6,,,
"Morning workout ☀️","Aug 14, 2024, 12:07 PM","Aug 14, 2024, 12:41 PM","","Bicep Curl (Dumbbell)",,"",0,"failure",25,6,,,
"Morning workout ☀️","Aug 14, 2024, 12:07 PM","Aug 14, 2024, 12:41 PM","","Bicep Curl (Dumbbell)",,"",1,"failure",22.5,6,,,
"Morning workout ☀️","Aug 14, 2024, 12:07 PM","Aug 14, 2024, 12:41 PM","","Hammer Curl (Dumbbell)",,"",0,"failure",25,5,,,
"Morning workout ☀️","Aug 14, 2024, 12:07 PM","Aug 14, 2024, 12:41 PM","","Hammer Curl (Dumbbell)",,"",1,"failure",22.5,6,,,
"Morning workout ☀️","Aug 14, 2024, 12:07 PM","Aug 14, 2024, 12:41 PM","","Seated Triceps Press",,"",0,"failure",50,7,,,
"Morning workout ☀️","Aug 14, 2024, 12:07 PM","Aug 14, 2024, 12:41 PM","","Seated Triceps Press",,"",1,"failure",50,5,,,
"Morning workout ☀️","Aug 12, 2024, 9:15 AM","Aug 12, 2024, 9:47 AM","","Preacher Curl (Machine)",,"",0,"warmup",55,8,,,
"Morning workout ☀️","Aug 12, 2024, 9:15 AM","Aug 12, 2024, 9:47 AM","","Preacher Curl (Machine)",,"",1,"failure",55,5,,,
"Morning workout ☀️","Aug 12, 2024, 9:15 AM","Aug 12, 2024, 9:47 AM","","Preacher Curl (Machine)",,"",2,"failure",50,5,,,
"Morning workout ☀️","Aug 12, 2024, 9:15 AM","Aug 12, 2024, 9:47 AM","","Seated Triceps Press",,"",0,"failure",55,6,,,
"Morning workout ☀️","Aug 12, 2024, 9:15 AM","Aug 12, 2024, 9:47 AM","","Seated Triceps Press",,"",1,"failure",55,4,,,
"Morning workout ☀️","Aug 12, 2024, 9:15 AM","Aug 12, 2024, 9:47 AM","","Lat Pulldown (Machine)",,"",0,"failure",140,9,,,
"Morning workout ☀️","Aug 12, 2024, 9:15 AM","Aug 12, 2024, 9:47 AM","","Lat Pulldown (Machine)",,"",1,"failure",150,5,,,
"Morning workout ☀️","Aug 12, 2024, 9:15 AM","Aug 12, 2024, 9:47 AM","","Lat Pulldown (Machine)",,"",2,"failure",140,6,,,
"Morning workout ☀️","Aug 12, 2024, 9:15 AM","Aug 12, 2024, 9:47 AM","","Seated Row (Machine)",,"",0,"failure",110,6,,,
"Morning workout ☀️","Aug 12, 2024, 9:15 AM","Aug 12, 2024, 9:47 AM","","Seated Row (Machine)",,"",1,"failure",110,4,,,
"Morning workout ☀️","Aug 12, 2024, 9:15 AM","Aug 12, 2024, 9:47 AM","","Butterfly (Pec Deck)",,"",0,"failure",100,7,,,
"Morning workout ☀️","Aug 12, 2024, 9:15 AM","Aug 12, 2024, 9:47 AM","","Butterfly (Pec Deck)",,"",1,"failure",110,5,,,
"Morning workout ☀️","Aug 12, 2024, 9:15 AM","Aug 12, 2024, 9:47 AM","","Chest Press (Machine)",,"",0,"failure",100,5,,,
"Morning workout ☀️","Aug 12, 2024, 9:15 AM","Aug 12, 2024, 9:47 AM","","Chest Press (Machine)",,"",1,"failure",90,6,,,
"Afternoon workout 💪","Aug 5, 2024, 2:02 PM","Aug 5, 2024, 2:39 PM","","Lat Pulldown (Cable)",,"",0,"failure",120,8,,,
"Afternoon workout 💪","Aug 5, 2024, 2:02 PM","Aug 5, 2024, 2:39 PM","","Lat Pulldown (Cable)",,"",1,"failure",130,4,,,
"Afternoon workout 💪","Aug 5, 2024, 2:02 PM","Aug 5, 2024, 2:39 PM","","Lat Pulldown (Cable)",,"",2,"failure",120,6,,,
"Afternoon workout 💪","Aug 5, 2024, 2:02 PM","Aug 5, 2024, 2:39 PM","","Iso-Lateral Row (Machine)",,"",0,"failure",55,7,,,
"Afternoon workout 💪","Aug 5, 2024, 2:02 PM","Aug 5, 2024, 2:39 PM","","Iso-Lateral Row (Machine)",,"",1,"failure",55,6,,,
"Afternoon workout 💪","Aug 5, 2024, 2:02 PM","Aug 5, 2024, 2:39 PM","","Iso-Lateral Row (Machine)",,"",2,"failure",65,6,,,
"Afternoon workout 💪","Aug 5, 2024, 2:02 PM","Aug 5, 2024, 2:39 PM","","Iso-Lateral Row (Machine)",,"",3,"failure",65,7,,,
"Afternoon workout 💪","Aug 5, 2024, 2:02 PM","Aug 5, 2024, 2:39 PM","","Rear Delt Reverse Fly (Cable)",,"",0,"warmup",10,8,,,
"Afternoon workout 💪","Aug 5, 2024, 2:02 PM","Aug 5, 2024, 2:39 PM","","Rear Delt Reverse Fly (Cable)",,"",1,"failure",15,8,,,
"Afternoon workout 💪","Aug 5, 2024, 2:02 PM","Aug 5, 2024, 2:39 PM","","Rear Delt Reverse Fly (Cable)",,"",2,"failure",15,7,,,
"Afternoon workout 💪","Aug 5, 2024, 2:02 PM","Aug 5, 2024, 2:39 PM","","Straight Arm Lat Pulldown (Cable)",,"",0,"failure",60,8,,,
"Afternoon workout 💪","Aug 5, 2024, 2:02 PM","Aug 5, 2024, 2:39 PM","","Straight Arm Lat Pulldown (Cable)",,"",1,"failure",60,6,,,
"Afternoon workout 💪","Aug 2, 2024, 5:06 PM","Aug 2, 2024, 5:56 PM","","Lateral Raise (Dumbbell)",,"",0,"failure",15,11,,,
"Afternoon workout 💪","Aug 2, 2024, 5:06 PM","Aug 2, 2024, 5:56 PM","","Lateral Raise (Dumbbell)",,"",1,"failure",17.5,8,,,
"Afternoon workout 💪","Aug 2, 2024, 5:06 PM","Aug 2, 2024, 5:56 PM","","Lateral Raise (Dumbbell)",,"",2,"failure",17.5,8,,,
"Afternoon workout 💪","Aug 2, 2024, 5:06 PM","Aug 2, 2024, 5:56 PM","","Rear Delt Reverse Fly (Cable)",,"",0,"failure",17,6,,,
"Afternoon workout 💪","Aug 2, 2024, 5:06 PM","Aug 2, 2024, 5:56 PM","","Rear Delt Reverse Fly (Cable)",,"",1,"failure",17,6,,,
"Afternoon workout 💪","Aug 2, 2024, 5:06 PM","Aug 2, 2024, 5:56 PM","","Seated Shoulder Press (Machine)",,"",0,"failure",100,4,,,
"Afternoon workout 💪","Aug 2, 2024, 5:06 PM","Aug 2, 2024, 5:56 PM","","Seated Shoulder Press (Machine)",,"",1,"failure",90,4,,,
"Afternoon workout 💪","Aug 2, 2024, 5:06 PM","Aug 2, 2024, 5:56 PM","","Seated Shoulder Press (Machine)",,"",2,"failure",85,5,,,
"Afternoon workout 💪","Aug 2, 2024, 5:06 PM","Aug 2, 2024, 5:56 PM","","Deltoid Raise",,"",0,"failure",60,5,,,
"Afternoon workout 💪","Aug 2, 2024, 5:06 PM","Aug 2, 2024, 5:56 PM","","Deltoid Raise",,"",1,"failure",50,6,,,
"Afternoon workout 💪","Aug 2, 2024, 5:06 PM","Aug 2, 2024, 5:56 PM","","Deltoid Raise",,"",2,"failure",50,7,,,
"Afternoon workout 💪","Aug 2, 2024, 5:06 PM","Aug 2, 2024, 5:56 PM","","Treadmill",,"",0,"normal",,,1.1,1224,
"Evening workout 🏋️","Jul 31, 2024, 8:01 PM","Jul 31, 2024, 8:41 PM","","Triceps Extension (Machine)",,"",0,"failure",50,9,,,
"Evening workout 🏋️","Jul 31, 2024, 8:01 PM","Jul 31, 2024, 8:41 PM","","Triceps Extension (Machine)",,"",1,"failure",55,7,,,
"Evening workout 🏋️","Jul 31, 2024, 8:01 PM","Jul 31, 2024, 8:41 PM","","Triceps Extension (Machine)",,"",2,"failure",60,4,,,
"Evening workout 🏋️","Jul 31, 2024, 8:01 PM","Jul 31, 2024, 8:41 PM","","Preacher Curl (Machine)",,"",0,"failure",50,10,,,
"Evening workout 🏋️","Jul 31, 2024, 8:01 PM","Jul 31, 2024, 8:41 PM","","Preacher Curl (Machine)",,"",1,"failure",55,4,,,
"Evening workout 🏋️","Jul 31, 2024, 8:01 PM","Jul 31, 2024, 8:41 PM","","Preacher Curl (Machine)",,"",2,"failure",55,5,,,
"Evening workout 🏋️","Jul 31, 2024, 8:01 PM","Jul 31, 2024, 8:41 PM","","Triceps Pushdown",,"",0,"failure",66,6,,,
"Evening workout 🏋️","Jul 31, 2024, 8:01 PM","Jul 31, 2024, 8:41 PM","","Triceps Pushdown",,"",1,"failure",66,5,,,
"Evening workout 🏋️","Jul 31, 2024, 8:01 PM","Jul 31, 2024, 8:41 PM","","Triceps Pushdown",,"",2,"failure",55,6,,,
"Evening workout 🏋️","Jul 31, 2024, 8:01 PM","Jul 31, 2024, 8:41 PM","","Triceps Pushdown",,"",3,"failure",55,5,,,
"Evening workout 🏋️","Jul 31, 2024, 8:01 PM","Jul 31, 2024, 8:41 PM","","Bicep Curl (Cable)",,"",0,"failure",35,8,,,
"Evening workout 🏋️","Jul 31, 2024, 8:01 PM","Jul 31, 2024, 8:41 PM","","Bicep Curl (Cable)",,"",1,"failure",40,5,,,
"Evening workout 🏋️","Jul 31, 2024, 8:01 PM","Jul 31, 2024, 8:41 PM","","Bicep Curl (Cable)",,"",2,"failure",35,6,,,
"Evening workout 🏋️","Jul 31, 2024, 8:01 PM","Jul 31, 2024, 8:41 PM","","Bicep Curl (Dumbbell)",,"",0,"failure",22.5,5,,,
"Evening workout 🏋️","Jul 31, 2024, 8:01 PM","Jul 31, 2024, 8:41 PM","","Treadmill",,"",0,"normal",,,0.34,412,
"Afternoon workout 💪","Jul 29, 2024, 4:13 PM","Jul 29, 2024, 4:49 PM","","Crunch (Machine)",,"",0,"failure",80,22,,,
"Afternoon workout 💪","Jul 29, 2024, 4:13 PM","Jul 29, 2024, 4:49 PM","","Crunch (Machine)",,"",1,"failure",80,11,,,
"Afternoon workout 💪","Jul 29, 2024, 4:13 PM","Jul 29, 2024, 4:49 PM","","Hip Abduction (Machine)",,"",0,"failure",130,13,,,
"Afternoon workout 💪","Jul 29, 2024, 4:13 PM","Jul 29, 2024, 4:49 PM","","Hip Abduction (Machine)",,"",1,"failure",140,10,,,
"Afternoon workout 💪","Jul 29, 2024, 4:13 PM","Jul 29, 2024, 4:49 PM","","Hip Adduction (Machine)",,"",0,"failure",120,10,,,
"Afternoon workout 💪","Jul 29, 2024, 4:13 PM","Jul 29, 2024, 4:49 PM","","Hip Adduction (Machine)",,"",1,"failure",130,8,,,
"Afternoon workout 💪","Jul 29, 2024, 4:13 PM","Jul 29, 2024, 4:49 PM","","Lying Leg Curl (Machine)",,"",0,"failure",100,8,,,
"Afternoon workout 💪","Jul 29, 2024, 4:13 PM","Jul 29, 2024, 4:49 PM","","Lying Leg Curl (Machine)",,"",1,"failure",90,6,,,
"Afternoon workout 💪","Jul 29, 2024, 4:13 PM","Jul 29, 2024, 4:49 PM","","Lying Leg Curl (Machine)",,"",2,"failure",80,5,,,
"Afternoon workout 💪","Jul 29, 2024, 4:13 PM","Jul 29, 2024, 4:49 PM","","Leg Extension (Machine)",,"",0,"failure",140,10,,,
"Afternoon workout 💪","Jul 29, 2024, 4:13 PM","Jul 29, 2024, 4:49 PM","","Leg Extension (Machine)",,"",1,"failure",140,10,,,
"Afternoon workout 💪","Jul 29, 2024, 4:13 PM","Jul 29, 2024, 4:49 PM","","Leg Extension (Machine)",,"",2,"failure",145,8,,,
"Afternoon workout 💪","Jul 27, 2024, 5:04 PM","Jul 27, 2024, 6:01 PM","","Crunch (Machine)",,"",0,"failure",80,15,,,
"Afternoon workout 💪","Jul 27, 2024, 5:04 PM","Jul 27, 2024, 6:01 PM","","Crunch (Machine)",,"",1,"failure",80,14,,,
"Afternoon workout 💪","Jul 27, 2024, 5:04 PM","Jul 27, 2024, 6:01 PM","","Crunch (Machine)",,"",2,"failure",80,10,,,
"Afternoon workout 💪","Jul 27, 2024, 5:04 PM","Jul 27, 2024, 6:01 PM","","Chest Press (Machine)",,"",0,"failure",115,10,,,
"Afternoon workout 💪","Jul 27, 2024, 5:04 PM","Jul 27, 2024, 6:01 PM","","Chest Press (Machine)",,"",1,"failure",110,6,,,
"Afternoon workout 💪","Jul 27, 2024, 5:04 PM","Jul 27, 2024, 6:01 PM","","Chest Press (Machine)",,"",2,"failure",105,8,,,
"Afternoon workout 💪","Jul 27, 2024, 5:04 PM","Jul 27, 2024, 6:01 PM","","Incline Bench Press (Dumbbell)",,"",0,"failure",45,3,,,
"Afternoon workout 💪","Jul 27, 2024, 5:04 PM","Jul 27, 2024, 6:01 PM","","Incline Bench Press (Dumbbell)",,"",1,"failure",40,7,,,
"Afternoon workout 💪","Jul 27, 2024, 5:04 PM","Jul 27, 2024, 6:01 PM","","Incline Bench Press (Dumbbell)",,"",2,"failure",40,4,,,
"Afternoon workout 💪","Jul 27, 2024, 5:04 PM","Jul 27, 2024, 6:01 PM","","Incline Bench Press (Dumbbell)",,"",3,"failure",35,2,,,
"Afternoon workout 💪","Jul 27, 2024, 5:04 PM","Jul 27, 2024, 6:01 PM","","Butterfly (Pec Deck)",,"",0,"failure",110,4,,,
"Afternoon workout 💪","Jul 27, 2024, 5:04 PM","Jul 27, 2024, 6:01 PM","","Butterfly (Pec Deck)",,"",1,"failure",100,6,,,
"Afternoon workout 💪","Jul 27, 2024, 5:04 PM","Jul 27, 2024, 6:01 PM","","Butterfly (Pec Deck)",,"",2,"failure",95,6,,,
"Afternoon workout 💪","Jul 27, 2024, 5:04 PM","Jul 27, 2024, 6:01 PM","","Treadmill",,"",0,"normal",,,1.17,1360,
"Afternoon workout 💪","Jul 25, 2024, 2:55 PM","Jul 25, 2024, 3:40 PM","","Lat Pulldown (Machine)",,"",0,"failure",150,7,,0,
"Afternoon workout 💪","Jul 25, 2024, 2:55 PM","Jul 25, 2024, 3:40 PM","","Lat Pulldown (Machine)",,"",1,"failure",150,7,,0,
"Afternoon workout 💪","Jul 25, 2024, 2:55 PM","Jul 25, 2024, 3:40 PM","","Lat Pulldown (Machine)",,"",2,"failure",135,5,,0,
"Afternoon workout 💪","Jul 25, 2024, 2:55 PM","Jul 25, 2024, 3:40 PM","","Rear Delt Reverse Fly (Cable)",,"",0,"warmup",17,7,,0,
"Afternoon workout 💪","Jul 25, 2024, 2:55 PM","Jul 25, 2024, 3:40 PM","","Rear Delt Reverse Fly (Cable)",,"",1,"failure",17,8,,0,
"Afternoon workout 💪","Jul 25, 2024, 2:55 PM","Jul 25, 2024, 3:40 PM","","Rear Delt Reverse Fly (Cable)",,"",2,"failure",20,4,,0,
"Afternoon workout 💪","Jul 25, 2024, 2:55 PM","Jul 25, 2024, 3:40 PM","","Seated Row (Machine)",,"",0,"failure",120,4,,0,
"Afternoon workout 💪","Jul 25, 2024, 2:55 PM","Jul 25, 2024, 3:40 PM","","Seated Row (Machine)",,"",1,"failure",110,7,,0,
"Afternoon workout 💪","Jul 25, 2024, 2:55 PM","Jul 25, 2024, 3:40 PM","","Seated Row (Machine)",,"",2,"failure",110,4,,0,
"Afternoon workout 💪","Jul 25, 2024, 2:55 PM","Jul 25, 2024, 3:40 PM","","Crunch (Machine)",,"",0,"failure",80,15,,0,
"Afternoon workout 💪","Jul 25, 2024, 2:55 PM","Jul 25, 2024, 3:40 PM","","Crunch (Machine)",,"",1,"failure",80,14,,0,
"Afternoon workout 💪","Jul 25, 2024, 2:55 PM","Jul 25, 2024, 3:40 PM","","Crunch (Machine)",,"",2,"failure",70,7,,0,
"Afternoon workout 💪","Jul 25, 2024, 2:55 PM","Jul 25, 2024, 3:40 PM","","Crunch (Machine)",,"",3,"failure",70,11,,0,
"Afternoon workout 💪","Jul 25, 2024, 2:55 PM","Jul 25, 2024, 3:40 PM","","Seated Cable Row - V Grip (Cable)",,"",0,"failure",99,9,,0,
"Afternoon workout 💪","Jul 25, 2024, 2:55 PM","Jul 25, 2024, 3:40 PM","","Seated Cable Row - V Grip (Cable)",,"",1,"failure",99,9,,0,
"Afternoon workout 💪","Jul 23, 2024, 3:01 PM","Jul 23, 2024, 3:53 PM","","Seated Shoulder Press (Machine)",,"",0,"failure",90,9,,,
"Afternoon workout 💪","Jul 23, 2024, 3:01 PM","Jul 23, 2024, 3:53 PM","","Seated Shoulder Press (Machine)",,"",1,"failure",95,6,,,
"Afternoon workout 💪","Jul 23, 2024, 3:01 PM","Jul 23, 2024, 3:53 PM","","Seated Shoulder Press (Machine)",,"",2,"failure",90,7,,,
"Afternoon workout 💪","Jul 23, 2024, 3:01 PM","Jul 23, 2024, 3:53 PM","","Shoulder Press (Dumbbell)",,"",0,"failure",30,9,,,
"Afternoon workout 💪","Jul 23, 2024, 3:01 PM","Jul 23, 2024, 3:53 PM","","Shoulder Press (Dumbbell)",,"",1,"failure",35,6,,,
"Afternoon workout 💪","Jul 23, 2024, 3:01 PM","Jul 23, 2024, 3:53 PM","","Shoulder Press (Dumbbell)",,"",2,"failure",35,5,,,
"Afternoon workout 💪","Jul 23, 2024, 3:01 PM","Jul 23, 2024, 3:53 PM","","Lateral Raise (Dumbbell)",,"",0,"failure",15,5,,,
"Afternoon workout 💪","Jul 23, 2024, 3:01 PM","Jul 23, 2024, 3:53 PM","","Lateral Raise (Dumbbell)",,"",1,"failure",15,10,,,
"Afternoon workout 💪","Jul 23, 2024, 3:01 PM","Jul 23, 2024, 3:53 PM","","Rear Delt Reverse Fly (Cable)",,"",0,"failure",10,10,,,
"Afternoon workout 💪","Jul 23, 2024, 3:01 PM","Jul 23, 2024, 3:53 PM","","Rear Delt Reverse Fly (Cable)",,"",1,"failure",15,4,,,
"Afternoon workout 💪","Jul 23, 2024, 3:01 PM","Jul 23, 2024, 3:53 PM","","Lateral Raise (Cable)",,"",0,"warmup",5,8,,,
"Afternoon workout 💪","Jul 23, 2024, 3:01 PM","Jul 23, 2024, 3:53 PM","","Lateral Raise (Cable)",,"",1,"failure",10,3,,,
"Afternoon workout 💪","Jul 23, 2024, 3:01 PM","Jul 23, 2024, 3:53 PM","","Treadmill",,"",0,"normal",,,0.81,780,
"Evening workout 🏋️","Jul 22, 2024, 8:05 PM","Jul 22, 2024, 9:37 PM","","Preacher Curl (Machine)",,"",0,"failure",50,10,,0,
"Evening workout 🏋️","Jul 22, 2024, 8:05 PM","Jul 22, 2024, 9:37 PM","","Preacher Curl (Machine)",,"",1,"failure",60,4,,0,
"Evening workout 🏋️","Jul 22, 2024, 8:05 PM","Jul 22, 2024, 9:37 PM","","Preacher Curl (Machine)",,"",2,"failure",55,5,,0,
"Evening workout 🏋️","Jul 22, 2024, 8:05 PM","Jul 22, 2024, 9:37 PM","","Triceps Pushdown",,"",0,"failure",55,11,,0,
"Evening workout 🏋️","Jul 22, 2024, 8:05 PM","Jul 22, 2024, 9:37 PM","","Triceps Pushdown",,"",1,"failure",60,6,,0,
"Evening workout 🏋️","Jul 22, 2024, 8:05 PM","Jul 22, 2024, 9:37 PM","","Triceps Pushdown",,"",2,"failure",55,7,,0,
"Evening workout 🏋️","Jul 22, 2024, 8:05 PM","Jul 22, 2024, 9:37 PM","","Preacher Curl (Barbell)",,"",0,"failure",40,10,,0,
"Evening workout 🏋️","Jul 22, 2024, 8:05 PM","Jul 22, 2024, 9:37 PM","","Preacher Curl (Barbell)",,"",1,"failure",50,3,,0,
"Evening workout 🏋️","Jul 22, 2024, 8:05 PM","Jul 22, 2024, 9:37 PM","","Preacher Curl (Barbell)",,"",2,"failure",50,6,,0,
"Evening workout 🏋️","Jul 22, 2024, 8:05 PM","Jul 22, 2024, 9:37 PM","","Crunch (Machine)",,"",0,"failure",70,21,,0,
"Evening workout 🏋️","Jul 22, 2024, 8:05 PM","Jul 22, 2024, 9:37 PM","","Crunch (Machine)",,"",1,"failure",80,13,,0,
"Evening workout 🏋️","Jul 22, 2024, 8:05 PM","Jul 22, 2024, 9:37 PM","","Crunch (Machine)",,"",2,"failure",80,12,,0,
"Evening workout 🏋️","Jul 22, 2024, 8:05 PM","Jul 22, 2024, 9:37 PM","","Bicep Curl (Dumbbell)",,"",0,"failure",25,10,,0,
"Evening workout 🏋️","Jul 22, 2024, 8:05 PM","Jul 22, 2024, 9:37 PM","","Bicep Curl (Dumbbell)",,"",1,"failure",22.5,8,,0,
"Evening workout 🏋️","Jul 22, 2024, 8:05 PM","Jul 22, 2024, 9:37 PM","","Bicep Curl (Dumbbell)",,"",2,"failure",22.5,4,,0,
"Evening workout 🏋️","Jul 22, 2024, 8:05 PM","Jul 22, 2024, 9:37 PM","","Triceps Extension (Machine)",,"",0,"failure",50,10,,0,
"Evening workout 🏋️","Jul 22, 2024, 8:05 PM","Jul 22, 2024, 9:37 PM","","Triceps Extension (Machine)",,"",1,"failure",50,7,,0,
"Evening workout 🏋️","Jul 22, 2024, 8:05 PM","Jul 22, 2024, 9:37 PM","","Treadmill",,"",0,"failure",,0,0.68,660,
"Evening workout 🏋️","Jul 22, 2024, 8:05 PM","Jul 22, 2024, 9:37 PM","","Treadmill",,"",1,"failure",,0,1.86,1994,
"Afternoon workout 💪","Jul 18, 2024, 2:46 PM","Jul 18, 2024, 3:27 PM","","Incline Bench Press (Dumbbell)",,"",0,"failure",40,9,,,
"Afternoon workout 💪","Jul 18, 2024, 2:46 PM","Jul 18, 2024, 3:27 PM","","Incline Bench Press (Dumbbell)",,"",1,"failure",45,4,,,
"Afternoon workout 💪","Jul 18, 2024, 2:46 PM","Jul 18, 2024, 3:27 PM","","Incline Bench Press (Dumbbell)",,"",2,"failure",40,6,,,
"Afternoon workout 💪","Jul 18, 2024, 2:46 PM","Jul 18, 2024, 3:27 PM","","Butterfly (Pec Deck)",,"",0,"failure",105,5,,,
"Afternoon workout 💪","Jul 18, 2024, 2:46 PM","Jul 18, 2024, 3:27 PM","","Butterfly (Pec Deck)",,"",1,"failure",95,5,,,
"Afternoon workout 💪","Jul 18, 2024, 2:46 PM","Jul 18, 2024, 3:27 PM","","Butterfly (Pec Deck)",,"",2,"failure",95,4,,,
"Afternoon workout 💪","Jul 18, 2024, 2:46 PM","Jul 18, 2024, 3:27 PM","","Butterfly (Pec Deck)",,"",3,"failure",80,4,,,
"Afternoon workout 💪","Jul 18, 2024, 2:46 PM","Jul 18, 2024, 3:27 PM","","Low Cable Fly Crossovers",,"",0,"failure",10,8,,,
"Afternoon workout 💪","Jul 18, 2024, 2:46 PM","Jul 18, 2024, 3:27 PM","","Low Cable Fly Crossovers",,"",1,"failure",10,8,,,
"Afternoon workout 💪","Jul 18, 2024, 2:46 PM","Jul 18, 2024, 3:27 PM","","Decline Bench Press (Machine)",,"",0,"failure",110,5,,,
"Afternoon workout 💪","Jul 18, 2024, 2:46 PM","Jul 18, 2024, 3:27 PM","","Decline Bench Press (Machine)",,"",1,"failure",95,10,,,
"Afternoon workout 💪","Jul 18, 2024, 2:46 PM","Jul 18, 2024, 3:27 PM","","Decline Bench Press (Machine)",,"",2,"failure",90,8,,,
"Afternoon workout 💪","Jul 17, 2024, 2:48 PM","Jul 17, 2024, 3:30 PM","","Lat Pulldown (Cable)",,"",0,"failure",120,9,,,
"Afternoon workout 💪","Jul 17, 2024, 2:48 PM","Jul 17, 2024, 3:30 PM","","Lat Pulldown (Cable)",,"",1,"failure",120,6,,,
"Afternoon workout 💪","Jul 17, 2024, 2:48 PM","Jul 17, 2024, 3:30 PM","","Lat Pulldown (Cable)",,"",2,"failure",120,5,,,
"Afternoon workout 💪","Jul 17, 2024, 2:48 PM","Jul 17, 2024, 3:30 PM","","Iso-Lateral Row (Machine)",,"",0,"failure",10,45,,,
"Afternoon workout 💪","Jul 17, 2024, 2:48 PM","Jul 17, 2024, 3:30 PM","","Iso-Lateral Row (Machine)",,"",1,"failure",10,55,,,
"Afternoon workout 💪","Jul 17, 2024, 2:48 PM","Jul 17, 2024, 3:30 PM","","Iso-Lateral Row (Machine)",,"",2,"failure",4,65,,,
"Afternoon workout 💪","Jul 17, 2024, 2:48 PM","Jul 17, 2024, 3:30 PM","","Iso-Lateral Row (Machine)",,"",3,"failure",4,55,,,
"Afternoon workout 💪","Jul 17, 2024, 2:48 PM","Jul 17, 2024, 3:30 PM","","Lat Pulldown (Machine)",,"",0,"failure",110,8,,,
"Afternoon workout 💪","Jul 17, 2024, 2:48 PM","Jul 17, 2024, 3:30 PM","","Lat Pulldown (Machine)",,"",1,"failure",140,6,,,
"Afternoon workout 💪","Jul 17, 2024, 2:48 PM","Jul 17, 2024, 3:30 PM","","Lat Pulldown (Machine)",,"",2,"failure",130,8,,,
"Afternoon workout 💪","Jul 16, 2024, 2:58 PM","Jul 16, 2024, 3:46 PM","","Seated Shoulder Press (Machine)",,"",0,"failure",85,10,,,
"Afternoon workout 💪","Jul 16, 2024, 2:58 PM","Jul 16, 2024, 3:46 PM","","Seated Shoulder Press (Machine)",,"",1,"failure",90,7,,,
"Afternoon workout 💪","Jul 16, 2024, 2:58 PM","Jul 16, 2024, 3:46 PM","","Seated Shoulder Press (Machine)",,"",2,"failure",80,6,,,
"Afternoon workout 💪","Jul 16, 2024, 2:58 PM","Jul 16, 2024, 3:46 PM","","Rear Delt Reverse Fly (Cable)",,"",0,"warmup",10,8,,,
"Afternoon workout 💪","Jul 16, 2024, 2:58 PM","Jul 16, 2024, 3:46 PM","","Rear Delt Reverse Fly (Cable)",,"",1,"failure",10,9,,,
"Afternoon workout 💪","Jul 16, 2024, 2:58 PM","Jul 16, 2024, 3:46 PM","","Rear Delt Reverse Fly (Cable)",,"",2,"failure",10,9,,,
"Afternoon workout 💪","Jul 16, 2024, 2:58 PM","Jul 16, 2024, 3:46 PM","","Lateral Raise (Dumbbell)",,"",0,"failure",15,10,,,
"Afternoon workout 💪","Jul 16, 2024, 2:58 PM","Jul 16, 2024, 3:46 PM","","Lateral Raise (Dumbbell)",,"",1,"failure",15,6,,,
"Afternoon workout 💪","Jul 16, 2024, 2:58 PM","Jul 16, 2024, 3:46 PM","","Lateral Raise (Dumbbell)",,"",2,"failure",15,9,,,
"Afternoon workout 💪","Jul 16, 2024, 2:58 PM","Jul 16, 2024, 3:46 PM","","Lateral Raise (Dumbbell)",,"",3,"failure",10,8,,,
"Afternoon workout 💪","Jul 16, 2024, 2:58 PM","Jul 16, 2024, 3:46 PM","","Lateral Raise (Dumbbell)",,"",4,"failure",10,11,,,
"Afternoon workout 💪","Jul 16, 2024, 2:58 PM","Jul 16, 2024, 3:46 PM","","Shoulder Press (Dumbbell)",,"",0,"warmup",35,3,,,
"Afternoon workout 💪","Jul 16, 2024, 2:58 PM","Jul 16, 2024, 3:46 PM","","Shoulder Press (Dumbbell)",,"",1,"warmup",30,3,,,
"Afternoon workout 💪","Jul 16, 2024, 2:58 PM","Jul 16, 2024, 3:46 PM","","Shoulder Press (Dumbbell)",,"",2,"failure",30,6,,,
"Afternoon workout 💪","Jul 16, 2024, 2:58 PM","Jul 16, 2024, 3:46 PM","","Shoulder Press (Dumbbell)",,"",3,"failure",30,5,,,
"Afternoon workout 💪","Jul 16, 2024, 2:58 PM","Jul 16, 2024, 3:46 PM","","Front Raise (Dumbbell)",,"",0,"failure",15,9,,,
"Afternoon workout 💪","Jul 16, 2024, 2:58 PM","Jul 16, 2024, 3:46 PM","","Front Raise (Dumbbell)",,"",1,"failure",10,12,,,
"Afternoon workout 💪","Jul 16, 2024, 2:58 PM","Jul 16, 2024, 3:46 PM","","Rear Delt Reverse Fly (Machine)",,"",0,"failure",70,14,,,
"Afternoon workout 💪","Jul 16, 2024, 2:58 PM","Jul 16, 2024, 3:46 PM","","Rear Delt Reverse Fly (Machine)",,"",1,"failure",80,5,,,
"Afternoon workout 💪","Jul 15, 2024, 2:50 PM","Jul 15, 2024, 3:54 PM","","Bicep Curl (Dumbbell)",,"incline seated",0,"failure",20,13,,,
"Afternoon workout 💪","Jul 15, 2024, 2:50 PM","Jul 15, 2024, 3:54 PM","","Bicep Curl (Dumbbell)",,"incline seated",1,"failure",25,5,,,
"Afternoon workout 💪","Jul 15, 2024, 2:50 PM","Jul 15, 2024, 3:54 PM","","Bicep Curl (Dumbbell)",,"incline seated",2,"failure",25,2,,,
"Afternoon workout 💪","Jul 15, 2024, 2:50 PM","Jul 15, 2024, 3:54 PM","","Preacher Curl (Barbell)",,"",0,"failure",40,9,,,
"Afternoon workout 💪","Jul 15, 2024, 2:50 PM","Jul 15, 2024, 3:54 PM","","Preacher Curl (Barbell)",,"",1,"failure",40,8,,,
"Afternoon workout 💪","Jul 15, 2024, 2:50 PM","Jul 15, 2024, 3:54 PM","","Triceps Pushdown",,"",0,"failure",50,9,,,
"Afternoon workout 💪","Jul 15, 2024, 2:50 PM","Jul 15, 2024, 3:54 PM","","Triceps Pushdown",,"",1,"failure",45,10,,,
"Afternoon workout 💪","Jul 15, 2024, 2:50 PM","Jul 15, 2024, 3:54 PM","","Triceps Pushdown",,"",2,"failure",45,6,,,
"Afternoon workout 💪","Jul 15, 2024, 2:50 PM","Jul 15, 2024, 3:54 PM","","Hammer Curl (Dumbbell)",,"",0,"failure",25,5,,,
"Afternoon workout 💪","Jul 15, 2024, 2:50 PM","Jul 15, 2024, 3:54 PM","","Hammer Curl (Dumbbell)",,"",1,"failure",20,8,,,
"Afternoon workout 💪","Jul 15, 2024, 2:50 PM","Jul 15, 2024, 3:54 PM","","Seated Triceps Press",,"",0,"failure",55,10,,,
"Afternoon workout 💪","Jul 15, 2024, 2:50 PM","Jul 15, 2024, 3:54 PM","","Seated Triceps Press",,"",1,"failure",60,7,,,
"Afternoon workout 💪","Jul 15, 2024, 2:50 PM","Jul 15, 2024, 3:54 PM","","Seated Triceps Press",,"",2,"failure",55,9,,,
"Afternoon workout 💪","Jul 15, 2024, 2:50 PM","Jul 15, 2024, 3:54 PM","","Leg Press (Machine)",,"",0,"failure",270,8,,,
"Afternoon workout 💪","Jul 15, 2024, 2:50 PM","Jul 15, 2024, 3:54 PM","","Leg Press (Machine)",,"",1,"failure",250,7,,,
"Afternoon workout 💪","Jul 15, 2024, 2:50 PM","Jul 15, 2024, 3:54 PM","","Leg Press (Machine)",,"",2,"failure",250,5,,,
"Afternoon workout 💪","Jul 15, 2024, 2:50 PM","Jul 15, 2024, 3:54 PM","","Seated Calf Raise",,"",0,"failure",45,9,,,
"Afternoon workout 💪","Jul 15, 2024, 2:50 PM","Jul 15, 2024, 3:54 PM","","Seated Calf Raise",,"",1,"failure",70,5,,,
"Afternoon workout 💪","Jul 15, 2024, 2:50 PM","Jul 15, 2024, 3:54 PM","","Leg Extension (Machine)",,"",0,"failure",140,9,,,
"Afternoon workout 💪","Jul 15, 2024, 2:50 PM","Jul 15, 2024, 3:54 PM","","Leg Extension (Machine)",,"",1,"failure",145,7,,,
"Afternoon workout 💪","Jul 15, 2024, 2:50 PM","Jul 15, 2024, 3:54 PM","","Seated Leg Curl (Machine)",,"",0,"warmup",80,8,,,
"Afternoon workout 💪","Jul 15, 2024, 2:50 PM","Jul 15, 2024, 3:54 PM","","Seated Leg Curl (Machine)",,"",1,"failure",100,8,,,
"Evening workout 🏋️","Jul 11, 2024, 7:43 PM","Jul 11, 2024, 8:31 PM","","Leg Press Horizontal (Machine)",,"",0,"failure",200,16,,,
"Evening workout 🏋️","Jul 11, 2024, 7:43 PM","Jul 11, 2024, 8:31 PM","","Leg Press Horizontal (Machine)",,"",1,"failure",240,9,,,
"Evening workout 🏋️","Jul 11, 2024, 7:43 PM","Jul 11, 2024, 8:31 PM","","Leg Press Horizontal (Machine)",,"",2,"failure",240,8,,,
"Evening workout 🏋️","Jul 11, 2024, 7:43 PM","Jul 11, 2024, 8:31 PM","","horizontal leg press (calf)",,"",0,"failure",160,13,,,
"Evening workout 🏋️","Jul 11, 2024, 7:43 PM","Jul 11, 2024, 8:31 PM","","horizontal leg press (calf)",,"",1,"failure",160,12,,,
"Evening workout 🏋️","Jul 11, 2024, 7:43 PM","Jul 11, 2024, 8:31 PM","","Seated Calf Raise",,"",0,"warmup",45,5,,,
"Evening workout 🏋️","Jul 11, 2024, 7:43 PM","Jul 11, 2024, 8:31 PM","","Seated Calf Raise",,"",1,"failure",70,8,,,
"Evening workout 🏋️","Jul 11, 2024, 7:43 PM","Jul 11, 2024, 8:31 PM","","Seated Calf Raise",,"",2,"failure",55,10,,,
"Evening workout 🏋️","Jul 4, 2024, 6:38 PM","Jul 4, 2024, 8:34 PM","","Crunch (Machine)",,"",0,"failure",70,16,,,
"Evening workout 🏋️","Jul 4, 2024, 6:38 PM","Jul 4, 2024, 8:34 PM","","Crunch (Machine)",,"",1,"failure",80,13,,,
"Evening workout 🏋️","Jul 4, 2024, 6:38 PM","Jul 4, 2024, 8:34 PM","","Crunch (Machine)",,"",2,"failure",80,11,,,
"Evening workout 🏋️","Jul 4, 2024, 6:38 PM","Jul 4, 2024, 8:34 PM","","Lat Pulldown (Cable)",,"",0,"failure",121,10,,,
"Evening workout 🏋️","Jul 4, 2024, 6:38 PM","Jul 4, 2024, 8:34 PM","","Lat Pulldown (Cable)",,"",1,"failure",121,8,,,
"Evening workout 🏋️","Jul 4, 2024, 6:38 PM","Jul 4, 2024, 8:34 PM","","Lat Pulldown (Cable)",,"",2,"failure",143,3,,,
"Evening workout 🏋️","Jul 4, 2024, 6:38 PM","Jul 4, 2024, 8:34 PM","","Lat Pulldown (Cable)",,"",3,"failure",110,11,,,
"Evening workout 🏋️","Jul 4, 2024, 6:38 PM","Jul 4, 2024, 8:34 PM","","T Bar Row",,"",0,"failure",80,2,,,
"Evening workout 🏋️","Jul 4, 2024, 6:38 PM","Jul 4, 2024, 8:34 PM","","T Bar Row",,"",1,"failure",70,5,,,
"Evening workout 🏋️","Jul 4, 2024, 6:38 PM","Jul 4, 2024, 8:34 PM","","T Bar Row",,"",2,"failure",55,8,,,
"Evening workout 🏋️","Jul 4, 2024, 6:38 PM","Jul 4, 2024, 8:34 PM","","T Bar Row",,"",3,"failure",55,6,,,
"Evening workout 🏋️","Jul 4, 2024, 6:38 PM","Jul 4, 2024, 8:34 PM","","Seated Cable Row - Bar Wide Grip",,"",0,"failure",88,4,,,
"Evening workout 🏋️","Jul 4, 2024, 6:38 PM","Jul 4, 2024, 8:34 PM","","Seated Cable Row - Bar Grip",,"",0,"failure",88,8,,,
"Evening workout 🏋️","Jul 4, 2024, 6:38 PM","Jul 4, 2024, 8:34 PM","","Seated Cable Row - Bar Grip",,"",1,"failure",99,3,,,
"Evening workout 🏋️","Jul 4, 2024, 6:38 PM","Jul 4, 2024, 8:34 PM","","Incline Bench Press (Dumbbell)",,"",0,"failure",40,8,,,
"Evening workout 🏋️","Jul 4, 2024, 6:38 PM","Jul 4, 2024, 8:34 PM","","Incline Bench Press (Dumbbell)",,"",1,"failure",40,8,,,
"Evening workout 🏋️","Jul 4, 2024, 6:38 PM","Jul 4, 2024, 8:34 PM","","Incline Bench Press (Dumbbell)",,"",2,"failure",40,6,,,
"Evening workout 🏋️","Jul 4, 2024, 6:38 PM","Jul 4, 2024, 8:34 PM","","Seated Row (Machine)",,"",0,"failure",110,8,,,
"Evening workout 🏋️","Jul 4, 2024, 6:38 PM","Jul 4, 2024, 8:34 PM","","Seated Row (Machine)",,"",1,"failure",120,7,,,
"Evening workout 🏋️","Jul 4, 2024, 6:38 PM","Jul 4, 2024, 8:34 PM","","Seated Row (Machine)",,"",2,"failure",100,12,,,
"Evening workout 🏋️","Jul 4, 2024, 6:38 PM","Jul 4, 2024, 8:34 PM","","Lat Pulldown (Cable)",,"Mag Grip",0,"failure",110,8,,,
"Evening workout 🏋️","Jul 4, 2024, 6:38 PM","Jul 4, 2024, 8:34 PM","","Lat Pulldown (Cable)",,"Mag Grip",1,"failure",99,9,,,
"Evening workout 🏋️","Jul 4, 2024, 6:38 PM","Jul 4, 2024, 8:34 PM","","Reverse Grip Lat Pulldown (Cable)",,"",0,"failure",110,7,,,
"Evening workout 🏋️","Jul 4, 2024, 6:38 PM","Jul 4, 2024, 8:34 PM","","Running",,"",0,"normal",,,1.6,1654,
"Afternoon workout 💪","Jul 2, 2024, 3:13 PM","Jul 2, 2024, 3:57 PM","","Seated Calf Raise",,"",0,"failure",45,16,,,
"Afternoon workout 💪","Jul 2, 2024, 3:13 PM","Jul 2, 2024, 3:57 PM","","Seated Calf Raise",,"",1,"failure",55,9,,,
"Afternoon workout 💪","Jul 2, 2024, 3:13 PM","Jul 2, 2024, 3:57 PM","","Seated Calf Raise",,"",2,"failure",55,10,,,
"Afternoon workout 💪","Jul 2, 2024, 3:13 PM","Jul 2, 2024, 3:57 PM","","Seated Calf Raise",,"",3,"failure",45,9,,,
"Afternoon workout 💪","Jul 2, 2024, 3:13 PM","Jul 2, 2024, 3:57 PM","","Leg Press Horizontal (Machine)",,"",0,"failure",220,10,,,
"Afternoon workout 💪","Jul 2, 2024, 3:13 PM","Jul 2, 2024, 3:57 PM","","Leg Press Horizontal (Machine)",,"",1,"failure",260,12,,,
"Afternoon workout 💪","Jul 2, 2024, 3:13 PM","Jul 2, 2024, 3:57 PM","","Leg Press Horizontal (Machine)",,"",2,"failure",260,5,,,
"Afternoon workout 💪","Jul 2, 2024, 3:13 PM","Jul 2, 2024, 3:57 PM","","Leg Press Horizontal (Machine)",,"",3,"failure",200,9,,,
"Afternoon workout 💪","Jul 2, 2024, 3:13 PM","Jul 2, 2024, 3:57 PM","","Leg Extension (Machine)",,"",0,"failure",140,11,,,
"Afternoon workout 💪","Jul 2, 2024, 3:13 PM","Jul 2, 2024, 3:57 PM","","Leg Extension (Machine)",,"",1,"failure",150,5,,,
"Afternoon workout 💪","Jul 2, 2024, 3:13 PM","Jul 2, 2024, 3:57 PM","","Leg Extension (Machine)",,"",2,"failure",140,6,,,
"Afternoon workout 💪","Jul 2, 2024, 3:13 PM","Jul 2, 2024, 3:57 PM","","Seated Leg Curl (Machine)",,"",0,"failure",80,10,,,
"Afternoon workout 💪","Jul 2, 2024, 3:13 PM","Jul 2, 2024, 3:57 PM","","Seated Leg Curl (Machine)",,"",1,"failure",90,4,,,
"Afternoon workout 💪","Jul 2, 2024, 3:13 PM","Jul 2, 2024, 3:57 PM","","Seated Leg Curl (Machine)",,"",2,"failure",80,8,,,
"Afternoon workout 💪","Jun 28, 2024, 3:22 PM","Jun 28, 2024, 4:30 PM","","Preacher Curl (Barbell)",,"",0,"failure",50,8,,,
"Afternoon workout 💪","Jun 28, 2024, 3:22 PM","Jun 28, 2024, 4:30 PM","","Preacher Curl (Barbell)",,"",1,"failure",50,8,,,
"Afternoon workout 💪","Jun 28, 2024, 3:22 PM","Jun 28, 2024, 4:30 PM","","Preacher Curl (Barbell)",,"",2,"failure",50,6,,,
"Afternoon workout 💪","Jun 28, 2024, 3:22 PM","Jun 28, 2024, 4:30 PM","","Bicep Curl (Dumbbell)",,"incline seated",0,"failure",22.5,10,,,
"Afternoon workout 💪","Jun 28, 2024, 3:22 PM","Jun 28, 2024, 4:30 PM","","Bicep Curl (Dumbbell)",,"incline seated",1,"failure",22.5,7,,,
"Afternoon workout 💪","Jun 28, 2024, 3:22 PM","Jun 28, 2024, 4:30 PM","","Bicep Curl (Dumbbell)",,"incline seated",2,"normal",20,10,,,
"Afternoon workout 💪","Jun 28, 2024, 3:22 PM","Jun 28, 2024, 4:30 PM","","Triceps Pushdown",,"",0,"failure",55,12,,,
"Afternoon workout 💪","Jun 28, 2024, 3:22 PM","Jun 28, 2024, 4:30 PM","","Triceps Pushdown",,"",1,"failure",55,7,,,
"Afternoon workout 💪","Jun 28, 2024, 3:22 PM","Jun 28, 2024, 4:30 PM","","Triceps Pushdown",,"",2,"failure",60,5,,,
"Afternoon workout 💪","Jun 28, 2024, 3:22 PM","Jun 28, 2024, 4:30 PM","","Triceps Pushdown",,"",3,"failure",49,4,,,
"Afternoon workout 💪","Jun 28, 2024, 3:22 PM","Jun 28, 2024, 4:30 PM","","Triceps Extension (Machine)",,"",0,"failure",45,6,,,
"Afternoon workout 💪","Jun 28, 2024, 3:22 PM","Jun 28, 2024, 4:30 PM","","Triceps Extension (Machine)",,"",1,"failure",40,10,,,
"Afternoon workout 💪","Jun 28, 2024, 3:22 PM","Jun 28, 2024, 4:30 PM","","Triceps Extension (Machine)",,"",2,"failure",45,8,,,
"Afternoon workout 💪","Jun 28, 2024, 3:22 PM","Jun 28, 2024, 4:30 PM","","Bicep Curl (Cable)",,"",0,"failure",33,12,,,
"Afternoon workout 💪","Jun 28, 2024, 3:22 PM","Jun 28, 2024, 4:30 PM","","Bicep Curl (Cable)",,"",1,"failure",38.5,9,,,
"Afternoon workout 💪","Jun 28, 2024, 3:22 PM","Jun 28, 2024, 4:30 PM","","Bicep Curl (Cable)",,"",2,"failure",38.5,7,,,
"Afternoon workout 💪","Jun 28, 2024, 3:22 PM","Jun 28, 2024, 4:30 PM","","Running",,"",0,"normal",,,1.11,990,
"Afternoon workout 💪","Jun 28, 2024, 3:22 PM","Jun 28, 2024, 4:30 PM","","Crunch (Machine)",,"",0,"failure",60,20,,,
"Afternoon workout 💪","Jun 28, 2024, 3:22 PM","Jun 28, 2024, 4:30 PM","","Crunch (Machine)",,"",1,"failure",70,15,,,
"Afternoon workout 💪","Jun 27, 2024, 4:36 PM","Jun 27, 2024, 5:45 PM","","Butterfly (Pec Deck)",,"",0,"failure",100,10,,,
"Afternoon workout 💪","Jun 27, 2024, 4:36 PM","Jun 27, 2024, 5:45 PM","","Butterfly (Pec Deck)",,"",1,"failure",110,6,,,
"Afternoon workout 💪","Jun 27, 2024, 4:36 PM","Jun 27, 2024, 5:45 PM","","Butterfly (Pec Deck)",,"",2,"failure",100,6,,,
"Afternoon workout 💪","Jun 27, 2024, 4:36 PM","Jun 27, 2024, 5:45 PM","","Butterfly (Pec Deck)",,"",3,"failure",90,5,,,
"Afternoon workout 💪","Jun 27, 2024, 4:36 PM","Jun 27, 2024, 5:45 PM","","Plate/ Chest Press",,"",0,"failure",70,8,,,
"Afternoon workout 💪","Jun 27, 2024, 4:36 PM","Jun 27, 2024, 5:45 PM","","Plate/ Chest Press",,"",1,"failure",70,7,,,
"Afternoon workout 💪","Jun 27, 2024, 4:36 PM","Jun 27, 2024, 5:45 PM","","Plate/ Chest Press",,"",2,"failure",70,5,,,
"Afternoon workout 💪","Jun 27, 2024, 4:36 PM","Jun 27, 2024, 5:45 PM","","Crunch (Machine)",,"",0,"failure",100,9,,,
"Afternoon workout 💪","Jun 27, 2024, 4:36 PM","Jun 27, 2024, 5:45 PM","","Crunch (Machine)",,"",1,"failure",90,7,,,
"Afternoon workout 💪","Jun 27, 2024, 4:36 PM","Jun 27, 2024, 5:45 PM","","Crunch (Machine)",,"",2,"failure",90,7,,,
"Afternoon workout 💪","Jun 27, 2024, 4:36 PM","Jun 27, 2024, 5:45 PM","","Bench Press (Dumbbell)",,"",0,"failure",40,8,,,
"Afternoon workout 💪","Jun 27, 2024, 4:36 PM","Jun 27, 2024, 5:45 PM","","Bench Press (Dumbbell)",,"",1,"failure",40,6,,,
"Afternoon workout 💪","Jun 27, 2024, 4:36 PM","Jun 27, 2024, 5:45 PM","","Bench Press (Dumbbell)",,"",2,"failure",35,7,,,
"Afternoon workout 💪","Jun 27, 2024, 4:36 PM","Jun 27, 2024, 5:45 PM","","Chest cable pushdown",,"",0,"failure",15,8,,,
"Afternoon workout 💪","Jun 27, 2024, 4:36 PM","Jun 27, 2024, 5:45 PM","","Chest cable pushdown",,"",1,"failure",15,7,,,
"Afternoon workout 💪","Jun 27, 2024, 4:36 PM","Jun 27, 2024, 5:45 PM","","Chest cable pushdown",,"",2,"failure",20,5,,,
"Afternoon workout 💪","Jun 27, 2024, 4:36 PM","Jun 27, 2024, 5:45 PM","","Running",,"",0,"normal",,,0.89,780,
"Afternoon workout 💪","Jun 26, 2024, 12:15 PM","Jun 26, 2024, 1:36 PM","","Seated Row (Machine)",,"",0,"failure",110,9,,,
"Afternoon workout 💪","Jun 26, 2024, 12:15 PM","Jun 26, 2024, 1:36 PM","","Seated Row (Machine)",,"",1,"failure",115,7,,,
"Afternoon workout 💪","Jun 26, 2024, 12:15 PM","Jun 26, 2024, 1:36 PM","","Seated Row (Machine)",,"",2,"failure",100,9,,,
"Afternoon workout 💪","Jun 26, 2024, 12:15 PM","Jun 26, 2024, 1:36 PM","","Seated Row (Machine)",,"",3,"failure",100,6,,,
"Afternoon workout 💪","Jun 26, 2024, 12:15 PM","Jun 26, 2024, 1:36 PM","","Lat Pulldown (Cable)",,"",0,"failure",121,6,,,
"Afternoon workout 💪","Jun 26, 2024, 12:15 PM","Jun 26, 2024, 1:36 PM","","Lat Pulldown (Cable)",,"",1,"failure",115,7,,,
"Afternoon workout 💪","Jun 26, 2024, 12:15 PM","Jun 26, 2024, 1:36 PM","","Lat Pulldown (Cable)",,"",2,"failure",115,7,,,
"Afternoon workout 💪","Jun 26, 2024, 12:15 PM","Jun 26, 2024, 1:36 PM","","Lat Pulldown (Cable)",,"",3,"failure",104,9,,,
"Afternoon workout 💪","Jun 26, 2024, 12:15 PM","Jun 26, 2024, 1:36 PM","","Rear Delt Reverse Fly (Cable)",,"",0,"failure",17,10,,,
"Afternoon workout 💪","Jun 26, 2024, 12:15 PM","Jun 26, 2024, 1:36 PM","","Rear Delt Reverse Fly (Cable)",,"",1,"failure",20,4,,,
"Afternoon workout 💪","Jun 26, 2024, 12:15 PM","Jun 26, 2024, 1:36 PM","","Rear Delt Reverse Fly (Cable)",,"",2,"failure",17,7,,,
"Afternoon workout 💪","Jun 26, 2024, 12:15 PM","Jun 26, 2024, 1:36 PM","","Crunch (Machine)",,"",0,"failure",80,9,,,
"Afternoon workout 💪","Jun 26, 2024, 12:15 PM","Jun 26, 2024, 1:36 PM","","Crunch (Machine)",,"",1,"failure",90,8,,,
"Afternoon workout 💪","Jun 26, 2024, 12:15 PM","Jun 26, 2024, 1:36 PM","","Crunch (Machine)",,"",2,"failure",80,11,,,
"Afternoon workout 💪","Jun 26, 2024, 12:15 PM","Jun 26, 2024, 1:36 PM","","T Bar Row",,"",0,"failure",60,7,,,
"Afternoon workout 💪","Jun 26, 2024, 12:15 PM","Jun 26, 2024, 1:36 PM","","T Bar Row",,"",1,"failure",65,4,,,
"Afternoon workout 💪","Jun 26, 2024, 12:15 PM","Jun 26, 2024, 1:36 PM","","T Bar Row",,"",2,"failure",55,7,,,
"Afternoon workout 💪","Jun 26, 2024, 12:15 PM","Jun 26, 2024, 1:36 PM","","T Bar Row",,"",3,"failure",45,5,,,
"Afternoon workout 💪","Jun 26, 2024, 12:15 PM","Jun 26, 2024, 1:36 PM","","Running",,"",0,"normal",,,0.9,964,
"Afternoon workout 💪","Jun 23, 2024, 4:58 PM","Jun 23, 2024, 6:18 PM","","Seated Calf Raise",,"",0,"failure",45,10,,,
"Afternoon workout 💪","Jun 23, 2024, 4:58 PM","Jun 23, 2024, 6:18 PM","","Seated Calf Raise",,"",1,"failure",70,5,,,
"Afternoon workout 💪","Jun 23, 2024, 4:58 PM","Jun 23, 2024, 6:18 PM","","Seated Calf Raise",,"",2,"failure",55,6,,,
"Afternoon workout 💪","Jun 23, 2024, 4:58 PM","Jun 23, 2024, 6:18 PM","","Seated Calf Raise",,"",3,"failure",55,8,,,
"Afternoon workout 💪","Jun 23, 2024, 4:58 PM","Jun 23, 2024, 6:18 PM","","Squat (Barbell)",,"",0,"failure",50,8,,,
"Afternoon workout 💪","Jun 23, 2024, 4:58 PM","Jun 23, 2024, 6:18 PM","","Squat (Barbell)",,"",1,"failure",70,4,,,
"Afternoon workout 💪","Jun 23, 2024, 4:58 PM","Jun 23, 2024, 6:18 PM","","Squat (Barbell)",,"",2,"failure",50,8,,,
"Afternoon workout 💪","Jun 23, 2024, 4:58 PM","Jun 23, 2024, 6:18 PM","","Leg Extension (Machine)",,"",0,"failure",140,7,,,
"Afternoon workout 💪","Jun 23, 2024, 4:58 PM","Jun 23, 2024, 6:18 PM","","Leg Extension (Machine)",,"",1,"failure",140,7,,,
"Afternoon workout 💪","Jun 23, 2024, 4:58 PM","Jun 23, 2024, 6:18 PM","","Leg Extension (Machine)",,"",2,"failure",130,6,,,
"Afternoon workout 💪","Jun 23, 2024, 4:58 PM","Jun 23, 2024, 6:18 PM","","Leg Extension (Machine)",,"",3,"failure",120,8,,,
"Afternoon workout 💪","Jun 23, 2024, 4:58 PM","Jun 23, 2024, 6:18 PM","","Lying Leg Curl (Machine)",,"",0,"failure",100,9,,,
"Afternoon workout 💪","Jun 23, 2024, 4:58 PM","Jun 23, 2024, 6:18 PM","","Lying Leg Curl (Machine)",,"",1,"failure",110,5,,,
"Afternoon workout 💪","Jun 23, 2024, 4:58 PM","Jun 23, 2024, 6:18 PM","","Lying Leg Curl (Machine)",,"",2,"failure",90,7,,,
"Afternoon workout 💪","Jun 23, 2024, 4:58 PM","Jun 23, 2024, 6:18 PM","","Lying Leg Curl (Machine)",,"",3,"failure",80,7,,,
"Afternoon workout 💪","Jun 23, 2024, 4:58 PM","Jun 23, 2024, 6:18 PM","","Hip Adduction (Machine)",,"",0,"failure",120,13,,,
"Afternoon workout 💪","Jun 23, 2024, 4:58 PM","Jun 23, 2024, 6:18 PM","","Hip Adduction (Machine)",,"",1,"failure",130,10,,,
"Afternoon workout 💪","Jun 23, 2024, 4:58 PM","Jun 23, 2024, 6:18 PM","","Hip Adduction (Machine)",,"",2,"failure",140,4,,,
"Afternoon workout 💪","Jun 23, 2024, 4:58 PM","Jun 23, 2024, 6:18 PM","","Leg Press Horizontal (Machine)",,"",0,"failure",220,10,,,
"Afternoon workout 💪","Jun 23, 2024, 4:58 PM","Jun 23, 2024, 6:18 PM","","Leg Press Horizontal (Machine)",,"",1,"failure",240,7,,,
"Afternoon workout 💪","Jun 23, 2024, 4:58 PM","Jun 23, 2024, 6:18 PM","","Leg Press Horizontal (Machine)",,"",2,"failure",240,7,,,
"Afternoon workout 💪","Jun 23, 2024, 4:58 PM","Jun 23, 2024, 6:18 PM","","Crunch (Machine)",,"",0,"failure",80,10,,,
"Afternoon workout 💪","Jun 23, 2024, 4:58 PM","Jun 23, 2024, 6:18 PM","","Crunch (Machine)",,"",1,"failure",85,9,,,
"Afternoon workout 💪","Jun 23, 2024, 4:58 PM","Jun 23, 2024, 6:18 PM","","Crunch (Machine)",,"",2,"failure",70,6,,,
"Afternoon workout 💪","Jun 21, 2024, 3:10 PM","Jun 21, 2024, 4:54 PM","","Preacher Curl (Machine)",,"",0,"failure",50,9,,,
"Afternoon workout 💪","Jun 21, 2024, 3:10 PM","Jun 21, 2024, 4:54 PM","","Preacher Curl (Machine)",,"",1,"failure",55,5,,,
"Afternoon workout 💪","Jun 21, 2024, 3:10 PM","Jun 21, 2024, 4:54 PM","","Preacher Curl (Machine)",,"",2,"failure",45,6,,,
"Afternoon workout 💪","Jun 21, 2024, 3:10 PM","Jun 21, 2024, 4:54 PM","","Triceps Pushdown",,"",0,"failure",55,9,,,
"Afternoon workout 💪","Jun 21, 2024, 3:10 PM","Jun 21, 2024, 4:54 PM","","Triceps Pushdown",,"",1,"failure",60,8,,,
"Afternoon workout 💪","Jun 21, 2024, 3:10 PM","Jun 21, 2024, 4:54 PM","","Triceps Pushdown",,"",2,"failure",60,7,,,
"Afternoon workout 💪","Jun 21, 2024, 3:10 PM","Jun 21, 2024, 4:54 PM","","Triceps Pushdown",,"",3,"failure",49,6,,,
"Afternoon workout 💪","Jun 21, 2024, 3:10 PM","Jun 21, 2024, 4:54 PM","","Triceps Pushdown",,"",4,"failure",49,6,,,
"Afternoon workout 💪","Jun 21, 2024, 3:10 PM","Jun 21, 2024, 4:54 PM","","Bicep Curl (Dumbbell)",,"",0,"normal",25,8,,,
"Afternoon workout 💪","Jun 21, 2024, 3:10 PM","Jun 21, 2024, 4:54 PM","","Preacher Curl (Barbell)",,"",0,"failure",40,12,,,
"Afternoon workout 💪","Jun 21, 2024, 3:10 PM","Jun 21, 2024, 4:54 PM","","Preacher Curl (Barbell)",,"",1,"failure",50,3,,,
"Afternoon workout 💪","Jun 21, 2024, 3:10 PM","Jun 21, 2024, 4:54 PM","","Preacher Curl (Barbell)",,"",2,"failure",40,8,,,
"Afternoon workout 💪","Jun 21, 2024, 3:10 PM","Jun 21, 2024, 4:54 PM","","Preacher Curl (Barbell)",,"",3,"failure",30,15,,,
"Afternoon workout 💪","Jun 21, 2024, 3:10 PM","Jun 21, 2024, 4:54 PM","","Bicep Curl (Cable)",,"",0,"failure",30,10,,,
"Afternoon workout 💪","Jun 21, 2024, 3:10 PM","Jun 21, 2024, 4:54 PM","","Bicep Curl (Cable)",,"",1,"failure",40,7,,,
"Afternoon workout 💪","Jun 21, 2024, 3:10 PM","Jun 21, 2024, 4:54 PM","","Triceps Pushdown",,"",0,"failure",55,10,,,
"Afternoon workout 💪","Jun 21, 2024, 3:10 PM","Jun 21, 2024, 4:54 PM","","Triceps Pushdown",,"",1,"failure",60,5,,,
"Afternoon workout 💪","Jun 21, 2024, 3:10 PM","Jun 21, 2024, 4:54 PM","","Crunch (Machine)",,"",0,"failure",80,11,,,
"Afternoon workout 💪","Jun 21, 2024, 3:10 PM","Jun 21, 2024, 4:54 PM","","Crunch (Machine)",,"",1,"failure",80,8,,,
"Afternoon workout 💪","Jun 21, 2024, 3:10 PM","Jun 21, 2024, 4:54 PM","","Hammer Curl (Dumbbell)",,"",0,"failure",22.5,10,,,
"Afternoon workout 💪","Jun 21, 2024, 3:10 PM","Jun 21, 2024, 4:54 PM","","Hammer Curl (Dumbbell)",,"",1,"failure",22.5,7,,,
"Afternoon workout 💪","Jun 21, 2024, 3:10 PM","Jun 21, 2024, 4:54 PM","","Running",,"",0,"normal",,,1.17,990,
"Afternoon workout 💪","Jun 20, 2024, 5:12 PM","Jun 20, 2024, 6:23 PM","","Crunch (Machine)",,"",0,"failure",80,14,,,
"Afternoon workout 💪","Jun 20, 2024, 5:12 PM","Jun 20, 2024, 6:23 PM","","Crunch (Machine)",,"",1,"failure",90,12,,,
"Afternoon workout 💪","Jun 20, 2024, 5:12 PM","Jun 20, 2024, 6:23 PM","","Crunch (Machine)",,"",2,"failure",100,6,,,
"Afternoon workout 💪","Jun 20, 2024, 5:12 PM","Jun 20, 2024, 6:23 PM","","Lateral Raise (Dumbbell)",,"",0,"failure",15,10,,,
"Afternoon workout 💪","Jun 20, 2024, 5:12 PM","Jun 20, 2024, 6:23 PM","","Lateral Raise (Dumbbell)",,"",1,"failure",17.5,10,,,
"Afternoon workout 💪","Jun 20, 2024, 5:12 PM","Jun 20, 2024, 6:23 PM","","Lateral Raise (Dumbbell)",,"",2,"failure",17.5,10,,,
"Afternoon workout 💪","Jun 20, 2024, 5:12 PM","Jun 20, 2024, 6:23 PM","","Deltoid Raise",,"",0,"failure",60,6,,,
"Afternoon workout 💪","Jun 20, 2024, 5:12 PM","Jun 20, 2024, 6:23 PM","","Deltoid Raise",,"",1,"failure",55,9,,,
"Afternoon workout 💪","Jun 20, 2024, 5:12 PM","Jun 20, 2024, 6:23 PM","","Deltoid Raise",,"",2,"failure",60,6,,,
"Afternoon workout 💪","Jun 20, 2024, 5:12 PM","Jun 20, 2024, 6:23 PM","","Rear Delt Reverse Fly (Cable)",,"",0,"failure",13,10,,,
"Afternoon workout 💪","Jun 20, 2024, 5:12 PM","Jun 20, 2024, 6:23 PM","","Rear Delt Reverse Fly (Cable)",,"",1,"failure",17,10,,,
"Afternoon workout 💪","Jun 20, 2024, 5:12 PM","Jun 20, 2024, 6:23 PM","","Rear Delt Reverse Fly (Cable)",,"",2,"failure",17,10,,,
"Afternoon workout 💪","Jun 20, 2024, 5:12 PM","Jun 20, 2024, 6:23 PM","","Seated Shoulder Press (Machine)",,"",0,"failure",80,7,,,
"Afternoon workout 💪","Jun 20, 2024, 5:12 PM","Jun 20, 2024, 6:23 PM","","Seated Shoulder Press (Machine)",,"",1,"failure",90,4,,,
"Afternoon workout 💪","Jun 20, 2024, 5:12 PM","Jun 20, 2024, 6:23 PM","","Seated Shoulder Press (Machine)",,"",2,"failure",75,5,,,
"Afternoon workout 💪","Jun 20, 2024, 5:12 PM","Jun 20, 2024, 6:23 PM","","Front Raise (Dumbbell)",,"",0,"failure",12.5,9,,,
"Afternoon workout 💪","Jun 20, 2024, 5:12 PM","Jun 20, 2024, 6:23 PM","","Front Raise (Dumbbell)",,"",1,"failure",12.5,3,,,
"Afternoon workout 💪","Jun 20, 2024, 5:12 PM","Jun 20, 2024, 6:23 PM","","Lateral Raise (Dumbbell)",,"",0,"failure",12.5,10,,,
"Afternoon workout 💪","Jun 20, 2024, 5:12 PM","Jun 20, 2024, 6:23 PM","","Lateral Raise (Dumbbell)",,"",1,"failure",12.5,10,,,
"Afternoon workout 💪","Jun 13, 2024, 4:41 PM","Jun 13, 2024, 5:44 PM","","Crunch (Machine)",,"",0,"failure",80,13,,,
"Afternoon workout 💪","Jun 13, 2024, 4:41 PM","Jun 13, 2024, 5:44 PM","","Crunch (Machine)",,"",1,"failure",90,8,,,
"Afternoon workout 💪","Jun 13, 2024, 4:41 PM","Jun 13, 2024, 5:44 PM","","Crunch (Machine)",,"",2,"failure",80,9,,,
"Afternoon workout 💪","Jun 13, 2024, 4:41 PM","Jun 13, 2024, 5:44 PM","","Butterfly (Pec Deck)",,"",0,"failure",95,10,,,
"Afternoon workout 💪","Jun 13, 2024, 4:41 PM","Jun 13, 2024, 5:44 PM","","Butterfly (Pec Deck)",,"",1,"failure",100,9,,,
"Afternoon workout 💪","Jun 13, 2024, 4:41 PM","Jun 13, 2024, 5:44 PM","","Butterfly (Pec Deck)",,"",2,"failure",90,6,,,
"Afternoon workout 💪","Jun 13, 2024, 4:41 PM","Jun 13, 2024, 5:44 PM","","Seated Row (Machine)",,"",0,"failure",110,9,,,
"Afternoon workout 💪","Jun 13, 2024, 4:41 PM","Jun 13, 2024, 5:44 PM","","Seated Row (Machine)",,"",1,"failure",100,9,,,
"Afternoon workout 💪","Jun 13, 2024, 4:41 PM","Jun 13, 2024, 5:44 PM","","Seated Row (Machine)",,"",2,"failure",100,6,,,
"Afternoon workout 💪","Jun 13, 2024, 4:41 PM","Jun 13, 2024, 5:44 PM","","Seated Cable Row - V Grip (Cable)",,"",0,"failure",99,7,,,
"Afternoon workout 💪","Jun 13, 2024, 4:41 PM","Jun 13, 2024, 5:44 PM","","Lat Pulldown (Cable)",,"",0,"failure",121,10,,,
"Afternoon workout 💪","Jun 13, 2024, 4:41 PM","Jun 13, 2024, 5:44 PM","","Lat Pulldown (Cable)",,"",1,"failure",110,9,,,
"Afternoon workout 💪","Jun 13, 2024, 4:41 PM","Jun 13, 2024, 5:44 PM","","Lat Pulldown (Cable)",,"",2,"failure",110,9,,,
"Afternoon workout 💪","Jun 13, 2024, 4:41 PM","Jun 13, 2024, 5:44 PM","","Lat Pulldown (Cable)",,"",3,"failure",104,6,,,
"Afternoon workout 💪","Jun 13, 2024, 4:41 PM","Jun 13, 2024, 5:44 PM","","T Bar Row",,"",0,"failure",55,5,,,
"Afternoon workout 💪","Jun 13, 2024, 4:41 PM","Jun 13, 2024, 5:44 PM","","T Bar Row",,"",1,"failure",50,7,,,
"Afternoon workout 💪","Jun 13, 2024, 4:41 PM","Jun 13, 2024, 5:44 PM","","T Bar Row",,"",2,"failure",50,9,,,
"Afternoon workout 💪","Jun 13, 2024, 4:41 PM","Jun 13, 2024, 5:44 PM","","Incline Bench Press (Dumbbell)",,"",0,"failure",40,7,,,
"Afternoon workout 💪","Jun 13, 2024, 4:41 PM","Jun 13, 2024, 5:44 PM","","Incline Bench Press (Dumbbell)",,"",1,"failure",35,6,,,
"Evening workout 🏋️","Jun 10, 2024, 5:52 PM","Jun 10, 2024, 7:19 PM","","Leg Extension (Machine)",,"",0,"failure",130,10,,,
"Evening workout 🏋️","Jun 10, 2024, 5:52 PM","Jun 10, 2024, 7:19 PM","","Leg Extension (Machine)",,"",1,"failure",130,10,,,
"Evening workout 🏋️","Jun 10, 2024, 5:52 PM","Jun 10, 2024, 7:19 PM","","Leg Extension (Machine)",,"",2,"failure",120,9,,,
"Evening workout 🏋️","Jun 10, 2024, 5:52 PM","Jun 10, 2024, 7:19 PM","","Leg Extension (Machine)",,"",3,"failure",125,9,,,
"Evening workout 🏋️","Jun 10, 2024, 5:52 PM","Jun 10, 2024, 7:19 PM","","Crunch (Machine)",,"",0,"failure",80,12,,,
"Evening workout 🏋️","Jun 10, 2024, 5:52 PM","Jun 10, 2024, 7:19 PM","","Crunch (Machine)",,"",1,"failure",85,10,,,
"Evening workout 🏋️","Jun 10, 2024, 5:52 PM","Jun 10, 2024, 7:19 PM","","Crunch (Machine)",,"",2,"failure",80,10,,,
"Evening workout 🏋️","Jun 10, 2024, 5:52 PM","Jun 10, 2024, 7:19 PM","","Bicep Curl (Machine)",,"",0,"failure",90,9,,,
"Evening workout 🏋️","Jun 10, 2024, 5:52 PM","Jun 10, 2024, 7:19 PM","","Bicep Curl (Machine)",,"",1,"failure",80,8,,,
"Evening workout 🏋️","Jun 10, 2024, 5:52 PM","Jun 10, 2024, 7:19 PM","","Seated Triceps Press",,"",0,"failure",50,10,,,
"Evening workout 🏋️","Jun 10, 2024, 5:52 PM","Jun 10, 2024, 7:19 PM","","Seated Triceps Press",,"",1,"failure",50,5,,,
"Evening workout 🏋️","Jun 10, 2024, 5:52 PM","Jun 10, 2024, 7:19 PM","","Seated Triceps Press",,"",2,"failure",40,12,,,
"Evening workout 🏋️","Jun 10, 2024, 5:52 PM","Jun 10, 2024, 7:19 PM","","Hip Abduction (Machine)",,"",0,"failure",130,10,,,
"Evening workout 🏋️","Jun 10, 2024, 5:52 PM","Jun 10, 2024, 7:19 PM","","Hip Abduction (Machine)",,"",1,"failure",130,7,,,
"Evening workout 🏋️","Jun 10, 2024, 5:52 PM","Jun 10, 2024, 7:19 PM","","Hip Abduction (Machine)",,"",2,"normal",120,9,,,
"Evening workout 🏋️","Jun 10, 2024, 5:52 PM","Jun 10, 2024, 7:19 PM","","Hip Adduction (Machine)",,"",0,"failure",130,6,,,
"Evening workout 🏋️","Jun 10, 2024, 5:52 PM","Jun 10, 2024, 7:19 PM","","Hip Adduction (Machine)",,"",1,"dropset",120,3,,,
"Evening workout 🏋️","Jun 10, 2024, 5:52 PM","Jun 10, 2024, 7:19 PM","","Preacher Curl (Machine)",,"plate loaded",0,"failure",25,8,,,
"Evening workout 🏋️","Jun 10, 2024, 5:52 PM","Jun 10, 2024, 7:19 PM","","Preacher Curl (Machine)",,"plate loaded",1,"failure",25,5,,,
"Evening workout 🏋️","Jun 10, 2024, 5:52 PM","Jun 10, 2024, 7:19 PM","","Preacher Curl (Machine)",,"plate loaded",2,"failure",25,3,,,
"Evening workout 🏋️","Jun 10, 2024, 5:52 PM","Jun 10, 2024, 7:19 PM","","Seated Calf Raise",,"",0,"failure",45,10,,,
"Evening workout 🏋️","Jun 10, 2024, 5:52 PM","Jun 10, 2024, 7:19 PM","","Seated Calf Raise",,"",1,"failure",45,11,,,
"Evening workout 🏋️","Jun 10, 2024, 5:52 PM","Jun 10, 2024, 7:19 PM","","Seated Calf Raise",,"",2,"failure",70,9,,,
"Evening workout 🏋️","Jun 10, 2024, 5:52 PM","Jun 10, 2024, 7:19 PM","","Seated Calf Raise",,"",3,"failure",45,9,,,
"Evening workout 🏋️","Jun 10, 2024, 5:52 PM","Jun 10, 2024, 7:19 PM","","Bicep Curl (Dumbbell)",,"",0,"failure",22.5,12,,,
"Evening workout 🏋️","Jun 10, 2024, 5:52 PM","Jun 10, 2024, 7:19 PM","","Bicep Curl (Dumbbell)",,"",1,"failure",25,6,,,
"Evening workout 🏋️","Jun 10, 2024, 5:52 PM","Jun 10, 2024, 7:19 PM","","Hammer Curl (Dumbbell)",,"",0,"failure",25,5,,,
"Evening workout 🏋️","Jun 10, 2024, 5:52 PM","Jun 10, 2024, 7:19 PM","","Hammer Curl (Dumbbell)",,"",1,"failure",22.5,6,,,
"Evening workout 🏋️","Jun 10, 2024, 5:52 PM","Jun 10, 2024, 7:19 PM","","Lying Leg Curl (Machine)",,"",0,"failure",100,9,,,
"Evening workout 🏋️","Jun 10, 2024, 5:52 PM","Jun 10, 2024, 7:19 PM","","Lying Leg Curl (Machine)",,"",1,"failure",100,5,,,
"Evening workout 🏋️","Jun 10, 2024, 5:52 PM","Jun 10, 2024, 7:19 PM","","Lying Leg Curl (Machine)",,"",2,"failure",90,5,,,
"Evening workout 🏋️","Jun 10, 2024, 5:52 PM","Jun 10, 2024, 7:19 PM","","Leg Press (Machine)",,"",0,"failure",230,8,,,
"Evening workout 🏋️","Jun 10, 2024, 5:52 PM","Jun 10, 2024, 7:19 PM","","Leg Press (Machine)",,"",1,"failure",250,12,,,
"Evening workout 🏋️","Jun 10, 2024, 5:52 PM","Jun 10, 2024, 7:19 PM","","Leg Press (Machine)",,"",2,"failure",270,12,,,
"Afternoon workout 💪","Jun 8, 2024, 1:44 PM","Jun 8, 2024, 2:25 PM","","Deltoid Raise",,"",0,"failure",70,9,,,
"Afternoon workout 💪","Jun 8, 2024, 1:44 PM","Jun 8, 2024, 2:25 PM","","Deltoid Raise",,"",1,"failure",75,8,,,
"Afternoon workout 💪","Jun 8, 2024, 1:44 PM","Jun 8, 2024, 2:25 PM","","Lateral Raise (Dumbbell)",,"",0,"failure",17.5,8,,,
"Afternoon workout 💪","Jun 8, 2024, 1:44 PM","Jun 8, 2024, 2:25 PM","","Lateral Raise (Dumbbell)",,"",1,"failure",17.5,8,,,
"Afternoon workout 💪","Jun 8, 2024, 1:44 PM","Jun 8, 2024, 2:25 PM","","Lateral Raise (Dumbbell)",,"",2,"failure",15,7,,,
"Afternoon workout 💪","Jun 8, 2024, 1:44 PM","Jun 8, 2024, 2:25 PM","","Lateral Raise (Dumbbell)",,"",3,"failure",15,8,,,
"Afternoon workout 💪","Jun 8, 2024, 1:44 PM","Jun 8, 2024, 2:25 PM","","Front Raise (Dumbbell)",,"",0,"failure",15,8,,,
"Afternoon workout 💪","Jun 8, 2024, 1:44 PM","Jun 8, 2024, 2:25 PM","","Front Raise (Dumbbell)",,"",1,"failure",15,7,,,
"Afternoon workout 💪","Jun 8, 2024, 1:44 PM","Jun 8, 2024, 2:25 PM","","Crunch (Machine)",,"",0,"failure",70,12,,,
"Afternoon workout 💪","Jun 8, 2024, 1:44 PM","Jun 8, 2024, 2:25 PM","","Crunch (Machine)",,"",1,"failure",80,11,,,
"Afternoon workout 💪","Jun 8, 2024, 1:44 PM","Jun 8, 2024, 2:25 PM","","Crunch (Machine)",,"",2,"failure",80,8,,,
"Afternoon workout 💪","Jun 8, 2024, 1:44 PM","Jun 8, 2024, 2:25 PM","","Rear Delt Reverse Fly (Cable)",,"",0,"failure",17,7,,,
"Afternoon workout 💪","Jun 8, 2024, 1:44 PM","Jun 8, 2024, 2:25 PM","","Rear Delt Reverse Fly (Cable)",,"",1,"failure",17,8,,,
"Afternoon workout 💪","Jun 8, 2024, 1:44 PM","Jun 8, 2024, 2:25 PM","","Rear Delt Reverse Fly (Cable)",,"",2,"failure",13,8,,,
"Afternoon workout 💪","Jun 8, 2024, 1:44 PM","Jun 8, 2024, 2:25 PM","","Seated Shoulder Press (Machine)",,"",0,"failure",80,8,,,
"Afternoon workout 💪","Jun 8, 2024, 1:44 PM","Jun 8, 2024, 2:25 PM","","Seated Shoulder Press (Machine)",,"",1,"failure",75,9,,,
"Afternoon workout 💪","Jun 8, 2024, 1:44 PM","Jun 8, 2024, 2:25 PM","","Seated Shoulder Press (Machine)",,"",2,"failure",70,7,,,
"Afternoon workout 💪","Jun 7, 2024, 3:12 PM","Jun 7, 2024, 4:46 PM","","Crunch (Machine)",,"",0,"failure",65,9,,,
"Afternoon workout 💪","Jun 7, 2024, 3:12 PM","Jun 7, 2024, 4:46 PM","","Crunch (Machine)",,"",1,"failure",60,12,,,
"Afternoon workout 💪","Jun 7, 2024, 3:12 PM","Jun 7, 2024, 4:46 PM","","Seated Row (Machine)",,"",0,"failure",115,7,,,
"Afternoon workout 💪","Jun 7, 2024, 3:12 PM","Jun 7, 2024, 4:46 PM","","Seated Row (Machine)",,"",1,"failure",105,8,,,
"Afternoon workout 💪","Jun 7, 2024, 3:12 PM","Jun 7, 2024, 4:46 PM","","Seated Row (Machine)",,"",2,"failure",105,7,,,
"Afternoon workout 💪","Jun 7, 2024, 3:12 PM","Jun 7, 2024, 4:46 PM","","Seated Row (Machine)",,"",3,"failure",100,8,,,
"Afternoon workout 💪","Jun 7, 2024, 3:12 PM","Jun 7, 2024, 4:46 PM","","Chest Press (Machine)",,"",0,"failure",105,7,,,
"Afternoon workout 💪","Jun 7, 2024, 3:12 PM","Jun 7, 2024, 4:46 PM","","Chest Press (Machine)",,"",1,"failure",95,10,,,
"Afternoon workout 💪","Jun 7, 2024, 3:12 PM","Jun 7, 2024, 4:46 PM","","Chest Press (Machine)",,"",2,"failure",100,7,,,
"Afternoon workout 💪","Jun 7, 2024, 3:12 PM","Jun 7, 2024, 4:46 PM","","Lat Pulldown (Cable)",,"",0,"failure",121,10,,,
"Afternoon workout 💪","Jun 7, 2024, 3:12 PM","Jun 7, 2024, 4:46 PM","","Lat Pulldown (Cable)",,"",1,"failure",121,5,,,
"Afternoon workout 💪","Jun 7, 2024, 3:12 PM","Jun 7, 2024, 4:46 PM","","Lat Pulldown (Cable)",,"",2,"failure",110,8,,,
"Afternoon workout 💪","Jun 7, 2024, 3:12 PM","Jun 7, 2024, 4:46 PM","","Lat Pulldown (Cable)",,"",3,"failure",110,6,,,
"Afternoon workout 💪","Jun 7, 2024, 3:12 PM","Jun 7, 2024, 4:46 PM","","T Bar Row",,"",0,"failure",55,8,,,
"Afternoon workout 💪","Jun 7, 2024, 3:12 PM","Jun 7, 2024, 4:46 PM","","T Bar Row",,"",1,"failure",50,7,,,
"Afternoon workout 💪","Jun 7, 2024, 3:12 PM","Jun 7, 2024, 4:46 PM","","Incline Bench Press (Dumbbell)",,"",0,"failure",40,8,,,
"Afternoon workout 💪","Jun 7, 2024, 3:12 PM","Jun 7, 2024, 4:46 PM","","Incline Bench Press (Dumbbell)",,"",1,"failure",40,5,,,
"Afternoon workout 💪","Jun 7, 2024, 3:12 PM","Jun 7, 2024, 4:46 PM","","Incline Bench Press (Dumbbell)",,"",2,"failure",35,7,,,
"Afternoon workout 💪","Jun 7, 2024, 3:12 PM","Jun 7, 2024, 4:46 PM","","Hex Press (Dumbbell)",,"",0,"failure",35,5,,,
"Afternoon workout 💪","Jun 7, 2024, 3:12 PM","Jun 7, 2024, 4:46 PM","","Seated Cable Row - V Grip (Cable)",,"",0,"failure",104,5,,,
"Afternoon workout 💪","Jun 7, 2024, 3:12 PM","Jun 7, 2024, 4:46 PM","","Seated Cable Row - V Grip (Cable)",,"",1,"failure",99,8,,,
"Afternoon workout 💪","Jun 7, 2024, 3:12 PM","Jun 7, 2024, 4:46 PM","","Seated Cable Row - V Grip (Cable)",,"",2,"failure",99,8,,,
"Afternoon workout 💪","Jun 7, 2024, 3:12 PM","Jun 7, 2024, 4:46 PM","","Crunch (Machine)",,"",0,"failure",70,10,,,
"Afternoon workout 💪","Jun 5, 2024, 4:19 PM","Jun 5, 2024, 5:05 PM","","Leg Press (Machine)",,"",0,"failure",270,10,,,
"Afternoon workout 💪","Jun 5, 2024, 4:19 PM","Jun 5, 2024, 5:05 PM","","Leg Press (Machine)",,"",1,"failure",270,10,,,
"Afternoon workout 💪","Jun 5, 2024, 4:19 PM","Jun 5, 2024, 5:05 PM","","Leg Press (Machine)",,"",2,"failure",320,8,,,
"Afternoon workout 💪","Jun 5, 2024, 4:19 PM","Jun 5, 2024, 5:05 PM","","Leg Press (Machine)",,"",3,"failure",270,10,,,
"Afternoon workout 💪","Jun 5, 2024, 4:19 PM","Jun 5, 2024, 5:05 PM","","Seated Calf Raise",,"",0,"failure",45,16,,,
"Afternoon workout 💪","Jun 5, 2024, 4:19 PM","Jun 5, 2024, 5:05 PM","","Seated Calf Raise",,"",1,"failure",60,8,,,
"Afternoon workout 💪","Jun 5, 2024, 4:19 PM","Jun 5, 2024, 5:05 PM","","Seated Calf Raise",,"",2,"failure",45,10,,,
"Afternoon workout 💪","Jun 5, 2024, 4:19 PM","Jun 5, 2024, 5:05 PM","","Leg Extension (Machine)",,"",0,"failure",120,10,,,
"Afternoon workout 💪","Jun 5, 2024, 4:19 PM","Jun 5, 2024, 5:05 PM","","Leg Extension (Machine)",,"",1,"failure",120,9,,,
"Afternoon workout 💪","Jun 5, 2024, 4:19 PM","Jun 5, 2024, 5:05 PM","","Leg Extension (Machine)",,"",2,"failure",120,9,,,
"Afternoon workout 💪","Jun 5, 2024, 4:19 PM","Jun 5, 2024, 5:05 PM","","Leg Extension (Machine)",,"",3,"failure",110,6,,,
"Afternoon workout 💪","Jun 5, 2024, 4:19 PM","Jun 5, 2024, 5:05 PM","","Crunch (Machine)",,"",0,"failure",60,19,,,
"Afternoon workout 💪","Jun 5, 2024, 4:19 PM","Jun 5, 2024, 5:05 PM","","Crunch (Machine)",,"",1,"failure",60,15,,,
"Afternoon workout 💪","Jun 4, 2024, 5:29 PM","Jun 4, 2024, 6:34 PM","","Crunch (Machine)",,"",0,"failure",65,14,,,
"Afternoon workout 💪","Jun 4, 2024, 5:29 PM","Jun 4, 2024, 6:34 PM","","Crunch (Machine)",,"",1,"failure",70,9,,,
"Afternoon workout 💪","Jun 4, 2024, 5:29 PM","Jun 4, 2024, 6:34 PM","","Crunch (Machine)",,"",2,"failure",60,9,,,
"Afternoon workout 💪","Jun 4, 2024, 5:29 PM","Jun 4, 2024, 6:34 PM","","Pull Up",,"",0,"failure",,7,,,
"Afternoon workout 💪","Jun 4, 2024, 5:29 PM","Jun 4, 2024, 6:34 PM","","Pull Up",,"",1,"failure",,10,,,
"Afternoon workout 💪","Jun 4, 2024, 5:29 PM","Jun 4, 2024, 6:34 PM","","Seated Row (Machine)",,"",0,"failure",100,8,,,
"Afternoon workout 💪","Jun 4, 2024, 5:29 PM","Jun 4, 2024, 6:34 PM","","Seated Row (Machine)",,"",1,"failure",100,8,,,
"Afternoon workout 💪","Jun 4, 2024, 5:29 PM","Jun 4, 2024, 6:34 PM","","Seated Row (Machine)",,"",2,"failure",90,9,,,
"Afternoon workout 💪","Jun 4, 2024, 5:29 PM","Jun 4, 2024, 6:34 PM","","Lat Pulldown (Machine)",,"",0,"failure",120,8,,,
"Afternoon workout 💪","Jun 4, 2024, 5:29 PM","Jun 4, 2024, 6:34 PM","","Lat Pulldown (Machine)",,"",1,"failure",120,10,,,
"Afternoon workout 💪","Jun 4, 2024, 5:29 PM","Jun 4, 2024, 6:34 PM","","Lat Pulldown (Machine)",,"",2,"failure",110,10,,,
"Afternoon workout 💪","Jun 4, 2024, 5:29 PM","Jun 4, 2024, 6:34 PM","","Seated Calf Raise",,"",0,"failure",25,12,,,
"Afternoon workout 💪","Jun 4, 2024, 5:29 PM","Jun 4, 2024, 6:34 PM","","Seated Calf Raise",,"",1,"failure",35,13,,,
"Afternoon workout 💪","Jun 4, 2024, 5:29 PM","Jun 4, 2024, 6:34 PM","","Seated Calf Raise",,"",2,"failure",35,10,,,
"Afternoon workout 💪","Jun 4, 2024, 5:29 PM","Jun 4, 2024, 6:34 PM","","Running",,"",0,"normal",,,1.02,900,
"Morning workout ☀️","Jun 4, 2024, 7:56 AM","Jun 4, 2024, 8:42 AM","","Incline Bench Press (Dumbbell)",,"",0,"failure",35,12,,,
"Morning workout ☀️","Jun 4, 2024, 7:56 AM","Jun 4, 2024, 8:42 AM","","Incline Bench Press (Dumbbell)",,"",1,"failure",35,10,,,
"Morning workout ☀️","Jun 4, 2024, 7:56 AM","Jun 4, 2024, 8:42 AM","","Incline Bench Press (Dumbbell)",,"",2,"failure",35,8,,,
"Morning workout ☀️","Jun 4, 2024, 7:56 AM","Jun 4, 2024, 8:42 AM","","Crunch (Machine)",,"",0,"warmup",70,10,,,
"Morning workout ☀️","Jun 4, 2024, 7:56 AM","Jun 4, 2024, 8:42 AM","","Crunch (Machine)",,"",1,"failure",65,8,,,
"Morning workout ☀️","Jun 4, 2024, 7:56 AM","Jun 4, 2024, 8:42 AM","","Crunch (Machine)",,"",2,"failure",60,11,,,
"Morning workout ☀️","Jun 4, 2024, 7:56 AM","Jun 4, 2024, 8:42 AM","","Crunch (Machine)",,"",3,"failure",55,9,,,
"Morning workout ☀️","Jun 4, 2024, 7:56 AM","Jun 4, 2024, 8:42 AM","","Chest Press (Machine)",,"",0,"failure",100,6,,,
"Morning workout ☀️","Jun 4, 2024, 7:56 AM","Jun 4, 2024, 8:42 AM","","Chest Press (Machine)",,"",1,"failure",90,10,,,
"Morning workout ☀️","Jun 4, 2024, 7:56 AM","Jun 4, 2024, 8:42 AM","","Chest Press (Machine)",,"",2,"failure",90,8,,,
"Morning workout ☀️","Jun 4, 2024, 7:56 AM","Jun 4, 2024, 8:42 AM","","Chest Press (Machine)",,"",3,"failure",80,12,,,
"Morning workout ☀️","Jun 4, 2024, 7:56 AM","Jun 4, 2024, 8:42 AM","","Butterfly (Pec Deck)",,"",0,"failure",90,7,,,
"Morning workout ☀️","Jun 4, 2024, 7:56 AM","Jun 4, 2024, 8:42 AM","","Butterfly (Pec Deck)",,"",1,"failure",80,6,,,
"Morning workout ☀️","Jun 4, 2024, 7:56 AM","Jun 4, 2024, 8:42 AM","","Butterfly (Pec Deck)",,"",2,"failure",90,5,,,
"Morning workout ☀️","Jun 4, 2024, 7:56 AM","Jun 4, 2024, 8:42 AM","","Cable Fly Crossovers",,"",0,"failure",23,10,,,
"Morning workout ☀️","Jun 4, 2024, 7:56 AM","Jun 4, 2024, 8:42 AM","","Cable Fly Crossovers",,"",1,"failure",20,12,,,
"Afternoon workout 💪","Jun 2, 2024, 4:40 PM","Jun 2, 2024, 5:36 PM","","Deltoid Raise",,"",0,"failure",65,8,,,
"Afternoon workout 💪","Jun 2, 2024, 4:40 PM","Jun 2, 2024, 5:36 PM","","Deltoid Raise",,"",1,"failure",50,12,,,
"Afternoon workout 💪","Jun 2, 2024, 4:40 PM","Jun 2, 2024, 5:36 PM","","Shoulder Press (Dumbbell)",,"",0,"failure",35,3,,,
"Afternoon workout 💪","Jun 2, 2024, 4:40 PM","Jun 2, 2024, 5:36 PM","","Shoulder Press (Dumbbell)",,"",1,"failure",30,7,,,
"Afternoon workout 💪","Jun 2, 2024, 4:40 PM","Jun 2, 2024, 5:36 PM","","Shoulder Press (Dumbbell)",,"",2,"failure",30,7,,,
"Afternoon workout 💪","Jun 2, 2024, 4:40 PM","Jun 2, 2024, 5:36 PM","","Shoulder Press (Dumbbell)",,"",3,"failure",27.5,10,,,
"Afternoon workout 💪","Jun 2, 2024, 4:40 PM","Jun 2, 2024, 5:36 PM","","Lateral Raise (Dumbbell)",,"",0,"failure",15,6,,,
"Afternoon workout 💪","Jun 2, 2024, 4:40 PM","Jun 2, 2024, 5:36 PM","","Lateral Raise (Dumbbell)",,"",1,"failure",15,6,,,
"Afternoon workout 💪","Jun 2, 2024, 4:40 PM","Jun 2, 2024, 5:36 PM","","Lateral Raise (Dumbbell)",,"",2,"failure",15,10,,,
"Afternoon workout 💪","Jun 2, 2024, 4:40 PM","Jun 2, 2024, 5:36 PM","","Lateral Raise (Dumbbell)",,"",3,"failure",15,8,,,
"Afternoon workout 💪","Jun 2, 2024, 4:40 PM","Jun 2, 2024, 5:36 PM","","Seated Shoulder Press (Machine)",,"",0,"failure",80,2,,,
"Afternoon workout 💪","Jun 2, 2024, 4:40 PM","Jun 2, 2024, 5:36 PM","","Seated Shoulder Press (Machine)",,"",1,"failure",70,6,,,
"Afternoon workout 💪","Jun 2, 2024, 4:40 PM","Jun 2, 2024, 5:36 PM","","Front Raise (Dumbbell)",,"",0,"failure",12.5,12,,,
"Afternoon workout 💪","Jun 2, 2024, 4:40 PM","Jun 2, 2024, 5:36 PM","","Running",,"",0,"normal",,,1.29,900,
"Morning workout ☀️","Jun 2, 2024, 10:20 AM","Jun 2, 2024, 11:06 AM","","Bicep Curl (Dumbbell)",,"",0,"failure",22.5,13,,,
"Morning workout ☀️","Jun 2, 2024, 10:20 AM","Jun 2, 2024, 11:06 AM","","Bicep Curl (Dumbbell)",,"",1,"failure",22.5,7,,,
"Morning workout ☀️","Jun 2, 2024, 10:20 AM","Jun 2, 2024, 11:06 AM","","Bicep Curl (Cable)",,"",0,"failure",38.5,5,,,
"Morning workout ☀️","Jun 2, 2024, 10:20 AM","Jun 2, 2024, 11:06 AM","","Bicep Curl (Cable)",,"",1,"failure",38.5,4,,,
"Morning workout ☀️","Jun 2, 2024, 10:20 AM","Jun 2, 2024, 11:06 AM","","Bicep Curl (Cable)",,"",2,"failure",33,5,,,
"Morning workout ☀️","Jun 2, 2024, 10:20 AM","Jun 2, 2024, 11:06 AM","","Triceps Pushdown",,"",0,"failure",55,9,,,
"Morning workout ☀️","Jun 2, 2024, 10:20 AM","Jun 2, 2024, 11:06 AM","","Triceps Pushdown",,"",1,"failure",55,7,,,
"Morning workout ☀️","Jun 2, 2024, 10:20 AM","Jun 2, 2024, 11:06 AM","","Triceps Pushdown",,"",2,"failure",49,9,,,
"Morning workout ☀️","Jun 2, 2024, 10:20 AM","Jun 2, 2024, 11:06 AM","","Hammer Curl (Dumbbell)",,"",0,"failure",22.5,9,,,
"Morning workout ☀️","Jun 2, 2024, 10:20 AM","Jun 2, 2024, 11:06 AM","","Hammer Curl (Dumbbell)",,"",1,"failure",22.5,8,,,
"Morning workout ☀️","Jun 2, 2024, 10:20 AM","Jun 2, 2024, 11:06 AM","","Preacher Curl (Barbell)",,"plate barbell",0,"failure",30,2,,,
"Morning workout ☀️","Jun 2, 2024, 10:20 AM","Jun 2, 2024, 11:06 AM","","Preacher Curl (Barbell)",,"plate barbell",1,"failure",20,10,,,
"Morning workout ☀️","Jun 2, 2024, 10:20 AM","Jun 2, 2024, 11:06 AM","","Preacher Curl (Barbell)",,"plate barbell",2,"failure",20,8,,,
"Morning workout ☀️","Jun 2, 2024, 10:20 AM","Jun 2, 2024, 11:06 AM","","Preacher Curl (Barbell)",,"plate barbell",3,"failure",15,15,,,
"Morning workout ☀️","Jun 2, 2024, 10:20 AM","Jun 2, 2024, 11:06 AM","","Seated Triceps Press",,"",0,"failure",50,10,,,
"Morning workout ☀️","Jun 2, 2024, 10:20 AM","Jun 2, 2024, 11:06 AM","","Seated Triceps Press",,"",1,"failure",45,9,,,
"Afternoon workout 💪","Jun 1, 2024, 1:30 PM","Jun 1, 2024, 2:08 PM","","Standing Calf Raise (Machine)",,"",0,"failure",100,7,,,
"Afternoon workout 💪","Jun 1, 2024, 1:30 PM","Jun 1, 2024, 2:08 PM","","Standing Calf Raise (Machine)",,"",1,"failure",90,8,,,
"Afternoon workout 💪","Jun 1, 2024, 1:30 PM","Jun 1, 2024, 2:08 PM","","Hip Adduction (Machine)",,"",0,"failure",130,13,,,
"Afternoon workout 💪","Jun 1, 2024, 1:30 PM","Jun 1, 2024, 2:08 PM","","Hip Adduction (Machine)",,"",1,"failure",130,10,,,
"Afternoon workout 💪","Jun 1, 2024, 1:30 PM","Jun 1, 2024, 2:08 PM","","Hip Adduction (Machine)",,"",2,"failure",120,9,,,
"Afternoon workout 💪","Jun 1, 2024, 1:30 PM","Jun 1, 2024, 2:08 PM","","Leg Extension (Machine)",,"",0,"failure",130,9,,,
"Afternoon workout 💪","Jun 1, 2024, 1:30 PM","Jun 1, 2024, 2:08 PM","","Leg Extension (Machine)",,"",1,"failure",130,10,,,
"Afternoon workout 💪","Jun 1, 2024, 1:30 PM","Jun 1, 2024, 2:08 PM","","Leg Extension (Machine)",,"",2,"failure",120,9,,,
"Afternoon workout 💪","Jun 1, 2024, 1:30 PM","Jun 1, 2024, 2:08 PM","","Leg Extension (Machine)",,"",3,"failure",120,8,,,
"Evening workout 🏋️","May 31, 2024, 6:28 PM","May 31, 2024, 7:47 PM","","Chest Press (Machine)",,"",0,"failure",100,10,,,
"Evening workout 🏋️","May 31, 2024, 6:28 PM","May 31, 2024, 7:47 PM","","Chest Press (Machine)",,"",1,"failure",100,9,,,
"Evening workout 🏋️","May 31, 2024, 6:28 PM","May 31, 2024, 7:47 PM","","Chest Press (Machine)",,"",2,"failure",90,9,,,
"Evening workout 🏋️","May 31, 2024, 6:28 PM","May 31, 2024, 7:47 PM","","Bench Press (Dumbbell)",,"",0,"failure",27.5,12,,,
"Evening workout 🏋️","May 31, 2024, 6:28 PM","May 31, 2024, 7:47 PM","","Bench Press (Dumbbell)",,"",1,"failure",35,10,,,
"Evening workout 🏋️","May 31, 2024, 6:28 PM","May 31, 2024, 7:47 PM","","Bench Press (Dumbbell)",,"",2,"failure",35,8,,,
"Evening workout 🏋️","May 31, 2024, 6:28 PM","May 31, 2024, 7:47 PM","","Bench Press (Dumbbell)",,"",3,"failure",35,8,,,
"Evening workout 🏋️","May 31, 2024, 6:28 PM","May 31, 2024, 7:47 PM","","Plate/ Chest Press",,"",0,"failure",70,8,,,
"Evening workout 🏋️","May 31, 2024, 6:28 PM","May 31, 2024, 7:47 PM","","Plate/ Chest Press",,"",1,"failure",70,6,,,
"Evening workout 🏋️","May 31, 2024, 6:28 PM","May 31, 2024, 7:47 PM","","Plate/ Chest Press",,"",2,"failure",50,9,,,
"Evening workout 🏋️","May 31, 2024, 6:28 PM","May 31, 2024, 7:47 PM","","Low Cable Fly Crossovers",,"",0,"failure",13,7,,,
"Evening workout 🏋️","May 31, 2024, 6:28 PM","May 31, 2024, 7:47 PM","","Low Cable Fly Crossovers",,"",1,"failure",13,6,,,
"Evening workout 🏋️","May 31, 2024, 6:28 PM","May 31, 2024, 7:47 PM","","Low Cable Fly Crossovers",,"",2,"failure",13,5,,,
"Evening workout 🏋️","May 31, 2024, 6:28 PM","May 31, 2024, 7:47 PM","","Running",,"",0,"normal",,,1,900,
"Morning workout ☀️","May 31, 2024, 10:22 AM","May 31, 2024, 11:13 AM","","Seated Cable Row - V Grip (Cable)",,"",0,"warmup",88,8,,,
"Morning workout ☀️","May 31, 2024, 10:22 AM","May 31, 2024, 11:13 AM","","Seated Cable Row - V Grip (Cable)",,"",1,"failure",99,9,,,
"Morning workout ☀️","May 31, 2024, 10:22 AM","May 31, 2024, 11:13 AM","","Seated Cable Row - V Grip (Cable)",,"",2,"failure",99,6,,,
"Morning workout ☀️","May 31, 2024, 10:22 AM","May 31, 2024, 11:13 AM","","Seated Cable Row - V Grip (Cable)",,"",3,"failure",88,7,,,
"Morning workout ☀️","May 31, 2024, 10:22 AM","May 31, 2024, 11:13 AM","","Lat Pulldown (Cable)",,"",0,"failure",110,7,,,
"Morning workout ☀️","May 31, 2024, 10:22 AM","May 31, 2024, 11:13 AM","","Lat Pulldown (Cable)",,"",1,"failure",99,6,,,
"Morning workout ☀️","May 31, 2024, 10:22 AM","May 31, 2024, 11:13 AM","","Lat Pulldown (Cable)",,"",2,"failure",99,7,,,
"Morning workout ☀️","May 31, 2024, 10:22 AM","May 31, 2024, 11:13 AM","","Lat Pulldown (Cable)",,"",3,"failure",99,10,,,
"Morning workout ☀️","May 31, 2024, 10:22 AM","May 31, 2024, 11:13 AM","","T Bar Row",,"",0,"failure",55,5,,,
"Morning workout ☀️","May 31, 2024, 10:22 AM","May 31, 2024, 11:13 AM","","T Bar Row",,"",1,"failure",55,6,,,
"Morning workout ☀️","May 31, 2024, 10:22 AM","May 31, 2024, 11:13 AM","","T Bar Row",,"",2,"failure",45,6,,,
"Morning workout ☀️","May 31, 2024, 10:22 AM","May 31, 2024, 11:13 AM","","Rear Delt Reverse Fly (Cable)",,"",0,"failure",13,10,,,
"Morning workout ☀️","May 31, 2024, 10:22 AM","May 31, 2024, 11:13 AM","","Rear Delt Reverse Fly (Cable)",,"",1,"failure",17,8,,,
"Morning workout ☀️","May 31, 2024, 10:22 AM","May 31, 2024, 11:13 AM","","Rear Delt Reverse Fly (Cable)",,"",2,"failure",13,5,,,
"Morning workout ☀️","May 31, 2024, 10:22 AM","May 31, 2024, 11:13 AM","","Lat Pulldown (Machine)",,"",0,"failure",120,7,,,
"Morning workout ☀️","May 31, 2024, 10:22 AM","May 31, 2024, 11:13 AM","","Lat Pulldown (Machine)",,"",1,"failure",120,6,,,
"Morning workout ☀️","May 23, 2024, 7:49 AM","May 23, 2024, 8:40 AM","","Lateral Raise (Dumbbell)",,"",0,"failure",15,12,,,
"Morning workout ☀️","May 23, 2024, 7:49 AM","May 23, 2024, 8:40 AM","","Lateral Raise (Dumbbell)",,"",1,"failure",17.5,7,,,
"Morning workout ☀️","May 23, 2024, 7:49 AM","May 23, 2024, 8:40 AM","","Lateral Raise (Dumbbell)",,"",2,"failure",15,9,,,
"Morning workout ☀️","May 23, 2024, 7:49 AM","May 23, 2024, 8:40 AM","","Shoulder Press (Dumbbell)",,"",0,"failure",30,8,,,
"Morning workout ☀️","May 23, 2024, 7:49 AM","May 23, 2024, 8:40 AM","","Shoulder Press (Dumbbell)",,"",1,"failure",30,6,,,
"Morning workout ☀️","May 23, 2024, 7:49 AM","May 23, 2024, 8:40 AM","","Shoulder Press (Dumbbell)",,"",2,"failure",27.5,8,,,
"Morning workout ☀️","May 23, 2024, 7:49 AM","May 23, 2024, 8:40 AM","","Rear Delt Reverse Fly (Cable)",,"",0,"failure",17,7,,,
"Morning workout ☀️","May 23, 2024, 7:49 AM","May 23, 2024, 8:40 AM","","Rear Delt Reverse Fly (Cable)",,"",1,"failure",17,6,,,
"Morning workout ☀️","May 23, 2024, 7:49 AM","May 23, 2024, 8:40 AM","","Rear Delt Reverse Fly (Cable)",,"",2,"failure",13,8,,,
"Morning workout ☀️","May 23, 2024, 7:49 AM","May 23, 2024, 8:40 AM","","Seated Shoulder Press (Machine)",,"",0,"failure",85,4,,,
"Morning workout ☀️","May 23, 2024, 7:49 AM","May 23, 2024, 8:40 AM","","Seated Shoulder Press (Machine)",,"",1,"failure",70,7,,,
"Morning workout ☀️","May 23, 2024, 7:49 AM","May 23, 2024, 8:40 AM","","Seated Shoulder Press (Machine)",,"",2,"failure",75,5,,,
"Morning workout ☀️","May 23, 2024, 7:49 AM","May 23, 2024, 8:40 AM","","Deltoid Raise",,"",0,"failure",60,4,,,
"Morning workout ☀️","May 23, 2024, 7:49 AM","May 23, 2024, 8:40 AM","","Deltoid Raise",,"",1,"failure",50,3,,,
"Morning workout ☀️","May 23, 2024, 7:49 AM","May 23, 2024, 8:40 AM","","Deltoid Raise",,"",2,"failure",50,7,,,
"Morning workout ☀️","May 23, 2024, 7:49 AM","May 23, 2024, 8:40 AM","","Deltoid Raise",,"",3,"failure",50,5,,,
"Morning workout ☀️","May 21, 2024, 8:31 AM","May 21, 2024, 8:51 AM","","Leg Extension (Machine)",,"",0,"warmup",130,10,,,
"Morning workout ☀️","May 21, 2024, 8:31 AM","May 21, 2024, 8:51 AM","","Leg Extension (Machine)",,"",1,"failure",130,9,,,
"Morning workout ☀️","May 21, 2024, 8:31 AM","May 21, 2024, 8:51 AM","","Leg Extension (Machine)",,"",2,"failure",120,11,,,
"Morning workout ☀️","May 21, 2024, 8:31 AM","May 21, 2024, 8:51 AM","","Leg Extension (Machine)",,"",3,"failure",120,10,,,
"Morning workout ☀️","May 21, 2024, 8:31 AM","May 21, 2024, 8:51 AM","","Leg Press (Machine)",,"",0,"failure",270,12,,,
"Morning workout ☀️","May 21, 2024, 8:31 AM","May 21, 2024, 8:51 AM","","Leg Press (Machine)",,"",1,"failure",270,6,,,
"Morning workout ☀️","May 21, 2024, 8:31 AM","May 21, 2024, 8:51 AM","","Calf Press (Machine)",,"",0,"failure",180,9,,,
"Morning workout ☀️","May 20, 2024, 8:39 AM","May 20, 2024, 9:18 AM","","Incline Bench Press (Dumbbell)",,"",0,"failure",35,11,,,
"Morning workout ☀️","May 20, 2024, 8:39 AM","May 20, 2024, 9:18 AM","","Incline Bench Press (Dumbbell)",,"",1,"failure",35,8,,,
"Morning workout ☀️","May 20, 2024, 8:39 AM","May 20, 2024, 9:18 AM","","Incline Bench Press (Dumbbell)",,"",2,"failure",30,10,,,
"Morning workout ☀️","May 20, 2024, 8:39 AM","May 20, 2024, 9:18 AM","","Hex Press (Dumbbell)",,"",0,"failure",30,6,,,
"Morning workout ☀️","May 20, 2024, 8:39 AM","May 20, 2024, 9:18 AM","","Hex Press (Dumbbell)",,"",1,"failure",30,8,,,
"Morning workout ☀️","May 20, 2024, 8:39 AM","May 20, 2024, 9:18 AM","","Plate/ Chest Press",,"",0,"failure",70,6,,,
"Morning workout ☀️","May 20, 2024, 8:39 AM","May 20, 2024, 9:18 AM","","Plate/ Chest Press",,"",1,"failure",60,6,,,
"Morning workout ☀️","May 20, 2024, 8:39 AM","May 20, 2024, 9:18 AM","","Butterfly (Pec Deck)",,"",0,"failure",90,8,,,
"Morning workout ☀️","May 20, 2024, 8:39 AM","May 20, 2024, 9:18 AM","","Butterfly (Pec Deck)",,"",1,"failure",90,8,,,
"Morning workout ☀️","May 20, 2024, 8:39 AM","May 20, 2024, 9:18 AM","","Butterfly (Pec Deck)",,"",2,"failure",85,5,,,
"Morning workout ☀️","May 20, 2024, 8:39 AM","May 20, 2024, 9:18 AM","","Butterfly (Pec Deck)",,"",3,"failure",85,4,,,
"Morning workout ☀️","May 19, 2024, 9:26 AM","May 19, 2024, 10:07 AM","","Preacher Curl (Barbell)",,"",0,"failure",40,13,,,
"Morning workout ☀️","May 19, 2024, 9:26 AM","May 19, 2024, 10:07 AM","","Preacher Curl (Barbell)",,"",1,"failure",50,3,,,
"Morning workout ☀️","May 19, 2024, 9:26 AM","May 19, 2024, 10:07 AM","","Preacher Curl (Barbell)",,"",2,"failure",40,7,,,
"Morning workout ☀️","May 19, 2024, 9:26 AM","May 19, 2024, 10:07 AM","","Triceps Pushdown",,"",0,"warmup",44,8,,,
"Morning workout ☀️","May 19, 2024, 9:26 AM","May 19, 2024, 10:07 AM","","Triceps Pushdown",,"",1,"failure",49.5,8,,,
"Morning workout ☀️","May 19, 2024, 9:26 AM","May 19, 2024, 10:07 AM","","Triceps Pushdown",,"",2,"failure",49,5,,,
"Morning workout ☀️","May 19, 2024, 9:26 AM","May 19, 2024, 10:07 AM","","Bicep Curl (Cable)",,"",0,"failure",38.5,7,,,
"Morning workout ☀️","May 19, 2024, 9:26 AM","May 19, 2024, 10:07 AM","","Bicep Curl (Cable)",,"",1,"failure",38.5,6,,,
"Morning workout ☀️","May 19, 2024, 9:26 AM","May 19, 2024, 10:07 AM","","Bicep Curl (Cable)",,"",2,"failure",35,6,,,
"Morning workout ☀️","May 19, 2024, 9:26 AM","May 19, 2024, 10:07 AM","","Triceps Pushdown",,"",0,"failure",55,7,,,
"Morning workout ☀️","May 19, 2024, 9:26 AM","May 19, 2024, 10:07 AM","","Triceps Pushdown",,"",1,"failure",55,6,,,
"Morning workout ☀️","May 19, 2024, 9:26 AM","May 19, 2024, 10:07 AM","","Preacher Curl (Machine)",,"",0,"failure",50,3,,,
"Morning workout ☀️","May 19, 2024, 9:26 AM","May 19, 2024, 10:07 AM","","Hammer Curl (Dumbbell)",,"",0,"failure",17,12,,,
"Morning workout ☀️","May 19, 2024, 9:26 AM","May 19, 2024, 10:07 AM","","Hammer Curl (Dumbbell)",,"",1,"failure",20,5,,,
"Morning workout ☀️","May 19, 2024, 9:26 AM","May 19, 2024, 10:07 AM","","Hammer Curl (Dumbbell)",,"",2,"failure",17,9,,,
"Morning workout ☀️","May 16, 2024, 8:05 AM","May 16, 2024, 8:41 AM","","Rear Delt Reverse Fly (Cable)",,"",0,"warmup",15,3,,,
"Morning workout ☀️","May 16, 2024, 8:05 AM","May 16, 2024, 8:41 AM","","Rear Delt Reverse Fly (Cable)",,"",1,"failure",10,5,,,
"Morning workout ☀️","May 16, 2024, 8:05 AM","May 16, 2024, 8:41 AM","","Rear Delt Reverse Fly (Cable)",,"",2,"failure",10,6,,,
"Morning workout ☀️","May 16, 2024, 8:05 AM","May 16, 2024, 8:41 AM","","Rear Delt Reverse Fly (Cable)",,"",3,"failure",10,3,,,
"Morning workout ☀️","May 16, 2024, 8:05 AM","May 16, 2024, 8:41 AM","","Lat Pulldown (Cable)",,"fist two mag grip",0,"warmup",110,7,,,
"Morning workout ☀️","May 16, 2024, 8:05 AM","May 16, 2024, 8:41 AM","","Lat Pulldown (Cable)",,"fist two mag grip",1,"failure",99,7,,,
"Morning workout ☀️","May 16, 2024, 8:05 AM","May 16, 2024, 8:41 AM","","Lat Pulldown (Cable)",,"fist two mag grip",2,"failure",110,8,,,
"Morning workout ☀️","May 16, 2024, 8:05 AM","May 16, 2024, 8:41 AM","","Lat Pulldown (Cable)",,"fist two mag grip",3,"failure",121,7,,,
"Morning workout ☀️","May 16, 2024, 8:05 AM","May 16, 2024, 8:41 AM","","Lat Pulldown (Cable)",,"fist two mag grip",4,"failure",110,5,,,
"Morning workout ☀️","May 16, 2024, 8:05 AM","May 16, 2024, 8:41 AM","","Seated Cable Row - Bar Wide Grip",,"",0,"failure",88,7,,,
"Morning workout ☀️","May 16, 2024, 8:05 AM","May 16, 2024, 8:41 AM","","Seated Cable Row - Bar Wide Grip",,"",1,"failure",88,6,,,
"Morning workout ☀️","May 16, 2024, 8:05 AM","May 16, 2024, 8:41 AM","","Seated Cable Row - Bar Wide Grip",,"",2,"failure",77,7,,,
"Morning workout ☀️","May 15, 2024, 11:02 AM","May 15, 2024, 11:32 AM","","Lateral Raise (Dumbbell)",,"",0,"warmup",15,12,,,
"Morning workout ☀️","May 15, 2024, 11:02 AM","May 15, 2024, 11:32 AM","","Lateral Raise (Dumbbell)",,"",1,"failure",15,9,,,
"Morning workout ☀️","May 15, 2024, 11:02 AM","May 15, 2024, 11:32 AM","","Lateral Raise (Dumbbell)",,"",2,"failure",15,11,,,
"Morning workout ☀️","May 15, 2024, 11:02 AM","May 15, 2024, 11:32 AM","","Lateral Raise (Dumbbell)",,"",3,"failure",17.5,10,,,
"Morning workout ☀️","May 15, 2024, 11:02 AM","May 15, 2024, 11:32 AM","","Seated Shoulder Press (Machine)",,"",0,"warmup",80,8,,,
"Morning workout ☀️","May 15, 2024, 11:02 AM","May 15, 2024, 11:32 AM","","Seated Shoulder Press (Machine)",,"",1,"failure",90,5,,,
"Morning workout ☀️","May 15, 2024, 11:02 AM","May 15, 2024, 11:32 AM","","Seated Shoulder Press (Machine)",,"",2,"failure",80,6,,,
"Morning workout ☀️","May 15, 2024, 11:02 AM","May 15, 2024, 11:32 AM","","Deltoid Raise",,"",0,"warmup",60,5,,,
"Morning workout ☀️","May 15, 2024, 11:02 AM","May 15, 2024, 11:32 AM","","Deltoid Raise",,"",1,"failure",60,6,,,
"Morning workout ☀️","May 15, 2024, 11:02 AM","May 15, 2024, 11:32 AM","","Shoulder Press (Dumbbell)",,"",0,"failure",27.5,10,,,
"Morning workout ☀️","May 15, 2024, 11:02 AM","May 15, 2024, 11:32 AM","","Shoulder Press (Dumbbell)",,"",1,"failure",27.5,7,,,
"Morning workout ☀️","May 15, 2024, 11:02 AM","May 15, 2024, 11:32 AM","","Shoulder Press (Dumbbell)",,"",2,"failure",25,7,,,
"Afternoon workout 💪","May 13, 2024, 12:27 PM","May 13, 2024, 1:03 PM","","Leg Press (Machine)",,"",0,"warmup",270,10,,,
"Afternoon workout 💪","May 13, 2024, 12:27 PM","May 13, 2024, 1:03 PM","","Leg Press (Machine)",,"",1,"failure",320,11,,,
"Afternoon workout 💪","May 13, 2024, 12:27 PM","May 13, 2024, 1:03 PM","","Leg Press (Machine)",,"",2,"failure",320,10,,,
"Afternoon workout 💪","May 13, 2024, 12:27 PM","May 13, 2024, 1:03 PM","","Calf Press (Machine)",,"",0,"failure",180,10,,,
"Afternoon workout 💪","May 13, 2024, 12:27 PM","May 13, 2024, 1:03 PM","","Calf Press (Machine)",,"",1,"failure",180,10,,,
"Afternoon workout 💪","May 13, 2024, 12:27 PM","May 13, 2024, 1:03 PM","","Leg Extension (Machine)",,"falure sets are hold at the top",0,"warmup",130,10,,,
"Afternoon workout 💪","May 13, 2024, 12:27 PM","May 13, 2024, 1:03 PM","","Leg Extension (Machine)",,"falure sets are hold at the top",1,"failure",120,6,,,
"Afternoon workout 💪","May 13, 2024, 12:27 PM","May 13, 2024, 1:03 PM","","Leg Extension (Machine)",,"falure sets are hold at the top",2,"failure",110,4,,,
"Afternoon workout 💪","May 13, 2024, 12:27 PM","May 13, 2024, 1:03 PM","","Lying Leg Curl (Machine)",,"",0,"warmup",90,9,,,
"Afternoon workout 💪","May 13, 2024, 12:27 PM","May 13, 2024, 1:03 PM","","Lying Leg Curl (Machine)",,"",1,"failure",100,5,,,
"Afternoon workout 💪","May 13, 2024, 12:27 PM","May 13, 2024, 1:03 PM","","Hip Adduction (Machine)",,"",0,"failure",130,11,,,
"Afternoon workout 💪","May 13, 2024, 12:27 PM","May 13, 2024, 1:03 PM","","Hip Adduction (Machine)",,"",1,"failure",140,7,,,
"Morning workout ☀️","May 12, 2024, 8:49 AM","May 12, 2024, 9:29 AM","","Chest Press (Machine)",,"",0,"warmup",100,8,,,
"Morning workout ☀️","May 12, 2024, 8:49 AM","May 12, 2024, 9:29 AM","","Chest Press (Machine)",,"",1,"failure",110,5,,,
"Morning workout ☀️","May 12, 2024, 8:49 AM","May 12, 2024, 9:29 AM","","Incline Bench Press (Dumbbell)",,"",0,"warmup",30,10,,,
"Morning workout ☀️","May 12, 2024, 8:49 AM","May 12, 2024, 9:29 AM","","Bench Press (Dumbbell)",,"",0,"failure",35,10,,,
"Morning workout ☀️","May 12, 2024, 8:49 AM","May 12, 2024, 9:29 AM","","Bench Press (Dumbbell)",,"",1,"failure",35,7,,,
"Morning workout ☀️","May 12, 2024, 8:49 AM","May 12, 2024, 9:29 AM","","Hex Press (Dumbbell)",,"",0,"failure",30,6,,,
"Morning workout ☀️","May 12, 2024, 8:49 AM","May 12, 2024, 9:29 AM","","Hex Press (Dumbbell)",,"",1,"failure",30,7,,,
"Morning workout ☀️","May 12, 2024, 8:49 AM","May 12, 2024, 9:29 AM","","Decline Bench Press (Machine)",,"plate loaded",0,"failure",70,4,,,
"Morning workout ☀️","May 12, 2024, 8:49 AM","May 12, 2024, 9:29 AM","","Decline Bench Press (Machine)",,"plate loaded",1,"failure",70,6,,,
"Morning workout ☀️","May 12, 2024, 8:49 AM","May 12, 2024, 9:29 AM","","Butterfly (Pec Deck)",,"",0,"failure",100,5,,,
"Morning workout ☀️","May 12, 2024, 8:49 AM","May 12, 2024, 9:29 AM","","Butterfly (Pec Deck)",,"",1,"failure",90,4,,,
"Morning workout ☀️","May 12, 2024, 8:49 AM","May 12, 2024, 9:29 AM","","Low Cable Fly Crossovers",,"",0,"failure",13,7,,,
"Morning workout ☀️","May 12, 2024, 8:49 AM","May 12, 2024, 9:29 AM","","Low Cable Fly Crossovers",,"",1,"failure",17,4,,,
"Morning workout ☀️","May 10, 2024, 7:39 AM","May 10, 2024, 7:56 AM","","Preacher Curl (Barbell)",,"",0,"warmup",30,12,,,
"Morning workout ☀️","May 10, 2024, 7:39 AM","May 10, 2024, 7:56 AM","","Preacher Curl (Barbell)",,"",1,"warmup",30,12,,,
"Morning workout ☀️","May 10, 2024, 7:39 AM","May 10, 2024, 7:56 AM","","Triceps Pushdown",,"",0,"failure",55,10,,,
"Morning workout ☀️","May 10, 2024, 7:39 AM","May 10, 2024, 7:56 AM","","Triceps Pushdown",,"",1,"failure",49,10,,,
"Morning workout ☀️","May 10, 2024, 7:39 AM","May 10, 2024, 7:56 AM","","Preacher Curl (Machine)",,"",0,"failure",50,7,,,
"Morning workout ☀️","May 10, 2024, 7:39 AM","May 10, 2024, 7:56 AM","","Preacher Curl (Machine)",,"",1,"failure",50,4,,,
"Morning workout ☀️","May 10, 2024, 7:39 AM","May 10, 2024, 7:56 AM","","Preacher Curl (Machine)",,"",2,"failure",50,9,,,
"Morning workout ☀️","May 10, 2024, 7:39 AM","May 10, 2024, 7:56 AM","","Preacher Curl (Machine)",,"",3,"failure",45,4,,,
"Afternoon workout 💪","May 9, 2024, 5:09 PM","May 9, 2024, 5:52 PM","","Seated Cable Row - Bar Wide Grip",,"",0,"warmup",88,11,,,
"Afternoon workout 💪","May 9, 2024, 5:09 PM","May 9, 2024, 5:52 PM","","Seated Cable Row - Bar Wide Grip",,"",1,"failure",93,7,,,
"Afternoon workout 💪","May 9, 2024, 5:09 PM","May 9, 2024, 5:52 PM","","Seated Cable Row - Bar Wide Grip",,"",2,"failure",88,8,,,
"Afternoon workout 💪","May 9, 2024, 5:09 PM","May 9, 2024, 5:52 PM","","Lat Pulldown (Cable)",,"",0,"failure",121,11,,,
"Afternoon workout 💪","May 9, 2024, 5:09 PM","May 9, 2024, 5:52 PM","","Lat Pulldown (Cable)",,"",1,"failure",110,8,,,
"Afternoon workout 💪","May 9, 2024, 5:09 PM","May 9, 2024, 5:52 PM","","Lat Pulldown (Cable)",,"",2,"failure",99,7,,,
"Afternoon workout 💪","May 9, 2024, 5:09 PM","May 9, 2024, 5:52 PM","","Lat Pulldown (Cable)",,"",3,"failure",99,5,,,
"Afternoon workout 💪","May 9, 2024, 5:09 PM","May 9, 2024, 5:52 PM","","Lat Pulldown (Cable)",,"",4,"failure",88,3,,,
"Afternoon workout 💪","May 9, 2024, 5:09 PM","May 9, 2024, 5:52 PM","","Seated Row (Machine)",,"",0,"failure",100,7,,,
"Afternoon workout 💪","May 9, 2024, 5:09 PM","May 9, 2024, 5:52 PM","","Seated Row (Machine)",,"",1,"failure",90,8,,,
"Afternoon workout 💪","May 9, 2024, 5:09 PM","May 9, 2024, 5:52 PM","","Lat Pulldown (Machine)",,"",0,"failure",120,5,,,
"Morning workout ☀️","May 8, 2024, 11:17 AM","May 8, 2024, 12:00 PM","","Deltoid Raise",,"",0,"failure",60,10,,,
"Morning workout ☀️","May 8, 2024, 11:17 AM","May 8, 2024, 12:00 PM","","Deltoid Raise",,"",1,"failure",60,7,,,
"Morning workout ☀️","May 8, 2024, 11:17 AM","May 8, 2024, 12:00 PM","","Seated Shoulder Press (Machine)",,"",0,"warmup",70,8,,,
"Morning workout ☀️","May 8, 2024, 11:17 AM","May 8, 2024, 12:00 PM","","Seated Shoulder Press (Machine)",,"",1,"failure",80,5,,,
"Morning workout ☀️","May 8, 2024, 11:17 AM","May 8, 2024, 12:00 PM","","Seated Shoulder Press (Machine)",,"",2,"failure",70,6,,,
"Morning workout ☀️","May 8, 2024, 11:17 AM","May 8, 2024, 12:00 PM","","Rear Delt Reverse Fly (Cable)",,"",0,"failure",13,8,,,
"Morning workout ☀️","May 8, 2024, 11:17 AM","May 8, 2024, 12:00 PM","","Rear Delt Reverse Fly (Cable)",,"",1,"failure",13,7,,,
"Morning workout ☀️","May 8, 2024, 11:17 AM","May 8, 2024, 12:00 PM","","Rear Delt Reverse Fly (Cable)",,"",2,"dropset",13,6,,,
"Morning workout ☀️","May 8, 2024, 11:17 AM","May 8, 2024, 12:00 PM","","Rear Delt Reverse Fly (Cable)",,"",3,"dropset",10,4,,,
"Morning workout ☀️","May 8, 2024, 11:17 AM","May 8, 2024, 12:00 PM","","Lateral Raise (Dumbbell)",,"",0,"failure",15,11,,,
"Morning workout ☀️","May 8, 2024, 11:17 AM","May 8, 2024, 12:00 PM","","Lateral Raise (Dumbbell)",,"",1,"failure",15,8,,,
"Morning workout ☀️","May 8, 2024, 11:17 AM","May 8, 2024, 12:00 PM","","Lateral Raise (Dumbbell)",,"",2,"failure",15,8,,,
"Morning workout ☀️","May 8, 2024, 11:17 AM","May 8, 2024, 12:00 PM","","Shoulder Press (Dumbbell)",,"",0,"failure",27.5,10,,,
"Morning workout ☀️","May 8, 2024, 11:17 AM","May 8, 2024, 12:00 PM","","Shoulder Press (Dumbbell)",,"",1,"failure",27.5,8,,,
"Morning workout ☀️","May 8, 2024, 11:17 AM","May 8, 2024, 12:00 PM","","Shoulder Press (Dumbbell)",,"",2,"failure",27.5,8,,,
"Morning workout ☀️","May 8, 2024, 11:17 AM","May 8, 2024, 12:00 PM","","Front Raise (Dumbbell)",,"",0,"dropset",15,7,,,
"Morning workout ☀️","May 8, 2024, 11:17 AM","May 8, 2024, 12:00 PM","","Front Raise (Dumbbell)",,"",1,"dropset",12.5,2,,,
"Morning workout ☀️","May 8, 2024, 11:17 AM","May 8, 2024, 12:00 PM","","Front Raise (Dumbbell)",,"",2,"failure",12.5,9,,,
"Morning workout ☀️","May 3, 2024, 8:26 AM","May 3, 2024, 9:37 AM","","Leg Extension (Machine)",,"",0,"failure",140,8,,,
"Morning workout ☀️","May 3, 2024, 8:26 AM","May 3, 2024, 9:37 AM","","Leg Extension (Machine)",,"",1,"failure",130,11,,,
"Morning workout ☀️","May 3, 2024, 8:26 AM","May 3, 2024, 9:37 AM","","Leg Extension (Machine)",,"",2,"failure",130,8,,,
"Morning workout ☀️","May 3, 2024, 8:26 AM","May 3, 2024, 9:37 AM","","Standing Calf Raise (Machine)",,"",0,"failure",100,9,,,
"Morning workout ☀️","May 3, 2024, 8:26 AM","May 3, 2024, 9:37 AM","","Leg Press (Machine)",,"",0,"failure",320,8,,,
"Morning workout ☀️","May 3, 2024, 8:26 AM","May 3, 2024, 9:37 AM","","Leg Press (Machine)",,"",1,"failure",340,7,,,
"Morning workout ☀️","May 3, 2024, 8:26 AM","May 3, 2024, 9:37 AM","","Leg Press (Machine)",,"",2,"failure",270,7,,,
"Morning workout ☀️","May 3, 2024, 8:26 AM","May 3, 2024, 9:37 AM","","Leg Press (Machine)",,"",3,"failure",270,4,,,
"Morning workout ☀️","May 3, 2024, 8:26 AM","May 3, 2024, 9:37 AM","","Calf Press (Machine)",,"",0,"failure",180,8,,,
"Morning workout ☀️","May 3, 2024, 8:26 AM","May 3, 2024, 9:37 AM","","Calf Press (Machine)",,"",1,"failure",180,13,,,
"Morning workout ☀️","May 3, 2024, 8:26 AM","May 3, 2024, 9:37 AM","","Lying Leg Curl (Machine)",,"",0,"failure",100,6,,,
"Morning workout ☀️","May 3, 2024, 8:26 AM","May 3, 2024, 9:37 AM","","Lying Leg Curl (Machine)",,"",1,"failure",85,5,,,
"Morning workout ☀️","May 2, 2024, 10:02 AM","May 2, 2024, 10:54 AM","","Chest Press (Machine)",,"",0,"warmup",110,12,,,
"Morning workout ☀️","May 2, 2024, 10:02 AM","May 2, 2024, 10:54 AM","","Chest Press (Machine)",,"",1,"failure",110,8,,,
"Morning workout ☀️","May 2, 2024, 10:02 AM","May 2, 2024, 10:54 AM","","Chest Press (Machine)",,"",2,"failure",110,5,,,
"Morning workout ☀️","May 2, 2024, 10:02 AM","May 2, 2024, 10:54 AM","","Butterfly (Pec Deck)",,"",0,"warmup",90,8,,,
"Morning workout ☀️","May 2, 2024, 10:02 AM","May 2, 2024, 10:54 AM","","Butterfly (Pec Deck)",,"",1,"failure",100,4,,,
"Morning workout ☀️","May 2, 2024, 10:02 AM","May 2, 2024, 10:54 AM","","Butterfly (Pec Deck)",,"",2,"failure",85,5,,,
"Morning workout ☀️","May 2, 2024, 10:02 AM","May 2, 2024, 10:54 AM","","Butterfly (Pec Deck)",,"",3,"failure",85,5,,,
"Morning workout ☀️","May 2, 2024, 10:02 AM","May 2, 2024, 10:54 AM","","Cable Fly Crossovers",,"",0,"failure",5,8,,,
"Morning workout ☀️","May 2, 2024, 10:02 AM","May 2, 2024, 10:54 AM","","Cable Fly Crossovers",,"",1,"failure",5,7,,,
"Morning workout ☀️","May 2, 2024, 10:02 AM","May 2, 2024, 10:54 AM","","Incline Bench Press (Dumbbell)",,"",0,"warmup",27.5,5,,,
"Morning workout ☀️","May 2, 2024, 10:02 AM","May 2, 2024, 10:54 AM","","Incline Bench Press (Dumbbell)",,"",1,"failure",35,4,,,
"Morning workout ☀️","May 2, 2024, 10:02 AM","May 2, 2024, 10:54 AM","","Incline Bench Press (Dumbbell)",,"",2,"failure",35,2,,,
"Morning workout ☀️","May 2, 2024, 10:02 AM","May 2, 2024, 10:54 AM","","Hex Press (Dumbbell)",,"",0,"failure",27.5,13,,,
"Morning workout ☀️","May 2, 2024, 10:02 AM","May 2, 2024, 10:54 AM","","Bench Press (Dumbbell)",,"",0,"failure",27.5,12,,,
"Morning workout ☀️","Apr 24, 2024, 10:03 AM","Apr 24, 2024, 10:25 AM","","Preacher Curl (Barbell)",,"",0,"failure",40,9,,,
"Morning workout ☀️","Apr 24, 2024, 10:03 AM","Apr 24, 2024, 10:25 AM","","Preacher Curl (Barbell)",,"",1,"failure",40,7,,,
"Morning workout ☀️","Apr 24, 2024, 10:03 AM","Apr 24, 2024, 10:25 AM","","Preacher Curl (Barbell)",,"",2,"failure",40,6,,,
"Morning workout ☀️","Apr 24, 2024, 10:03 AM","Apr 24, 2024, 10:25 AM","","Bicep Curl (Cable)",,"",0,"failure",38.5,7,,,
"Morning workout ☀️","Apr 24, 2024, 10:03 AM","Apr 24, 2024, 10:25 AM","","Bicep Curl (Cable)",,"",1,"failure",38.5,6,,,
"Morning workout ☀️","Apr 24, 2024, 10:03 AM","Apr 24, 2024, 10:25 AM","","Bicep Curl (Cable)",,"",2,"failure",35,6,,,
"Morning workout ☀️","Apr 24, 2024, 10:03 AM","Apr 24, 2024, 10:25 AM","","Triceps Pushdown",,"",0,"warmup",44,6,,,
"Morning workout ☀️","Apr 24, 2024, 10:03 AM","Apr 24, 2024, 10:25 AM","","Triceps Pushdown",,"",1,"failure",44,6,,,
"Morning workout ☀️","Apr 24, 2024, 10:03 AM","Apr 24, 2024, 10:25 AM","","Triceps Pushdown",,"",2,"failure",49.5,6,,,
"Morning workout ☀️","Apr 24, 2024, 10:03 AM","Apr 24, 2024, 10:25 AM","","Seated Dip Machine",,"",0,"failure",70,8,,,
"Morning workout ☀️","Apr 24, 2024, 10:03 AM","Apr 24, 2024, 10:25 AM","","Seated Dip Machine",,"",1,"failure",80,9,,,
"Morning workout ☀️","Apr 24, 2024, 10:03 AM","Apr 24, 2024, 10:25 AM","","Seated Dip Machine",,"",2,"failure",80,6,,,
"Afternoon workout 💪","Apr 23, 2024, 2:00 PM","Apr 23, 2024, 2:29 PM","","Lat Pulldown (Cable)",,"",0,"failure",121,11,,,
"Afternoon workout 💪","Apr 23, 2024, 2:00 PM","Apr 23, 2024, 2:29 PM","","Lat Pulldown (Cable)",,"",1,"failure",110,7,,,
"Afternoon workout 💪","Apr 23, 2024, 2:00 PM","Apr 23, 2024, 2:29 PM","","Lat Pulldown (Cable)",,"",2,"failure",110,5,,,
"Afternoon workout 💪","Apr 23, 2024, 2:00 PM","Apr 23, 2024, 2:29 PM","","Lat Pulldown (Cable)",,"",3,"failure",99,8,,,
"Afternoon workout 💪","Apr 23, 2024, 2:00 PM","Apr 23, 2024, 2:29 PM","","Reverse Grip Lat Pulldown (Cable)",,"",0,"failure",99,7,,,
"Afternoon workout 💪","Apr 23, 2024, 2:00 PM","Apr 23, 2024, 2:29 PM","","Reverse Grip Lat Pulldown (Cable)",,"",1,"failure",110,6,,,
"Afternoon workout 💪","Apr 23, 2024, 2:00 PM","Apr 23, 2024, 2:29 PM","","Seated Cable Row - Bar Wide Grip",,"",0,"failure",88,6,,,
"Afternoon workout 💪","Apr 23, 2024, 2:00 PM","Apr 23, 2024, 2:29 PM","","Seated Cable Row - Bar Wide Grip",,"",1,"failure",77,8,,,
"Afternoon workout 💪","Apr 23, 2024, 2:00 PM","Apr 23, 2024, 2:29 PM","","Seated Cable Row - Bar Wide Grip",,"",2,"failure",77,6,,,
"Afternoon workout 💪","Apr 23, 2024, 2:00 PM","Apr 23, 2024, 2:29 PM","","Lat Pulldown (Machine)",,"",0,"failure",130,6,,,
"Afternoon workout 💪","Apr 23, 2024, 2:00 PM","Apr 23, 2024, 2:29 PM","","Lat Pulldown (Machine)",,"",1,"failure",110,9,,,
"Afternoon workout 💪","Apr 23, 2024, 2:00 PM","Apr 23, 2024, 2:29 PM","","Seated Row (Machine)",,"",0,"failure",100,7,,,
"Afternoon workout 💪","Apr 23, 2024, 2:00 PM","Apr 23, 2024, 2:29 PM","","Seated Row (Machine)",,"",1,"failure",100,5,,,
"Afternoon workout 💪","Apr 23, 2024, 2:00 PM","Apr 23, 2024, 2:29 PM","","Seated Row (Machine)",,"",2,"failure",100,4,,,
"Afternoon workout 💪","Apr 22, 2024, 4:54 PM","Apr 22, 2024, 5:45 PM","","Seated Shoulder Press (Machine)",,"",0,"failure",80,10,,,
"Afternoon workout 💪","Apr 22, 2024, 4:54 PM","Apr 22, 2024, 5:45 PM","","Seated Shoulder Press (Machine)",,"",1,"failure",90,5,,,
"Afternoon workout 💪","Apr 22, 2024, 4:54 PM","Apr 22, 2024, 5:45 PM","","Seated Shoulder Press (Machine)",,"",2,"failure",85,5,,,
"Afternoon workout 💪","Apr 22, 2024, 4:54 PM","Apr 22, 2024, 5:45 PM","","Rear Delt Reverse Fly (Cable)",,"",0,"failure",13,10,,,
"Afternoon workout 💪","Apr 22, 2024, 4:54 PM","Apr 22, 2024, 5:45 PM","","Rear Delt Reverse Fly (Cable)",,"",1,"failure",17,8,,,
"Afternoon workout 💪","Apr 22, 2024, 4:54 PM","Apr 22, 2024, 5:45 PM","","Rear Delt Reverse Fly (Cable)",,"",2,"failure",20,6,,,
"Afternoon workout 💪","Apr 22, 2024, 4:54 PM","Apr 22, 2024, 5:45 PM","","Lateral Raise (Dumbbell)",,"",0,"failure",15,12,,,
"Afternoon workout 💪","Apr 22, 2024, 4:54 PM","Apr 22, 2024, 5:45 PM","","Lateral Raise (Dumbbell)",,"",1,"failure",15,7,,,
"Afternoon workout 💪","Apr 22, 2024, 4:54 PM","Apr 22, 2024, 5:45 PM","","Front Raise (Dumbbell)",,"",0,"failure",15,7,,,
"Afternoon workout 💪","Apr 22, 2024, 4:54 PM","Apr 22, 2024, 5:45 PM","","Front Raise (Dumbbell)",,"",1,"failure",12.5,6,,,
"Afternoon workout 💪","Apr 22, 2024, 4:54 PM","Apr 22, 2024, 5:45 PM","","Deltoid Raise",,"",0,"failure",60,6,,,
"Afternoon workout 💪","Apr 22, 2024, 4:54 PM","Apr 22, 2024, 5:45 PM","","Deltoid Raise",,"",1,"failure",50,7,,,
"Afternoon workout 💪","Apr 20, 2024, 4:02 PM","Apr 20, 2024, 4:22 PM","","Leg Extension (Machine)",,"",0,"failure",130,11,,,
"Afternoon workout 💪","Apr 20, 2024, 4:02 PM","Apr 20, 2024, 4:22 PM","","Leg Extension (Machine)",,"",1,"failure",120,10,,,
"Afternoon workout 💪","Apr 20, 2024, 4:02 PM","Apr 20, 2024, 4:22 PM","","Leg Extension (Machine)",,"",2,"failure",130,7,,,
"Afternoon workout 💪","Apr 20, 2024, 4:02 PM","Apr 20, 2024, 4:22 PM","","Leg Press (Machine)",,"",0,"failure",270,10,,,
"Afternoon workout 💪","Apr 20, 2024, 4:02 PM","Apr 20, 2024, 4:22 PM","","Leg Press (Machine)",,"",1,"failure",320,10,,,
"Afternoon workout 💪","Apr 20, 2024, 4:02 PM","Apr 20, 2024, 4:22 PM","","Leg Press (Machine)",,"",2,"failure",270,7,,,
"Afternoon workout 💪","Apr 20, 2024, 4:02 PM","Apr 20, 2024, 4:22 PM","","Calf Press (Machine)",,"",0,"failure",180,10,,,
"Afternoon workout 💪","Apr 20, 2024, 4:02 PM","Apr 20, 2024, 4:22 PM","","Calf Press (Machine)",,"",1,"failure",180,10,,,
"Afternoon workout 💪","Apr 20, 2024, 4:02 PM","Apr 20, 2024, 4:22 PM","","Calf Press (Machine)",,"",2,"failure",180,7,,,
"Afternoon workout 💪","Apr 19, 2024, 1:41 PM","Apr 19, 2024, 2:42 PM","","Butterfly (Pec Deck)",,"",0,"failure",90,8,,,
"Afternoon workout 💪","Apr 19, 2024, 1:41 PM","Apr 19, 2024, 2:42 PM","","Butterfly (Pec Deck)",,"",1,"failure",105,8,,,
"Afternoon workout 💪","Apr 19, 2024, 1:41 PM","Apr 19, 2024, 2:42 PM","","Butterfly (Pec Deck)",,"",2,"failure",90,5,,,
"Afternoon workout 💪","Apr 19, 2024, 1:41 PM","Apr 19, 2024, 2:42 PM","","Chest cable pushdown",,"",0,"failure",27,9,,,
"Afternoon workout 💪","Apr 19, 2024, 1:41 PM","Apr 19, 2024, 2:42 PM","","Chest cable pushdown",,"",1,"failure",30,7,,,
"Afternoon workout 💪","Apr 19, 2024, 1:41 PM","Apr 19, 2024, 2:42 PM","","Incline Bench Press (Dumbbell)",,"",0,"failure",35,8,,,
"Afternoon workout 💪","Apr 19, 2024, 1:41 PM","Apr 19, 2024, 2:42 PM","","Incline Bench Press (Dumbbell)",,"",1,"failure",35,7,,,
"Afternoon workout 💪","Apr 19, 2024, 1:41 PM","Apr 19, 2024, 2:42 PM","","Incline Bench Press (Dumbbell)",,"",2,"failure",27.5,9,,,
"Afternoon workout 💪","Apr 19, 2024, 1:41 PM","Apr 19, 2024, 2:42 PM","","Bench Press (Dumbbell)",,"",0,"failure",27.5,8,,,
"Afternoon workout 💪","Apr 19, 2024, 1:41 PM","Apr 19, 2024, 2:42 PM","","Bench Press (Dumbbell)",,"",1,"failure",30,5,,,
"Afternoon workout 💪","Apr 19, 2024, 1:41 PM","Apr 19, 2024, 2:42 PM","","Running",,"",0,"normal",,,1.5,1200,
"Afternoon workout 💪","Apr 17, 2024, 2:00 PM","Apr 17, 2024, 2:31 PM","","Seated Triceps Press",,"",0,"failure",50,8,,,
"Afternoon workout 💪","Apr 17, 2024, 2:00 PM","Apr 17, 2024, 2:31 PM","","Seated Triceps Press",,"",1,"failure",55,7,,,
"Afternoon workout 💪","Apr 17, 2024, 2:00 PM","Apr 17, 2024, 2:31 PM","","Seated Triceps Press",,"",2,"failure",45,9,,,
"Afternoon workout 💪","Apr 17, 2024, 2:00 PM","Apr 17, 2024, 2:31 PM","","Preacher Curl (Barbell)",,"",0,"warmup",30,4,,,
"Afternoon workout 💪","Apr 17, 2024, 2:00 PM","Apr 17, 2024, 2:31 PM","","Preacher Curl (Barbell)",,"",1,"failure",40,8,,,
"Afternoon workout 💪","Apr 17, 2024, 2:00 PM","Apr 17, 2024, 2:31 PM","","Preacher Curl (Barbell)",,"",2,"failure",40,6,,,
"Afternoon workout 💪","Apr 17, 2024, 2:00 PM","Apr 17, 2024, 2:31 PM","","Triceps Rope Pushdown",,"",0,"failure",66,7,,,
"Afternoon workout 💪","Apr 17, 2024, 2:00 PM","Apr 17, 2024, 2:31 PM","","Triceps Rope Pushdown",,"",1,"failure",55,7,,,
"Afternoon workout 💪","Apr 17, 2024, 2:00 PM","Apr 17, 2024, 2:31 PM","","Triceps Rope Pushdown",,"",2,"failure",44,7,,,
"Afternoon workout 💪","Apr 17, 2024, 2:00 PM","Apr 17, 2024, 2:31 PM","","Bicep Curl (Cable)",,"",0,"failure",38.5,9,,,
"Afternoon workout 💪","Apr 17, 2024, 2:00 PM","Apr 17, 2024, 2:31 PM","","Bicep Curl (Cable)",,"",1,"failure",44,5,,,
"Afternoon workout 💪","Apr 17, 2024, 2:00 PM","Apr 17, 2024, 2:31 PM","","Bicep Curl (Cable)",,"",2,"failure",38.5,5,,,
"Afternoon workout 💪","Apr 17, 2024, 2:00 PM","Apr 17, 2024, 2:31 PM","","Preacher Curl (Barbell)",,"",0,"failure",8,30,,,
"Afternoon workout 💪","Apr 17, 2024, 2:00 PM","Apr 17, 2024, 2:31 PM","","Preacher Curl (Barbell)",,"",1,"failure",7,30,,,
"Afternoon workout 💪","Apr 16, 2024, 3:28 PM","Apr 16, 2024, 4:28 PM","","Seated Row (Machine)",,"",0,"failure",120,8,,,
"Afternoon workout 💪","Apr 16, 2024, 3:28 PM","Apr 16, 2024, 4:28 PM","","Seated Row (Machine)",,"",1,"failure",110,8,,,
"Afternoon workout 💪","Apr 16, 2024, 3:28 PM","Apr 16, 2024, 4:28 PM","","Lat Pulldown (Machine)",,"",0,"failure",130,7,,,
"Afternoon workout 💪","Apr 16, 2024, 3:28 PM","Apr 16, 2024, 4:28 PM","","Lat Pulldown (Machine)",,"",1,"normal",120,8,,,
"Afternoon workout 💪","Apr 16, 2024, 3:28 PM","Apr 16, 2024, 4:28 PM","","Lat Pulldown (Cable)",,"",0,"failure",121,7,,,
"Afternoon workout 💪","Apr 16, 2024, 3:28 PM","Apr 16, 2024, 4:28 PM","","Lat Pulldown (Cable)",,"",1,"failure",110,9,,,
"Afternoon workout 💪","Apr 16, 2024, 3:28 PM","Apr 16, 2024, 4:28 PM","","Lat Pulldown (Cable)",,"",2,"failure",110,7,,,
"Afternoon workout 💪","Apr 16, 2024, 3:28 PM","Apr 16, 2024, 4:28 PM","","Seated Cable Row - Bar Wide Grip",,"",0,"failure",88,7,,,
"Afternoon workout 💪","Apr 16, 2024, 3:28 PM","Apr 16, 2024, 4:28 PM","","Seated Cable Row - Bar Wide Grip",,"",1,"failure",77,12,,,
"Afternoon workout 💪","Apr 16, 2024, 3:28 PM","Apr 16, 2024, 4:28 PM","","Seated Cable Row - Bar Wide Grip",,"",2,"failure",82,10,,,
"Morning workout ☀️","Apr 15, 2024, 12:03 PM","Apr 15, 2024, 12:35 PM","","Deltoid Raise",,"",0,"failure",60,11,,,
"Morning workout ☀️","Apr 15, 2024, 12:03 PM","Apr 15, 2024, 12:35 PM","","Deltoid Raise",,"",1,"failure",70,6,,,
"Morning workout ☀️","Apr 15, 2024, 12:03 PM","Apr 15, 2024, 12:35 PM","","Deltoid Raise",,"",2,"failure",65,8,,,
"Morning workout ☀️","Apr 15, 2024, 12:03 PM","Apr 15, 2024, 12:35 PM","","Lateral Raise (Dumbbell)",,"",0,"failure",15,15,,,
"Morning workout ☀️","Apr 15, 2024, 12:03 PM","Apr 15, 2024, 12:35 PM","","Lateral Raise (Dumbbell)",,"",1,"failure",15,8,,,
"Morning workout ☀️","Apr 15, 2024, 12:03 PM","Apr 15, 2024, 12:35 PM","","Front Raise (Dumbbell)",,"",0,"failure",15,9,,,
"Morning workout ☀️","Apr 15, 2024, 12:03 PM","Apr 15, 2024, 12:35 PM","","Front Raise (Dumbbell)",,"",1,"failure",12.5,8,,,
"Morning workout ☀️","Apr 15, 2024, 12:03 PM","Apr 15, 2024, 12:35 PM","","Rear Delt Reverse Fly (Cable)",,"",0,"failure",15,6,,,
"Morning workout ☀️","Apr 15, 2024, 12:03 PM","Apr 15, 2024, 12:35 PM","","Rear Delt Reverse Fly (Cable)",,"",1,"failure",10,6,,,
"Morning workout ☀️","Apr 15, 2024, 12:03 PM","Apr 15, 2024, 12:35 PM","","Rear Delt Reverse Fly (Cable)",,"",2,"failure",15,6,,,
"Morning workout ☀️","Apr 15, 2024, 12:03 PM","Apr 15, 2024, 12:35 PM","","Seated Shoulder Press (Machine)",,"",0,"warmup",75,8,,,
"Morning workout ☀️","Apr 15, 2024, 12:03 PM","Apr 15, 2024, 12:35 PM","","Seated Shoulder Press (Machine)",,"",1,"failure",85,7,,,
"Morning workout ☀️","Apr 15, 2024, 12:03 PM","Apr 15, 2024, 12:35 PM","","Seated Shoulder Press (Machine)",,"",2,"failure",90,2,,,
"Morning workout ☀️","Apr 11, 2024, 9:01 AM","Apr 11, 2024, 9:41 AM","","Leg Press (Machine)",,"",0,"failure",230,10,,,
"Morning workout ☀️","Apr 11, 2024, 9:01 AM","Apr 11, 2024, 9:41 AM","","Leg Press (Machine)",,"",1,"failure",270,20,,,
"Morning workout ☀️","Apr 11, 2024, 9:01 AM","Apr 11, 2024, 9:41 AM","","Calf Press (Machine)",,"",0,"failure",180,10,,,
"Morning workout ☀️","Apr 11, 2024, 9:01 AM","Apr 11, 2024, 9:41 AM","","Calf Press (Machine)",,"",1,"failure",180,10,,,
"Morning workout ☀️","Apr 11, 2024, 9:01 AM","Apr 11, 2024, 9:41 AM","","Squat (Barbell)",,"",0,"failure",94,10,,,
"Morning workout ☀️","Apr 11, 2024, 9:01 AM","Apr 11, 2024, 9:41 AM","","Squat (Barbell)",,"",1,"failure",114,4,,,
"Morning workout ☀️","Apr 11, 2024, 9:01 AM","Apr 11, 2024, 9:41 AM","","Squat (Barbell)",,"",2,"failure",94,7,,,
"Morning workout ☀️","Apr 11, 2024, 9:01 AM","Apr 11, 2024, 9:41 AM","","Leg Extension (Machine)",,"",0,"failure",120,10,,,
"Morning workout ☀️","Apr 11, 2024, 9:01 AM","Apr 11, 2024, 9:41 AM","","Leg Extension (Machine)",,"",1,"failure",130,6,,,
"Morning workout ☀️","Apr 11, 2024, 9:01 AM","Apr 11, 2024, 9:41 AM","","Leg Extension (Machine)",,"",2,"failure",130,7,,,
"Morning workout ☀️","Apr 11, 2024, 9:01 AM","Apr 11, 2024, 9:41 AM","","Lying Leg Curl (Machine)",,"",0,"failure",100,10,,,
"Morning workout ☀️","Apr 11, 2024, 9:01 AM","Apr 11, 2024, 9:41 AM","","Lying Leg Curl (Machine)",,"",1,"failure",95,8,,,
"Afternoon workout 💪","Apr 9, 2024, 2:44 PM","Apr 9, 2024, 3:33 PM","","Seated Triceps Press",,"",0,"failure",50,8,,,
"Afternoon workout 💪","Apr 9, 2024, 2:44 PM","Apr 9, 2024, 3:33 PM","","Seated Triceps Press",,"",1,"failure",55,7,,,
"Afternoon workout 💪","Apr 9, 2024, 2:44 PM","Apr 9, 2024, 3:33 PM","","Seated Triceps Press",,"",2,"failure",50,8,,,
"Afternoon workout 💪","Apr 9, 2024, 2:44 PM","Apr 9, 2024, 3:33 PM","","Preacher Curl (Machine)",,"",0,"failure",60,5,,,
"Afternoon workout 💪","Apr 9, 2024, 2:44 PM","Apr 9, 2024, 3:33 PM","","Preacher Curl (Machine)",,"",1,"failure",55,6,,,
"Afternoon workout 💪","Apr 9, 2024, 2:44 PM","Apr 9, 2024, 3:33 PM","","Preacher Curl (Machine)",,"",2,"failure",50,5,,,
"Afternoon workout 💪","Apr 9, 2024, 2:44 PM","Apr 9, 2024, 3:33 PM","","Triceps Pushdown",,"",0,"failure",55,8,,,
"Afternoon workout 💪","Apr 9, 2024, 2:44 PM","Apr 9, 2024, 3:33 PM","","Triceps Pushdown",,"",1,"failure",66,2,,,
"Afternoon workout 💪","Apr 9, 2024, 2:44 PM","Apr 9, 2024, 3:33 PM","","Triceps Pushdown",,"",2,"failure",60,4,,,
"Afternoon workout 💪","Apr 9, 2024, 2:44 PM","Apr 9, 2024, 3:33 PM","","Triceps Pushdown",,"",3,"failure",55,4,,,
"Afternoon workout 💪","Apr 9, 2024, 2:44 PM","Apr 9, 2024, 3:33 PM","","Bicep Curl (Cable)",,"",0,"failure",38.5,10,,,
"Afternoon workout 💪","Apr 9, 2024, 2:44 PM","Apr 9, 2024, 3:33 PM","","Bicep Curl (Cable)",,"",1,"failure",38.5,6,,,
"Afternoon workout 💪","Apr 9, 2024, 2:44 PM","Apr 9, 2024, 3:33 PM","","Bicep Curl (Cable)",,"",2,"failure",33,7,,,
"Afternoon workout 💪","Apr 9, 2024, 2:44 PM","Apr 9, 2024, 3:33 PM","","Preacher Curl (Barbell)",,"",0,"failure",40,3,,,
"Afternoon workout 💪","Apr 9, 2024, 2:44 PM","Apr 9, 2024, 3:33 PM","","Preacher Curl (Barbell)",,"",1,"failure",30,8,,,
"Afternoon workout 💪","Apr 9, 2024, 2:44 PM","Apr 9, 2024, 3:33 PM","","Preacher Curl (Barbell)",,"",2,"failure",30,9,,,
"Afternoon workout 💪","Apr 9, 2024, 2:44 PM","Apr 9, 2024, 3:33 PM","","Preacher Curl (Dumbbell)",,"",0,"failure",20,3,,,
"Afternoon workout 💪","Apr 9, 2024, 2:44 PM","Apr 9, 2024, 3:33 PM","","Bicep Curl (Dumbbell)",,"",0,"failure",20,10,,,
"Afternoon workout 💪","Apr 9, 2024, 2:44 PM","Apr 9, 2024, 3:33 PM","","Bicep Curl (Dumbbell)",,"",1,"failure",20,8,,,
"Afternoon workout 💪","Apr 8, 2024, 12:39 PM","Apr 8, 2024, 1:24 PM","","Seated Row (Machine)",,"",0,"failure",110,12,,,
"Afternoon workout 💪","Apr 8, 2024, 12:39 PM","Apr 8, 2024, 1:24 PM","","Seated Row (Machine)",,"",1,"failure",100,10,,,
"Afternoon workout 💪","Apr 8, 2024, 12:39 PM","Apr 8, 2024, 1:24 PM","","Rear Delt Reverse Fly (Cable)",,"",0,"failure",17,15,,,
"Afternoon workout 💪","Apr 8, 2024, 12:39 PM","Apr 8, 2024, 1:24 PM","","Rear Delt Reverse Fly (Cable)",,"",1,"failure",20,9,,,
"Afternoon workout 💪","Apr 8, 2024, 12:39 PM","Apr 8, 2024, 1:24 PM","","Rear Delt Reverse Fly (Cable)",,"",2,"failure",17,7,,,
"Afternoon workout 💪","Apr 8, 2024, 12:39 PM","Apr 8, 2024, 1:24 PM","","Seated Cable Row - Bar Wide Grip",,"",0,"failure",93,5,,,
"Afternoon workout 💪","Apr 8, 2024, 12:39 PM","Apr 8, 2024, 1:24 PM","","Seated Cable Row - Bar Wide Grip",,"",1,"failure",88,7,,,
"Afternoon workout 💪","Apr 8, 2024, 12:39 PM","Apr 8, 2024, 1:24 PM","","Seated Cable Row - Bar Wide Grip",,"",2,"failure",77,8,,,
"Afternoon workout 💪","Apr 8, 2024, 12:39 PM","Apr 8, 2024, 1:24 PM","","Seated Cable Row - Bar Grip",,"",0,"failure",77,9,,,
"Afternoon workout 💪","Apr 8, 2024, 12:39 PM","Apr 8, 2024, 1:24 PM","","Seated Cable Row - Bar Grip",,"",1,"failure",77,7,,,
"Afternoon workout 💪","Apr 8, 2024, 12:39 PM","Apr 8, 2024, 1:24 PM","","Lat Pulldown (Machine)",,"",0,"failure",130,7,,,
"Afternoon workout 💪","Apr 8, 2024, 12:39 PM","Apr 8, 2024, 1:24 PM","","Lat Pulldown (Machine)",,"",1,"failure",120,6,,,
"Afternoon workout 💪","Apr 8, 2024, 12:39 PM","Apr 8, 2024, 1:24 PM","","Lat Pulldown (Machine)",,"",2,"failure",120,5,,,
"Afternoon workout 💪","Apr 8, 2024, 12:39 PM","Apr 8, 2024, 1:24 PM","","Lat Pulldown (Cable)",,"",0,"failure",99,11,,,
"Afternoon workout 💪","Apr 8, 2024, 12:39 PM","Apr 8, 2024, 1:24 PM","","Lat Pulldown (Cable)",,"",1,"failure",110,7,,,
"Afternoon workout 💪","Apr 8, 2024, 12:39 PM","Apr 8, 2024, 1:24 PM","","Lat Pulldown (Cable)",,"",2,"failure",88,7,,,
"Afternoon workout 💪","Apr 6, 2024, 4:39 PM","Apr 6, 2024, 5:06 PM","","Seated Shoulder Press (Machine)",,"",0,"failure",75,10,,,
"Afternoon workout 💪","Apr 6, 2024, 4:39 PM","Apr 6, 2024, 5:06 PM","","Seated Shoulder Press (Machine)",,"",1,"failure",80,6,,,
"Afternoon workout 💪","Apr 6, 2024, 4:39 PM","Apr 6, 2024, 5:06 PM","","Lateral Raise (Dumbbell)",,"",0,"failure",15,12,,,
"Afternoon workout 💪","Apr 6, 2024, 4:39 PM","Apr 6, 2024, 5:06 PM","","Lateral Raise (Dumbbell)",,"",1,"failure",15,7,,,
"Afternoon workout 💪","Apr 6, 2024, 4:39 PM","Apr 6, 2024, 5:06 PM","","Lateral Raise (Dumbbell)",,"",2,"failure",15,6,,,
"Afternoon workout 💪","Apr 6, 2024, 4:39 PM","Apr 6, 2024, 5:06 PM","","Front Raise (Dumbbell)",,"",0,"failure",15,10,,,
"Afternoon workout 💪","Apr 6, 2024, 4:39 PM","Apr 6, 2024, 5:06 PM","","Front Raise (Dumbbell)",,"",1,"failure",12.5,12,,,
"Afternoon workout 💪","Apr 6, 2024, 4:39 PM","Apr 6, 2024, 5:06 PM","","Shoulder Press (Dumbbell)",,"",0,"failure",30,10,,,
"Afternoon workout 💪","Apr 6, 2024, 4:39 PM","Apr 6, 2024, 5:06 PM","","Shoulder Press (Dumbbell)",,"",1,"failure",30,11,,,
"Afternoon workout 💪","Apr 6, 2024, 4:39 PM","Apr 6, 2024, 5:06 PM","","Shoulder Press (Dumbbell)",,"",2,"failure",25,11,,,
"Afternoon workout 💪","Apr 6, 2024, 4:39 PM","Apr 6, 2024, 5:06 PM","","Deltoid Raise",,"",0,"failure",50,10,,,
"Morning workout ☀️","Apr 5, 2024, 8:51 AM","Apr 5, 2024, 9:22 AM","","Hip Adduction (Machine)",,"",0,"failure",130,12,,,
"Morning workout ☀️","Apr 5, 2024, 8:51 AM","Apr 5, 2024, 9:22 AM","","Hip Adduction (Machine)",,"",1,"failure",140,13,,,
"Morning workout ☀️","Apr 5, 2024, 8:51 AM","Apr 5, 2024, 9:22 AM","","Leg Extension (Machine)",,"",0,"failure",130,15,,,
"Morning workout ☀️","Apr 5, 2024, 8:51 AM","Apr 5, 2024, 9:22 AM","","Leg Extension (Machine)",,"",1,"failure",120,12,,,
"Morning workout ☀️","Apr 5, 2024, 8:51 AM","Apr 5, 2024, 9:22 AM","","Squat (Barbell)",,"",0,"failure",94,8,,,
"Morning workout ☀️","Apr 5, 2024, 8:51 AM","Apr 5, 2024, 9:22 AM","","Squat (Barbell)",,"",1,"failure",114,4,,,
"Morning workout ☀️","Apr 5, 2024, 8:51 AM","Apr 5, 2024, 9:22 AM","","Squat (Barbell)",,"",2,"failure",64,11,,,
"Afternoon workout 💪","Apr 4, 2024, 1:09 PM","Apr 4, 2024, 1:51 PM","","Preacher Curl (Machine)",,"",0,"failure",60,4,,,
"Afternoon workout 💪","Apr 4, 2024, 1:09 PM","Apr 4, 2024, 1:51 PM","","Preacher Curl (Machine)",,"",1,"failure",50,9,,,
"Afternoon workout 💪","Apr 4, 2024, 1:09 PM","Apr 4, 2024, 1:51 PM","","Preacher Curl (Machine)",,"",2,"failure",50,6,,,
"Afternoon workout 💪","Apr 4, 2024, 1:09 PM","Apr 4, 2024, 1:51 PM","","Triceps Pushdown",,"",0,"failure",55,13,,,
"Afternoon workout 💪","Apr 4, 2024, 1:09 PM","Apr 4, 2024, 1:51 PM","","Triceps Pushdown",,"",1,"failure",55,10,,,
"Afternoon workout 💪","Apr 4, 2024, 1:09 PM","Apr 4, 2024, 1:51 PM","","Triceps Pushdown",,"",2,"failure",55,8,,,
"Afternoon workout 💪","Apr 4, 2024, 1:09 PM","Apr 4, 2024, 1:51 PM","","Triceps Pushdown",,"",3,"failure",49,6,,,
"Afternoon workout 💪","Apr 4, 2024, 1:09 PM","Apr 4, 2024, 1:51 PM","","Triceps Pushdown",,"",4,"failure",49,10,,,
"Afternoon workout 💪","Apr 4, 2024, 1:09 PM","Apr 4, 2024, 1:51 PM","","Triceps Pushdown",,"",5,"failure",55,10,,,
"Afternoon workout 💪","Apr 4, 2024, 1:09 PM","Apr 4, 2024, 1:51 PM","","Bicep Curl (Cable)",,"",0,"failure",38.5,12,,,
"Afternoon workout 💪","Apr 4, 2024, 1:09 PM","Apr 4, 2024, 1:51 PM","","Bicep Curl (Cable)",,"",1,"failure",44,5,,,
"Afternoon workout 💪","Apr 4, 2024, 1:09 PM","Apr 4, 2024, 1:51 PM","","Preacher Curl (Barbell)",,"",0,"failure",30,12,,,
"Afternoon workout 💪","Apr 4, 2024, 1:09 PM","Apr 4, 2024, 1:51 PM","","Preacher Curl (Barbell)",,"",1,"failure",20,5,,,
"Afternoon workout 💪","Apr 4, 2024, 1:09 PM","Apr 4, 2024, 1:51 PM","","Preacher Curl (Barbell)",,"",2,"failure",20,5,,,
"Afternoon workout 💪","Apr 4, 2024, 1:09 PM","Apr 4, 2024, 1:51 PM","","Hammer Curl (Dumbbell)",,"",0,"failure",20,10,,,
"Afternoon workout 💪","Apr 4, 2024, 1:09 PM","Apr 4, 2024, 1:51 PM","","Hammer Curl (Dumbbell)",,"",1,"failure",20,9,,,
"Morning workout ☀️","Apr 3, 2024, 8:49 AM","Apr 3, 2024, 9:31 AM","","Lat Pulldown (Machine)",,"",0,"failure",130,8,,,
"Morning workout ☀️","Apr 3, 2024, 8:49 AM","Apr 3, 2024, 9:31 AM","","Lat Pulldown (Machine)",,"",1,"failure",140,10,,,
"Morning workout ☀️","Apr 3, 2024, 8:49 AM","Apr 3, 2024, 9:31 AM","","Lat Pulldown (Cable)",,"",0,"failure",121,9,,,
"Morning workout ☀️","Apr 3, 2024, 8:49 AM","Apr 3, 2024, 9:31 AM","","Lat Pulldown (Cable)",,"",1,"failure",110,8,,,
"Morning workout ☀️","Apr 3, 2024, 8:49 AM","Apr 3, 2024, 9:31 AM","","Lat Pulldown (Cable)",,"",2,"failure",99,8,,,
"Morning workout ☀️","Apr 3, 2024, 8:49 AM","Apr 3, 2024, 9:31 AM","","Lat Pulldown - Close Grip (Cable)",,"",0,"failure",110,6,,,
"Morning workout ☀️","Apr 3, 2024, 8:49 AM","Apr 3, 2024, 9:31 AM","","Lat Pulldown - Close Grip (Cable)",,"",1,"failure",99,10,,,
"Morning workout ☀️","Apr 3, 2024, 8:49 AM","Apr 3, 2024, 9:31 AM","","Seated Cable Row - V Grip (Cable)",,"",0,"failure",88,11,,,
"Morning workout ☀️","Apr 3, 2024, 8:49 AM","Apr 3, 2024, 9:31 AM","","Seated Cable Row - V Grip (Cable)",,"",1,"failure",99,8,,,
"Morning workout ☀️","Apr 3, 2024, 8:49 AM","Apr 3, 2024, 9:31 AM","","Seated Cable Row - V Grip (Cable)",,"",2,"normal",99,10,,,
"Morning workout ☀️","Apr 3, 2024, 8:49 AM","Apr 3, 2024, 9:31 AM","","Rear Delt Reverse Fly (Cable)",,"",0,"failure",17,10,,,
"Morning workout ☀️","Apr 3, 2024, 8:49 AM","Apr 3, 2024, 9:31 AM","","Rear Delt Reverse Fly (Cable)",,"",1,"failure",17,13,,,
"Morning workout ☀️","Apr 3, 2024, 8:49 AM","Apr 3, 2024, 9:31 AM","","Rear Delt Reverse Fly (Cable)",,"",2,"failure",17,11,,,
"Morning workout ☀️","Apr 1, 2024, 8:35 AM","Apr 1, 2024, 9:01 AM","","Shoulder Press (Dumbbell)",,"",0,"failure",25,10,,,
"Morning workout ☀️","Apr 1, 2024, 8:35 AM","Apr 1, 2024, 9:01 AM","","Shoulder Press (Dumbbell)",,"",1,"failure",30,10,,,
"Morning workout ☀️","Apr 1, 2024, 8:35 AM","Apr 1, 2024, 9:01 AM","","Shoulder Press (Dumbbell)",,"",2,"failure",30,8,,,
"Morning workout ☀️","Apr 1, 2024, 8:35 AM","Apr 1, 2024, 9:01 AM","","Deltoid Raise",,"",0,"failure",55,10,,,
"Morning workout ☀️","Apr 1, 2024, 8:35 AM","Apr 1, 2024, 9:01 AM","","Deltoid Raise",,"",1,"failure",60,7,,,
"Morning workout ☀️","Apr 1, 2024, 8:35 AM","Apr 1, 2024, 9:01 AM","","Rear Delt Reverse Fly (Cable)",,"",0,"failure",10,8,,,
"Morning workout ☀️","Apr 1, 2024, 8:35 AM","Apr 1, 2024, 9:01 AM","","Rear Delt Reverse Fly (Cable)",,"",1,"failure",5,10,,,
"Morning workout ☀️","Apr 1, 2024, 8:35 AM","Apr 1, 2024, 9:01 AM","","Lateral Raise (Dumbbell)",,"",0,"failure",15,8,,,
"Morning workout ☀️","Apr 1, 2024, 8:35 AM","Apr 1, 2024, 9:01 AM","","Lateral Raise (Dumbbell)",,"",1,"failure",15,8,,,
"Morning workout ☀️","Apr 1, 2024, 8:35 AM","Apr 1, 2024, 9:01 AM","","Front Raise (Dumbbell)",,"",0,"failure",15,7,,,
"Afternoon workout 💪","Mar 31, 2024, 3:11 PM","Mar 31, 2024, 3:57 PM","","Leg Press (Machine)",,"",0,"warmup",180,10,,,
"Afternoon workout 💪","Mar 31, 2024, 3:11 PM","Mar 31, 2024, 3:57 PM","","Leg Press (Machine)",,"",1,"failure",230,15,,,
"Afternoon workout 💪","Mar 31, 2024, 3:11 PM","Mar 31, 2024, 3:57 PM","","Leg Press (Machine)",,"",2,"failure",270,15,,,
"Afternoon workout 💪","Mar 31, 2024, 3:11 PM","Mar 31, 2024, 3:57 PM","","Calf Press (Machine)",,"",0,"failure",230,8,,,
"Afternoon workout 💪","Mar 31, 2024, 3:11 PM","Mar 31, 2024, 3:57 PM","","Calf Press (Machine)",,"",1,"failure",140,15,,,
"Afternoon workout 💪","Mar 31, 2024, 3:11 PM","Mar 31, 2024, 3:57 PM","","Calf Press (Machine)",,"",2,"failure",140,12,,,
"Afternoon workout 💪","Mar 31, 2024, 3:11 PM","Mar 31, 2024, 3:57 PM","","Lying Leg Curl (Machine)",,"",0,"failure",105,8,,,
"Afternoon workout 💪","Mar 31, 2024, 3:11 PM","Mar 31, 2024, 3:57 PM","","Lying Leg Curl (Machine)",,"",1,"failure",95,10,,,
"Afternoon workout 💪","Mar 31, 2024, 3:11 PM","Mar 31, 2024, 3:57 PM","","Lying Leg Curl (Machine)",,"",2,"failure",95,8,,,
"Afternoon workout 💪","Mar 31, 2024, 3:11 PM","Mar 31, 2024, 3:57 PM","","Leg Extension (Machine)",,"",0,"failure",140,10,,,
"Afternoon workout 💪","Mar 31, 2024, 3:11 PM","Mar 31, 2024, 3:57 PM","","Leg Extension (Machine)",,"",1,"failure",120,10,,,
"Afternoon workout 💪","Mar 31, 2024, 3:11 PM","Mar 31, 2024, 3:57 PM","","Leg Extension (Machine)",,"",2,"failure",120,10,,,
"Afternoon workout 💪","Mar 30, 2024, 1:16 PM","Mar 30, 2024, 1:59 PM","","Preacher Curl (Machine)",,"",0,"warmup",40,10,,,
"Afternoon workout 💪","Mar 30, 2024, 1:16 PM","Mar 30, 2024, 1:59 PM","","Preacher Curl (Machine)",,"",1,"failure",60,3,,,
"Afternoon workout 💪","Mar 30, 2024, 1:16 PM","Mar 30, 2024, 1:59 PM","","Preacher Curl (Machine)",,"",2,"failure",50,9,,,
"Afternoon workout 💪","Mar 30, 2024, 1:16 PM","Mar 30, 2024, 1:59 PM","","Preacher Curl (Machine)",,"",3,"failure",50,5,,,
"Afternoon workout 💪","Mar 30, 2024, 1:16 PM","Mar 30, 2024, 1:59 PM","","Triceps Pushdown",,"",0,"failure",55,9,,,
"Afternoon workout 💪","Mar 30, 2024, 1:16 PM","Mar 30, 2024, 1:59 PM","","Triceps Pushdown",,"",1,"failure",44,12,,,
"Afternoon workout 💪","Mar 30, 2024, 1:16 PM","Mar 30, 2024, 1:59 PM","","Triceps Pushdown",,"",2,"failure",44,11,,,
"Afternoon workout 💪","Mar 30, 2024, 1:16 PM","Mar 30, 2024, 1:59 PM","","Triceps Pushdown",,"",3,"failure",44,7,,,
"Afternoon workout 💪","Mar 30, 2024, 1:16 PM","Mar 30, 2024, 1:59 PM","","Hammer Curl (Dumbbell)",,"",0,"failure",22.5,10,,,
"Afternoon workout 💪","Mar 30, 2024, 1:16 PM","Mar 30, 2024, 1:59 PM","","Hammer Curl (Dumbbell)",,"",1,"failure",22.5,9,,,
"Afternoon workout 💪","Mar 30, 2024, 1:16 PM","Mar 30, 2024, 1:59 PM","","Hammer Curl (Dumbbell)",,"",2,"failure",22.5,7,,,
"Afternoon workout 💪","Mar 30, 2024, 1:16 PM","Mar 30, 2024, 1:59 PM","","Seated Triceps Press",,"",0,"failure",50,9,,,
"Afternoon workout 💪","Mar 30, 2024, 1:16 PM","Mar 30, 2024, 1:59 PM","","Seated Triceps Press",,"",1,"failure",50,5,,,
"Afternoon workout 💪","Mar 30, 2024, 1:16 PM","Mar 30, 2024, 1:59 PM","","Bicep Curl (Machine)",,"",0,"warmup",70,8,,,
"Afternoon workout 💪","Mar 30, 2024, 1:16 PM","Mar 30, 2024, 1:59 PM","","Bicep Curl (Machine)",,"",1,"failure",90,8,,,
"Afternoon workout 💪","Mar 30, 2024, 1:16 PM","Mar 30, 2024, 1:59 PM","","Bicep Curl (Dumbbell)",,"",0,"failure",22.5,10,,,
"Afternoon workout 💪","Mar 30, 2024, 1:16 PM","Mar 30, 2024, 1:59 PM","","Bicep Curl (Dumbbell)",,"",1,"failure",22.5,6,,,
"Afternoon workout 💪","Mar 30, 2024, 1:16 PM","Mar 30, 2024, 1:59 PM","","Preacher Curl (Barbell)",,"",0,"failure",40,5,,,
"Afternoon workout 💪","Mar 30, 2024, 1:16 PM","Mar 30, 2024, 1:59 PM","","Preacher Curl (Barbell)",,"",1,"failure",40,5,,,
"Afternoon workout 💪","Mar 30, 2024, 1:16 PM","Mar 30, 2024, 1:59 PM","","Preacher Curl (Barbell)",,"",2,"failure",30,4,,,
"Afternoon workout 💪","Mar 29, 2024, 5:32 PM","Mar 29, 2024, 6:32 PM","","Iso-Lateral Row (Machine)",,"",0,"failure",8,45,,,
"Afternoon workout 💪","Mar 29, 2024, 5:32 PM","Mar 29, 2024, 6:32 PM","","Iso-Lateral Row (Machine)",,"",1,"failure",4,45,,,
"Afternoon workout 💪","Mar 29, 2024, 5:32 PM","Mar 29, 2024, 6:32 PM","","Seated Cable Row - Bar Wide Grip",,"",0,"failure",88,10,,,
"Afternoon workout 💪","Mar 29, 2024, 5:32 PM","Mar 29, 2024, 6:32 PM","","Seated Cable Row - Bar Wide Grip",,"",1,"failure",82,10,,,
"Afternoon workout 💪","Mar 29, 2024, 5:32 PM","Mar 29, 2024, 6:32 PM","","Seated Cable Row - Bar Wide Grip",,"",2,"failure",77,10,,,
"Afternoon workout 💪","Mar 29, 2024, 5:32 PM","Mar 29, 2024, 6:32 PM","","Seated Row (Machine)",,"",0,"failure",100,10,,,
"Afternoon workout 💪","Mar 29, 2024, 5:32 PM","Mar 29, 2024, 6:32 PM","","Seated Row (Machine)",,"",1,"failure",90,9,,,
"Afternoon workout 💪","Mar 29, 2024, 5:32 PM","Mar 29, 2024, 6:32 PM","","Lat Pulldown (Cable)",,"",0,"warmup",110,10,,,
"Afternoon workout 💪","Mar 29, 2024, 5:32 PM","Mar 29, 2024, 6:32 PM","","Lat Pulldown (Cable)",,"",1,"failure",121,7,,,
"Afternoon workout 💪","Mar 29, 2024, 5:32 PM","Mar 29, 2024, 6:32 PM","","Lat Pulldown (Cable)",,"",2,"normal",99,8,,,
"Afternoon workout 💪","Mar 29, 2024, 5:32 PM","Mar 29, 2024, 6:32 PM","","Lat Pulldown - Close Grip (Cable)",,"",0,"failure",99,7,,,
"Afternoon workout 💪","Mar 29, 2024, 5:32 PM","Mar 29, 2024, 6:32 PM","","Lat Pulldown - Close Grip (Cable)",,"",1,"failure",99,8,,,
"Afternoon workout 💪","Mar 29, 2024, 5:32 PM","Mar 29, 2024, 6:32 PM","","Lat Pulldown (Machine)",,"",0,"failure",120,6,,,
"Afternoon workout 💪","Mar 29, 2024, 5:32 PM","Mar 29, 2024, 6:32 PM","","Lat Pulldown (Machine)",,"",1,"failure",110,7,,,
"Morning workout ☀️","Mar 27, 2024, 9:40 AM","Mar 27, 2024, 10:12 AM","","Decline Bench Press (Machine)",,"",0,"warmup",80,7,,,
"Morning workout ☀️","Mar 27, 2024, 9:40 AM","Mar 27, 2024, 10:12 AM","","Decline Bench Press (Machine)",,"",1,"failure",70,8,,,
"Morning workout ☀️","Mar 27, 2024, 9:40 AM","Mar 27, 2024, 10:12 AM","","Incline Bench Press (Dumbbell)",,"",0,"failure",35,10,,,
"Morning workout ☀️","Mar 27, 2024, 9:40 AM","Mar 27, 2024, 10:12 AM","","Incline Bench Press (Dumbbell)",,"",1,"failure",35,8,,,
"Morning workout ☀️","Mar 27, 2024, 9:40 AM","Mar 27, 2024, 10:12 AM","","Incline Bench Press (Dumbbell)",,"",2,"failure",27.5,10,,,
"Morning workout ☀️","Mar 27, 2024, 9:40 AM","Mar 27, 2024, 10:12 AM","","Hex Press (Dumbbell)",,"",0,"failure",27.5,7,,,
"Morning workout ☀️","Mar 27, 2024, 9:40 AM","Mar 27, 2024, 10:12 AM","","Hex Press (Dumbbell)",,"",1,"failure",27.5,8,,,
"Morning workout ☀️","Mar 27, 2024, 9:40 AM","Mar 27, 2024, 10:12 AM","","Preacher Curl (Machine)",,"",0,"failure",50,8,,,
"Morning workout ☀️","Mar 27, 2024, 9:40 AM","Mar 27, 2024, 10:12 AM","","Preacher Curl (Machine)",,"",1,"failure",50,5,,,
"Morning workout ☀️","Mar 27, 2024, 9:40 AM","Mar 27, 2024, 10:12 AM","","Butterfly (Pec Deck)",,"",0,"failure",90,10,,,
"Morning workout ☀️","Mar 27, 2024, 9:40 AM","Mar 27, 2024, 10:12 AM","","Butterfly (Pec Deck)",,"",1,"failure",80,7,,,
"Morning workout ☀️","Mar 27, 2024, 9:40 AM","Mar 27, 2024, 10:12 AM","","Butterfly (Pec Deck)",,"",2,"failure",100,5,,,
"Morning workout ☀️","Mar 27, 2024, 9:40 AM","Mar 27, 2024, 10:12 AM","","Butterfly (Pec Deck)",,"",3,"failure",90,4,,,
"Afternoon workout 💪","Mar 26, 2024, 3:15 PM","Mar 26, 2024, 3:53 PM","","Preacher Curl (Machine)",,"",0,"warmup",40,8,,,
"Afternoon workout 💪","Mar 26, 2024, 3:15 PM","Mar 26, 2024, 3:53 PM","","Preacher Curl (Machine)",,"",1,"failure",50,8,,,
"Afternoon workout 💪","Mar 26, 2024, 3:15 PM","Mar 26, 2024, 3:53 PM","","Preacher Curl (Machine)",,"",2,"failure",55,5,,,
"Afternoon workout 💪","Mar 26, 2024, 3:15 PM","Mar 26, 2024, 3:53 PM","","Triceps Pushdown",,"",0,"failure",55,12,,,
"Afternoon workout 💪","Mar 26, 2024, 3:15 PM","Mar 26, 2024, 3:53 PM","","Triceps Pushdown",,"",1,"failure",55,9,,,
"Afternoon workout 💪","Mar 26, 2024, 3:15 PM","Mar 26, 2024, 3:53 PM","","Butterfly (Pec Deck)",,"",0,"warmup",90,8,,,
"Afternoon workout 💪","Mar 26, 2024, 3:15 PM","Mar 26, 2024, 3:53 PM","","Butterfly (Pec Deck)",,"",1,"failure",110,6,,,
"Afternoon workout 💪","Mar 26, 2024, 3:15 PM","Mar 26, 2024, 3:53 PM","","Butterfly (Pec Deck)",,"",2,"failure",100,5,,,
"Afternoon workout 💪","Mar 26, 2024, 3:15 PM","Mar 26, 2024, 3:53 PM","","Seated Triceps Press",,"",0,"failure",45,8,,,
"Afternoon workout 💪","Mar 26, 2024, 3:15 PM","Mar 26, 2024, 3:53 PM","","Seated Triceps Press",,"",1,"failure",55,7,,,
"Afternoon workout 💪","Mar 26, 2024, 3:15 PM","Mar 26, 2024, 3:53 PM","","Seated Triceps Press",,"",2,"failure",40,6,,,
"Afternoon workout 💪","Mar 26, 2024, 3:15 PM","Mar 26, 2024, 3:53 PM","","Bicep Curl (Cable)",,"",0,"failure",38.5,12,,,
"Afternoon workout 💪","Mar 26, 2024, 3:15 PM","Mar 26, 2024, 3:53 PM","","Bicep Curl (Cable)",,"",1,"failure",38.5,10,,,
"Afternoon workout 💪","Mar 26, 2024, 3:15 PM","Mar 26, 2024, 3:53 PM","","Preacher Curl (Barbell)",,"",0,"failure",40,5,,,
"Afternoon workout 💪","Mar 26, 2024, 3:15 PM","Mar 26, 2024, 3:53 PM","","Preacher Curl (Barbell)",,"",1,"failure",30,10,,,
"Afternoon workout 💪","Mar 26, 2024, 3:15 PM","Mar 26, 2024, 3:53 PM","","Hammer Curl (Dumbbell)",,"",0,"failure",25,5,,,
"Afternoon workout 💪","Mar 26, 2024, 3:15 PM","Mar 26, 2024, 3:53 PM","","Hammer Curl (Dumbbell)",,"",1,"failure",22.5,6,,,
"Afternoon workout 💪","Mar 25, 2024, 2:32 PM","Mar 25, 2024, 3:13 PM","","Hip Adduction (Machine)",,"",0,"warmup",100,14,,,
"Afternoon workout 💪","Mar 25, 2024, 2:32 PM","Mar 25, 2024, 3:13 PM","","Hip Adduction (Machine)",,"",1,"failure",120,18,,,
"Afternoon workout 💪","Mar 25, 2024, 2:32 PM","Mar 25, 2024, 3:13 PM","","Hip Adduction (Machine)",,"",2,"failure",130,17,,,
"Afternoon workout 💪","Mar 25, 2024, 2:32 PM","Mar 25, 2024, 3:13 PM","","Standing Calf Raise (Machine)",,"",0,"failure",90,11,,,
"Afternoon workout 💪","Mar 25, 2024, 2:32 PM","Mar 25, 2024, 3:13 PM","","Standing Calf Raise (Machine)",,"",1,"failure",80,10,,,
"Afternoon workout 💪","Mar 25, 2024, 2:32 PM","Mar 25, 2024, 3:13 PM","","Calf Extension (Machine)",,"",0,"failure",200,16,,,
"Afternoon workout 💪","Mar 25, 2024, 2:32 PM","Mar 25, 2024, 3:13 PM","","Calf Extension (Machine)",,"",1,"failure",240,4,,,
"Afternoon workout 💪","Mar 25, 2024, 2:32 PM","Mar 25, 2024, 3:13 PM","","Calf Extension (Machine)",,"",2,"failure",220,6,,,
"Afternoon workout 💪","Mar 25, 2024, 2:32 PM","Mar 25, 2024, 3:13 PM","","Leg Extension (Machine)",,"",0,"failure",140,15,,,
"Afternoon workout 💪","Mar 25, 2024, 2:32 PM","Mar 25, 2024, 3:13 PM","","Leg Extension (Machine)",,"",1,"failure",130,10,,,
"Afternoon workout 💪","Mar 25, 2024, 2:32 PM","Mar 25, 2024, 3:13 PM","","Leg Extension (Machine)",,"",2,"failure",120,11,,,
"Afternoon workout 💪","Mar 25, 2024, 2:32 PM","Mar 25, 2024, 3:13 PM","","Leg Press (Machine)",,"",0,"failure",230,12,,,
"Afternoon workout 💪","Mar 25, 2024, 2:32 PM","Mar 25, 2024, 3:13 PM","","Leg Press (Machine)",,"",1,"failure",270,17,,,
"Afternoon workout 💪","Mar 25, 2024, 2:32 PM","Mar 25, 2024, 3:13 PM","","Leg Press (Machine)",,"",2,"failure",320,10,,,
"Afternoon workout 💪","Mar 23, 2024, 4:44 PM","Mar 23, 2024, 5:28 PM","","Shoulder Press (Dumbbell)",,"",0,"failure",25,10,,,
"Afternoon workout 💪","Mar 23, 2024, 4:44 PM","Mar 23, 2024, 5:28 PM","","Shoulder Press (Dumbbell)",,"",1,"failure",30,10,,,
"Afternoon workout 💪","Mar 23, 2024, 4:44 PM","Mar 23, 2024, 5:28 PM","","Shoulder Press (Dumbbell)",,"",2,"failure",30,8,,,
"Afternoon workout 💪","Mar 23, 2024, 4:44 PM","Mar 23, 2024, 5:28 PM","","Seated Cable Row - Bar Wide Grip",,"",0,"failure",88,8,,,
"Afternoon workout 💪","Mar 23, 2024, 4:44 PM","Mar 23, 2024, 5:28 PM","","Seated Cable Row - Bar Wide Grip",,"",1,"failure",77,10,,,
"Afternoon workout 💪","Mar 23, 2024, 4:44 PM","Mar 23, 2024, 5:28 PM","","Seated Cable Row - Bar Wide Grip",,"",2,"failure",77,8,,,
"Afternoon workout 💪","Mar 23, 2024, 4:44 PM","Mar 23, 2024, 5:28 PM","","Lateral Raise (Dumbbell)",,"",0,"failure",15,9,,,
"Afternoon workout 💪","Mar 23, 2024, 4:44 PM","Mar 23, 2024, 5:28 PM","","Lateral Raise (Dumbbell)",,"",1,"failure",12.5,11,,,
"Afternoon workout 💪","Mar 23, 2024, 4:44 PM","Mar 23, 2024, 5:28 PM","","Lateral Raise (Dumbbell)",,"",2,"failure",15,10,,,
"Afternoon workout 💪","Mar 23, 2024, 4:44 PM","Mar 23, 2024, 5:28 PM","","Lateral Raise (Dumbbell)",,"",3,"failure",15,8,,,
"Afternoon workout 💪","Mar 23, 2024, 4:44 PM","Mar 23, 2024, 5:28 PM","","Front Raise (Dumbbell)",,"",0,"failure",15,7,,,
"Afternoon workout 💪","Mar 23, 2024, 4:44 PM","Mar 23, 2024, 5:28 PM","","Front Raise (Dumbbell)",,"",1,"failure",12.5,8,,,
"Afternoon workout 💪","Mar 23, 2024, 4:44 PM","Mar 23, 2024, 5:28 PM","","Lat Pulldown (Cable)",,"",0,"failure",110,10,,,
"Afternoon workout 💪","Mar 23, 2024, 4:44 PM","Mar 23, 2024, 5:28 PM","","Lat Pulldown (Cable)",,"",1,"failure",99,9,,,
"Afternoon workout 💪","Mar 23, 2024, 4:44 PM","Mar 23, 2024, 5:28 PM","","Lat Pulldown (Cable)",,"",2,"failure",99,8,,,
"Afternoon workout 💪","Mar 22, 2024, 4:50 PM","Mar 22, 2024, 5:55 PM","","Chest Press (Machine)",,"",0,"warmup",90,12,,,
"Afternoon workout 💪","Mar 22, 2024, 4:50 PM","Mar 22, 2024, 5:55 PM","","Chest Press (Machine)",,"",1,"warmup",100,10,,,
"Afternoon workout 💪","Mar 22, 2024, 4:50 PM","Mar 22, 2024, 5:55 PM","","Seated Triceps Press",,"",0,"failure",50,9,,,
"Afternoon workout 💪","Mar 22, 2024, 4:50 PM","Mar 22, 2024, 5:55 PM","","Seated Triceps Press",,"",1,"failure",50,7,,,
"Afternoon workout 💪","Mar 22, 2024, 4:50 PM","Mar 22, 2024, 5:55 PM","","Seated Triceps Press",,"",2,"failure",40,11,,,
"Afternoon workout 💪","Mar 22, 2024, 4:50 PM","Mar 22, 2024, 5:55 PM","","Incline Bench Press (Dumbbell)",,"",0,"failure",35,6,,,
"Afternoon workout 💪","Mar 22, 2024, 4:50 PM","Mar 22, 2024, 5:55 PM","","Incline Bench Press (Dumbbell)",,"",1,"failure",27.5,11,,,
"Afternoon workout 💪","Mar 22, 2024, 4:50 PM","Mar 22, 2024, 5:55 PM","","Incline Bench Press (Dumbbell)",,"",2,"failure",27.5,8,,,
"Afternoon workout 💪","Mar 22, 2024, 4:50 PM","Mar 22, 2024, 5:55 PM","","Hex Press (Dumbbell)",,"",0,"failure",25,8,,,
"Afternoon workout 💪","Mar 22, 2024, 4:50 PM","Mar 22, 2024, 5:55 PM","","Hex Press (Dumbbell)",,"",1,"failure",25,11,,,
"Afternoon workout 💪","Mar 22, 2024, 4:50 PM","Mar 22, 2024, 5:55 PM","","Butterfly (Pec Deck)",,"",0,"failure",90,10,,,
"Afternoon workout 💪","Mar 22, 2024, 4:50 PM","Mar 22, 2024, 5:55 PM","","Butterfly (Pec Deck)",,"",1,"failure",80,8,,,
"Afternoon workout 💪","Mar 22, 2024, 4:50 PM","Mar 22, 2024, 5:55 PM","","Butterfly (Pec Deck)",,"",2,"normal",80,6,,,
"Afternoon workout 💪","Mar 22, 2024, 4:50 PM","Mar 22, 2024, 5:55 PM","","Preacher Curl (Barbell)",,"",0,"failure",30,14,,,
"Afternoon workout 💪","Mar 22, 2024, 4:50 PM","Mar 22, 2024, 5:55 PM","","Preacher Curl (Barbell)",,"",1,"failure",30,8,,,
"Afternoon workout 💪","Mar 22, 2024, 4:50 PM","Mar 22, 2024, 5:55 PM","","Preacher Curl (Dumbbell)",,"",0,"failure",17.5,5,,,
"Afternoon workout 💪","Mar 22, 2024, 4:50 PM","Mar 22, 2024, 5:55 PM","","Preacher Curl (Dumbbell)",,"",1,"failure",17.5,6,,,
"Afternoon workout 💪","Mar 20, 2024, 12:41 PM","Mar 20, 2024, 1:14 PM","","Seated Cable Row - V Grip (Cable)",,"",0,"failure",88,12,,,
"Afternoon workout 💪","Mar 20, 2024, 12:41 PM","Mar 20, 2024, 1:14 PM","","Seated Cable Row - V Grip (Cable)",,"",1,"failure",99,7,,,
"Afternoon workout 💪","Mar 20, 2024, 12:41 PM","Mar 20, 2024, 1:14 PM","","Seated Cable Row - V Grip (Cable)",,"",2,"failure",88,7,,,
"Afternoon workout 💪","Mar 20, 2024, 12:41 PM","Mar 20, 2024, 1:14 PM","","Lat Pulldown (Cable)",,"",0,"failure",110,9,,,
"Afternoon workout 💪","Mar 20, 2024, 12:41 PM","Mar 20, 2024, 1:14 PM","","Lat Pulldown (Cable)",,"",1,"failure",110,9,,,
"Afternoon workout 💪","Mar 20, 2024, 12:41 PM","Mar 20, 2024, 1:14 PM","","Lat Pulldown (Cable)",,"",2,"failure",99,8,,,
"Afternoon workout 💪","Mar 20, 2024, 12:41 PM","Mar 20, 2024, 1:14 PM","","Lat Pulldown (Machine)",,"",0,"failure",110,9,,,
"Afternoon workout 💪","Mar 20, 2024, 12:41 PM","Mar 20, 2024, 1:14 PM","","Lat Pulldown (Machine)",,"",1,"failure",120,6,,,
"Afternoon workout 💪","Mar 20, 2024, 12:41 PM","Mar 20, 2024, 1:14 PM","","Lateral Raise (Dumbbell)",,"",0,"failure",15,12,,,
"Afternoon workout 💪","Mar 20, 2024, 12:41 PM","Mar 20, 2024, 1:14 PM","","Lateral Raise (Dumbbell)",,"",1,"failure",15,8,,,
"Afternoon workout 💪","Mar 20, 2024, 12:41 PM","Mar 20, 2024, 1:14 PM","","Front Raise (Dumbbell)",,"",0,"failure",15,8,,,
"Afternoon workout 💪","Mar 20, 2024, 12:41 PM","Mar 20, 2024, 1:14 PM","","Front Raise (Dumbbell)",,"",1,"failure",15,6,,,
"Afternoon workout 💪","Mar 20, 2024, 12:41 PM","Mar 20, 2024, 1:14 PM","","Seated Row (Machine)",,"",0,"failure",110,8,,,
"Afternoon workout 💪","Mar 20, 2024, 12:41 PM","Mar 20, 2024, 1:14 PM","","Seated Row (Machine)",,"",1,"failure",90,8,,,
"Morning workout ☀️","Mar 19, 2024, 12:24 PM","Mar 19, 2024, 12:58 PM","","Bicep Curl (Machine)",,"",0,"warmup",70,8,,,
"Morning workout ☀️","Mar 19, 2024, 12:24 PM","Mar 19, 2024, 12:58 PM","","Bicep Curl (Machine)",,"",1,"failure",85,10,,,
"Morning workout ☀️","Mar 19, 2024, 12:24 PM","Mar 19, 2024, 12:58 PM","","Bicep Curl (Machine)",,"",2,"failure",90,5,,,
"Morning workout ☀️","Mar 19, 2024, 12:24 PM","Mar 19, 2024, 12:58 PM","","Seated Triceps Press",,"",0,"failure",50,7,,,
"Morning workout ☀️","Mar 19, 2024, 12:24 PM","Mar 19, 2024, 12:58 PM","","Seated Triceps Press",,"",1,"failure",40,12,,,
"Morning workout ☀️","Mar 19, 2024, 12:24 PM","Mar 19, 2024, 12:58 PM","","Preacher Curl (Machine)",,"",0,"failure",50,8,,,
"Morning workout ☀️","Mar 19, 2024, 12:24 PM","Mar 19, 2024, 12:58 PM","","Preacher Curl (Machine)",,"",1,"failure",40,9,,,
"Morning workout ☀️","Mar 19, 2024, 12:24 PM","Mar 19, 2024, 12:58 PM","","Preacher Curl (Machine)",,"",2,"failure",40,6,,,
"Morning workout ☀️","Mar 19, 2024, 12:24 PM","Mar 19, 2024, 12:58 PM","","Triceps Pushdown",,"",0,"failure",66,11,,,
"Morning workout ☀️","Mar 19, 2024, 12:24 PM","Mar 19, 2024, 12:58 PM","","Triceps Pushdown",,"",1,"failure",60,5,,,
"Morning workout ☀️","Mar 19, 2024, 12:24 PM","Mar 19, 2024, 12:58 PM","","Triceps Pushdown",,"",2,"failure",44,6,,,
"Morning workout ☀️","Mar 19, 2024, 12:24 PM","Mar 19, 2024, 12:58 PM","","Triceps Pushdown",,"",3,"failure",44,8,,,
"Morning workout ☀️","Mar 19, 2024, 12:24 PM","Mar 19, 2024, 12:58 PM","","Decline Bench Press (Machine)",,"",0,"failure",80,7,,,
"Morning workout ☀️","Mar 19, 2024, 12:24 PM","Mar 19, 2024, 12:58 PM","","Decline Bench Press (Machine)",,"",1,"failure",70,8,,,
"Morning workout ☀️","Mar 19, 2024, 12:24 PM","Mar 19, 2024, 12:58 PM","","Bicep Curl (Cable)",,"",0,"failure",38.5,9,,,
"Morning workout ☀️","Mar 19, 2024, 12:24 PM","Mar 19, 2024, 12:58 PM","","Bicep Curl (Cable)",,"",1,"failure",38.5,6,,,
"Morning workout ☀️","Mar 19, 2024, 12:24 PM","Mar 19, 2024, 12:58 PM","","Bicep Curl (Cable)",,"",2,"failure",33,7,,,
"Morning workout ☀️","Mar 18, 2024, 8:07 AM","Mar 18, 2024, 8:40 AM","","Leg Press (Machine)",,"",0,"failure",230,12,,,
"Morning workout ☀️","Mar 18, 2024, 8:07 AM","Mar 18, 2024, 8:40 AM","","Leg Press (Machine)",,"",1,"failure",270,16,,,
"Morning workout ☀️","Mar 18, 2024, 8:07 AM","Mar 18, 2024, 8:40 AM","","Leg Press (Machine)",,"",2,"failure",320,13,,,
"Morning workout ☀️","Mar 18, 2024, 8:07 AM","Mar 18, 2024, 8:40 AM","","Calf Press (Machine)",,"",0,"failure",270,5,,,
"Morning workout ☀️","Mar 18, 2024, 8:07 AM","Mar 18, 2024, 8:40 AM","","Calf Press (Machine)",,"",1,"failure",180,15,,,
"Morning workout ☀️","Mar 18, 2024, 8:07 AM","Mar 18, 2024, 8:40 AM","","Hip Adduction (Machine)",,"",0,"failure",110,8,,,
"Morning workout ☀️","Mar 18, 2024, 8:07 AM","Mar 18, 2024, 8:40 AM","","Hip Adduction (Machine)",,"",1,"failure",100,9,,,
"Morning workout ☀️","Mar 18, 2024, 8:07 AM","Mar 18, 2024, 8:40 AM","","Hip Abduction (Machine)",,"",0,"failure",130,13,,,
"Morning workout ☀️","Mar 18, 2024, 8:07 AM","Mar 18, 2024, 8:40 AM","","Hip Abduction (Machine)",,"",1,"failure",140,7,,,
"Morning workout ☀️","Mar 18, 2024, 8:07 AM","Mar 18, 2024, 8:40 AM","","Lying Leg Curl (Machine)",,"",0,"failure",100,10,,,
"Morning workout ☀️","Mar 18, 2024, 8:07 AM","Mar 18, 2024, 8:40 AM","","Lying Leg Curl (Machine)",,"",1,"normal",90,8,,,
"Morning workout ☀️","Mar 18, 2024, 8:07 AM","Mar 18, 2024, 8:40 AM","","Leg Extension (Machine)",,"",0,"failure",140,10,,,
"Morning workout ☀️","Mar 18, 2024, 8:07 AM","Mar 18, 2024, 8:40 AM","","Leg Extension (Machine)",,"",1,"failure",130,10,,,
"Afternoon workout 💪","Mar 16, 2024, 5:23 PM","Mar 16, 2024, 6:23 PM","","Seated Shoulder Press (Machine)",,"",0,"warmup",70,8,,,
"Afternoon workout 💪","Mar 16, 2024, 5:23 PM","Mar 16, 2024, 6:23 PM","","Seated Shoulder Press (Machine)",,"",1,"warmup",80,8,,,
"Afternoon workout 💪","Mar 16, 2024, 5:23 PM","Mar 16, 2024, 6:23 PM","","Lat Pulldown (Machine)",,"",0,"failure",130,10,,,
"Afternoon workout 💪","Mar 16, 2024, 5:23 PM","Mar 16, 2024, 6:23 PM","","Lat Pulldown (Machine)",,"",1,"failure",120,8,,,
"Afternoon workout 💪","Mar 16, 2024, 5:23 PM","Mar 16, 2024, 6:23 PM","","Lat Pulldown (Machine)",,"",2,"failure",115,6,,,
"Afternoon workout 💪","Mar 16, 2024, 5:23 PM","Mar 16, 2024, 6:23 PM","","Shoulder Press (Dumbbell)",,"",0,"failure",27.5,9,,,
"Afternoon workout 💪","Mar 16, 2024, 5:23 PM","Mar 16, 2024, 6:23 PM","","Shoulder Press (Dumbbell)",,"",1,"failure",25,7,,,
"Afternoon workout 💪","Mar 16, 2024, 5:23 PM","Mar 16, 2024, 6:23 PM","","Shoulder Press (Dumbbell)",,"",2,"failure",25,10,,,
"Afternoon workout 💪","Mar 16, 2024, 5:23 PM","Mar 16, 2024, 6:23 PM","","Shoulder Press (Dumbbell)",,"",3,"failure",25,9,,,
"Afternoon workout 💪","Mar 16, 2024, 5:23 PM","Mar 16, 2024, 6:23 PM","","Seated Cable Row - V Grip (Cable)",,"",0,"failure",88,11,,,
"Afternoon workout 💪","Mar 16, 2024, 5:23 PM","Mar 16, 2024, 6:23 PM","","Seated Cable Row - V Grip (Cable)",,"",1,"failure",93,8,,,
"Afternoon workout 💪","Mar 16, 2024, 5:23 PM","Mar 16, 2024, 6:23 PM","","Rear Delt Reverse Fly (Machine)",,"",0,"failure",75,7,,,
"Afternoon workout 💪","Mar 16, 2024, 5:23 PM","Mar 16, 2024, 6:23 PM","","Rear Delt Reverse Fly (Machine)",,"",1,"failure",70,7,,,
"Afternoon workout 💪","Mar 16, 2024, 5:23 PM","Mar 16, 2024, 6:23 PM","","Lateral Raise (Dumbbell)",,"",0,"failure",15,9,,,
"Afternoon workout 💪","Mar 16, 2024, 5:23 PM","Mar 16, 2024, 6:23 PM","","Lateral Raise (Dumbbell)",,"",1,"failure",12.5,11,,,
"Afternoon workout 💪","Mar 16, 2024, 5:23 PM","Mar 16, 2024, 6:23 PM","","Lateral Raise (Dumbbell)",,"",2,"failure",12.5,6,,,
"Afternoon workout 💪","Mar 16, 2024, 5:23 PM","Mar 16, 2024, 6:23 PM","","Front Raise (Dumbbell)",,"",0,"failure",12.5,10,,,
"Afternoon workout 💪","Mar 16, 2024, 5:23 PM","Mar 16, 2024, 6:23 PM","","Front Raise (Dumbbell)",,"",1,"failure",15,4,,,
"Afternoon workout 💪","Mar 15, 2024, 4:03 PM","Mar 15, 2024, 4:55 PM","","Chest Press (Machine)",,"",0,"failure",110,10,,,
"Afternoon workout 💪","Mar 15, 2024, 4:03 PM","Mar 15, 2024, 4:55 PM","","Chest Press (Machine)",,"",1,"failure",100,8,,,
"Afternoon workout 💪","Mar 15, 2024, 4:03 PM","Mar 15, 2024, 4:55 PM","","Chest Press (Machine)",,"",2,"failure",90,12,,,
"Afternoon workout 💪","Mar 15, 2024, 4:03 PM","Mar 15, 2024, 4:55 PM","","Triceps Pushdown",,"",0,"failure",66,8,,,
"Afternoon workout 💪","Mar 15, 2024, 4:03 PM","Mar 15, 2024, 4:55 PM","","Triceps Pushdown",,"",1,"failure",55,9,,,
"Afternoon workout 💪","Mar 15, 2024, 4:03 PM","Mar 15, 2024, 4:55 PM","","Triceps Pushdown",,"",2,"failure",49,8,,,
"Afternoon workout 💪","Mar 15, 2024, 4:03 PM","Mar 15, 2024, 4:55 PM","","Butterfly (Pec Deck)",,"",0,"failure",90,9,,,
"Afternoon workout 💪","Mar 15, 2024, 4:03 PM","Mar 15, 2024, 4:55 PM","","Butterfly (Pec Deck)",,"",1,"failure",95,7,,,
"Afternoon workout 💪","Mar 15, 2024, 4:03 PM","Mar 15, 2024, 4:55 PM","","Butterfly (Pec Deck)",,"",2,"failure",85,8,,,
"Afternoon workout 💪","Mar 15, 2024, 4:03 PM","Mar 15, 2024, 4:55 PM","","Butterfly (Pec Deck)",,"",3,"failure",90,3,,,
"Afternoon workout 💪","Mar 15, 2024, 4:03 PM","Mar 15, 2024, 4:55 PM","","Preacher Curl (Machine)",,"Hammer Curl Position",0,"failure",50,5,,,
"Afternoon workout 💪","Mar 15, 2024, 4:03 PM","Mar 15, 2024, 4:55 PM","","Preacher Curl (Machine)",,"Hammer Curl Position",1,"failure",40,7,,,
"Afternoon workout 💪","Mar 15, 2024, 4:03 PM","Mar 15, 2024, 4:55 PM","","Preacher Curl (Machine)",,"Hammer Curl Position",2,"failure",40,6,,,
"Afternoon workout 💪","Mar 15, 2024, 4:03 PM","Mar 15, 2024, 4:55 PM","","Incline Bench Press (Dumbbell)",,"",0,"failure",35,5,,,
"Afternoon workout 💪","Mar 15, 2024, 4:03 PM","Mar 15, 2024, 4:55 PM","","Incline Bench Press (Dumbbell)",,"",1,"failure",27.5,12,,,
"Afternoon workout 💪","Mar 15, 2024, 4:03 PM","Mar 15, 2024, 4:55 PM","","Incline Bench Press (Dumbbell)",,"",2,"failure",25,8,,,
"Afternoon workout 💪","Mar 15, 2024, 4:03 PM","Mar 15, 2024, 4:55 PM","","Hex Press (Dumbbell)",,"",0,"failure",27.5,4,,,
"Afternoon workout 💪","Mar 15, 2024, 4:03 PM","Mar 15, 2024, 4:55 PM","","Hex Press (Dumbbell)",,"",1,"failure",25,5,,,
"Afternoon workout 💪","Mar 14, 2024, 2:35 PM","Mar 14, 2024, 3:15 PM","","Seated Row (Machine)",,"",0,"warmup",100,8,,,
"Afternoon workout 💪","Mar 14, 2024, 2:35 PM","Mar 14, 2024, 3:15 PM","","Seated Row (Machine)",,"",1,"failure",110,8,,,
"Afternoon workout 💪","Mar 14, 2024, 2:35 PM","Mar 14, 2024, 3:15 PM","","Lat Pulldown (Machine)",,"",0,"failure",120,8,,,
"Afternoon workout 💪","Mar 14, 2024, 2:35 PM","Mar 14, 2024, 3:15 PM","","Lat Pulldown (Machine)",,"",1,"failure",140,7,,,
"Afternoon workout 💪","Mar 14, 2024, 2:35 PM","Mar 14, 2024, 3:15 PM","","Rear Delt Reverse Fly (Machine)",,"",0,"failure",90,7,,,
"Afternoon workout 💪","Mar 14, 2024, 2:35 PM","Mar 14, 2024, 3:15 PM","","Rear Delt Reverse Fly (Machine)",,"",1,"failure",80,6,,,
"Afternoon workout 💪","Mar 14, 2024, 2:35 PM","Mar 14, 2024, 3:15 PM","","Lat Pulldown (Cable)",,"",0,"failure",110,8,,,
"Afternoon workout 💪","Mar 14, 2024, 2:35 PM","Mar 14, 2024, 3:15 PM","","Lat Pulldown (Cable)",,"",1,"failure",121,5,,,
"Afternoon workout 💪","Mar 14, 2024, 2:35 PM","Mar 14, 2024, 3:15 PM","","Lat Pulldown (Cable)",,"",2,"failure",99,8,,,
"Afternoon workout 💪","Mar 14, 2024, 2:35 PM","Mar 14, 2024, 3:15 PM","","Reverse Grip Lat Pulldown (Cable)",,"",0,"warmup",99,7,,,
"Afternoon workout 💪","Mar 14, 2024, 2:35 PM","Mar 14, 2024, 3:15 PM","","Reverse Grip Lat Pulldown (Cable)",,"",1,"failure",93,10,,,
"Afternoon workout 💪","Mar 14, 2024, 2:35 PM","Mar 14, 2024, 3:15 PM","","Seated Shoulder Press (Machine)",,"",0,"failure",75,13,,,
"Afternoon workout 💪","Mar 14, 2024, 2:35 PM","Mar 14, 2024, 3:15 PM","","Seated Shoulder Press (Machine)",,"",1,"failure",85,6,,,
"Afternoon workout 💪","Mar 14, 2024, 2:35 PM","Mar 14, 2024, 3:15 PM","","Seated Cable Row - V Grip (Cable)",,"",0,"failure",99,6,,,
"Afternoon workout 💪","Mar 14, 2024, 2:35 PM","Mar 14, 2024, 3:15 PM","","Seated Cable Row - V Grip (Cable)",,"",1,"failure",88,5,,,
"Afternoon workout 💪","Mar 14, 2024, 2:35 PM","Mar 14, 2024, 3:15 PM","","Seated Cable Row - V Grip (Cable)",,"",2,"failure",77,7,,,
"Afternoon workout 💪","Mar 14, 2024, 2:35 PM","Mar 14, 2024, 3:15 PM","","Deltoid Raise",,"",0,"failure",50,7,,,
"Afternoon workout 💪","Mar 14, 2024, 2:35 PM","Mar 14, 2024, 3:15 PM","","Deltoid Raise",,"",1,"failure",55,7,,,
"Afternoon workout 💪","Mar 12, 2024, 4:38 PM","Mar 12, 2024, 5:29 PM","","Preacher Curl (Machine)",,"",0,"warmup",40,8,,,
"Afternoon workout 💪","Mar 12, 2024, 4:38 PM","Mar 12, 2024, 5:29 PM","","Preacher Curl (Machine)",,"",1,"failure",55,8,,,
"Afternoon workout 💪","Mar 12, 2024, 4:38 PM","Mar 12, 2024, 5:29 PM","","Preacher Curl (Machine)",,"",2,"failure",50,7,,,
"Afternoon workout 💪","Mar 12, 2024, 4:38 PM","Mar 12, 2024, 5:29 PM","","Decline Bench Press (Machine)",,"",0,"failure",95,6,,,
"Afternoon workout 💪","Mar 12, 2024, 4:38 PM","Mar 12, 2024, 5:29 PM","","Decline Bench Press (Machine)",,"",1,"failure",80,9,,,
"Afternoon workout 💪","Mar 12, 2024, 4:38 PM","Mar 12, 2024, 5:29 PM","","Decline Bench Press (Machine)",,"",2,"failure",75,8,,,
"Afternoon workout 💪","Mar 12, 2024, 4:38 PM","Mar 12, 2024, 5:29 PM","","Triceps Pushdown",,"",0,"failure",55,11,,,
"Afternoon workout 💪","Mar 12, 2024, 4:38 PM","Mar 12, 2024, 5:29 PM","","Triceps Pushdown",,"",1,"failure",55,5,,,
"Afternoon workout 💪","Mar 12, 2024, 4:38 PM","Mar 12, 2024, 5:29 PM","","Triceps Pushdown",,"",2,"failure",49.5,7,,,
"Afternoon workout 💪","Mar 12, 2024, 4:38 PM","Mar 12, 2024, 5:29 PM","","Bicep Curl (Cable)",,"",0,"failure",44,7,,,
"Afternoon workout 💪","Mar 12, 2024, 4:38 PM","Mar 12, 2024, 5:29 PM","","Bicep Curl (Cable)",,"",1,"failure",38.5,7,,,
"Afternoon workout 💪","Mar 12, 2024, 4:38 PM","Mar 12, 2024, 5:29 PM","","Seated Triceps Press",,"",0,"failure",40,8,,,
"Afternoon workout 💪","Mar 12, 2024, 4:38 PM","Mar 12, 2024, 5:29 PM","","Seated Triceps Press",,"",1,"failure",45,6,,,
"Afternoon workout 💪","Mar 12, 2024, 4:38 PM","Mar 12, 2024, 5:29 PM","","Bicep Curl (Dumbbell)",,"",0,"failure",25,8,,,
"Afternoon workout 💪","Mar 12, 2024, 4:38 PM","Mar 12, 2024, 5:29 PM","","Hammer Curl (Dumbbell)",,"",0,"failure",22.5,7,,,
"Afternoon workout 💪","Mar 12, 2024, 4:38 PM","Mar 12, 2024, 5:29 PM","","Spinning",,"",0,"normal",,,,600,
"Evening workout 🏋️","Mar 11, 2024, 7:34 PM","Mar 11, 2024, 8:42 PM","","Hip Abduction (Machine)",,"",0,"failure",120,12,,,
"Evening workout 🏋️","Mar 11, 2024, 7:34 PM","Mar 11, 2024, 8:42 PM","","Hip Abduction (Machine)",,"",1,"failure",130,11,,,
"Evening workout 🏋️","Mar 11, 2024, 7:34 PM","Mar 11, 2024, 8:42 PM","","Hip Abduction (Machine)",,"",2,"failure",140,8,,,
"Evening workout 🏋️","Mar 11, 2024, 7:34 PM","Mar 11, 2024, 8:42 PM","","Hip Adduction (Machine)",,"",0,"failure",110,12,,,
"Evening workout 🏋️","Mar 11, 2024, 7:34 PM","Mar 11, 2024, 8:42 PM","","Hip Adduction (Machine)",,"",1,"failure",100,8,,,
"Evening workout 🏋️","Mar 11, 2024, 7:34 PM","Mar 11, 2024, 8:42 PM","","Leg Extension (Machine)",,"",0,"failure",140,14,,,
"Evening workout 🏋️","Mar 11, 2024, 7:34 PM","Mar 11, 2024, 8:42 PM","","Leg Extension (Machine)",,"",1,"failure",160,11,,,
"Evening workout 🏋️","Mar 11, 2024, 7:34 PM","Mar 11, 2024, 8:42 PM","","Lying Leg Curl (Machine)",,"",0,"failure",100,10,,,
"Evening workout 🏋️","Mar 11, 2024, 7:34 PM","Mar 11, 2024, 8:42 PM","","Lying Leg Curl (Machine)",,"",1,"failure",90,8,,,
"Evening workout 🏋️","Mar 11, 2024, 7:34 PM","Mar 11, 2024, 8:42 PM","","Lying Leg Curl (Machine)",,"",2,"failure",80,7,,,
"Evening workout 🏋️","Mar 11, 2024, 7:34 PM","Mar 11, 2024, 8:42 PM","","Running",,"",0,"failure",,,1,820,
"Afternoon workout 💪","Mar 9, 2024, 4:05 PM","Mar 9, 2024, 4:35 PM","","Deltoid Raise",,"",0,"failure",60,9,,,
"Afternoon workout 💪","Mar 9, 2024, 4:05 PM","Mar 9, 2024, 4:35 PM","","Deltoid Raise",,"",1,"failure",70,9,,,
"Afternoon workout 💪","Mar 9, 2024, 4:05 PM","Mar 9, 2024, 4:35 PM","","Deltoid Raise",,"",2,"failure",60,9,,,
"Afternoon workout 💪","Mar 9, 2024, 4:05 PM","Mar 9, 2024, 4:35 PM","","Shoulder Press (Dumbbell)",,"",0,"failure",30,8,,,
"Afternoon workout 💪","Mar 9, 2024, 4:05 PM","Mar 9, 2024, 4:35 PM","","Arnold Press (Dumbbell)",,"",0,"failure",27.5,5,,,
"Afternoon workout 💪","Mar 9, 2024, 4:05 PM","Mar 9, 2024, 4:35 PM","","Arnold Press (Dumbbell)",,"",1,"failure",27.5,4,,,
"Afternoon workout 💪","Mar 9, 2024, 4:05 PM","Mar 9, 2024, 4:35 PM","","Lateral Raise (Dumbbell)",,"",0,"failure",15,9,,,
"Afternoon workout 💪","Mar 9, 2024, 4:05 PM","Mar 9, 2024, 4:35 PM","","Lateral Raise (Dumbbell)",,"",1,"failure",12.5,9,,,
"Afternoon workout 💪","Mar 9, 2024, 4:05 PM","Mar 9, 2024, 4:35 PM","","Lateral Raise (Dumbbell)",,"",2,"failure",12.5,8,,,
"Afternoon workout 💪","Mar 9, 2024, 4:05 PM","Mar 9, 2024, 4:35 PM","","Rear Delt Reverse Fly (Machine)",,"",0,"failure",70,9,,,
"Afternoon workout 💪","Mar 9, 2024, 4:05 PM","Mar 9, 2024, 4:35 PM","","Rear Delt Reverse Fly (Machine)",,"",1,"failure",80,6,,,
"Afternoon workout 💪","Mar 9, 2024, 4:05 PM","Mar 9, 2024, 4:35 PM","","Rear Delt Reverse Fly (Machine)",,"",2,"failure",70,9,,,
"Afternoon workout 💪","Mar 9, 2024, 4:05 PM","Mar 9, 2024, 4:35 PM","","Seated Row (Machine)",,"",0,"failure",110,7,,,
"Afternoon workout 💪","Mar 9, 2024, 4:05 PM","Mar 9, 2024, 4:35 PM","","Seated Row (Machine)",,"",1,"failure",100,7,,,
"Afternoon workout 💪","Mar 7, 2024, 3:27 PM","Mar 7, 2024, 4:18 PM","","Incline Bench Press (Dumbbell)",,"",0,"failure",30,11,,,
"Afternoon workout 💪","Mar 7, 2024, 3:27 PM","Mar 7, 2024, 4:18 PM","","Incline Bench Press (Dumbbell)",,"",1,"failure",35,9,,,
"Afternoon workout 💪","Mar 7, 2024, 3:27 PM","Mar 7, 2024, 4:18 PM","","Incline Bench Press (Dumbbell)",,"",2,"failure",35,8,,,
"Afternoon workout 💪","Mar 7, 2024, 3:27 PM","Mar 7, 2024, 4:18 PM","","Hex Press (Dumbbell)",,"",0,"failure",27.5,10,,,
"Afternoon workout 💪","Mar 7, 2024, 3:27 PM","Mar 7, 2024, 4:18 PM","","Hex Press (Dumbbell)",,"",1,"failure",27.5,8,,,
"Afternoon workout 💪","Mar 7, 2024, 3:27 PM","Mar 7, 2024, 4:18 PM","","Preacher Curl (Machine)",,"",0,"failure",50,9,,,
"Afternoon workout 💪","Mar 7, 2024, 3:27 PM","Mar 7, 2024, 4:18 PM","","Preacher Curl (Machine)",,"",1,"failure",40,10,,,
"Afternoon workout 💪","Mar 7, 2024, 3:27 PM","Mar 7, 2024, 4:18 PM","","Low Cable Fly Crossovers",,"",0,"failure",17,10,,,
"Afternoon workout 💪","Mar 7, 2024, 3:27 PM","Mar 7, 2024, 4:18 PM","","Low Cable Fly Crossovers",,"",1,"failure",17,7,,,
"Afternoon workout 💪","Mar 7, 2024, 3:27 PM","Mar 7, 2024, 4:18 PM","","Low Cable Fly Crossovers",,"",2,"failure",13,7,,,
"Afternoon workout 💪","Mar 7, 2024, 3:27 PM","Mar 7, 2024, 4:18 PM","","Triceps Rope Pushdown",,"",0,"failure",33,11,,,
"Afternoon workout 💪","Mar 7, 2024, 3:27 PM","Mar 7, 2024, 4:18 PM","","Triceps Rope Pushdown",,"",1,"failure",33,9,,,
"Afternoon workout 💪","Mar 7, 2024, 3:27 PM","Mar 7, 2024, 4:18 PM","","Triceps Rope Pushdown",,"",2,"failure",33,6,,,
"Afternoon workout 💪","Mar 7, 2024, 3:27 PM","Mar 7, 2024, 4:18 PM","","Butterfly (Pec Deck)",,"",0,"failure",100,10,,,
"Afternoon workout 💪","Mar 7, 2024, 3:27 PM","Mar 7, 2024, 4:18 PM","","Butterfly (Pec Deck)",,"",1,"failure",90,6,,,
"Afternoon workout 💪","Mar 7, 2024, 3:27 PM","Mar 7, 2024, 4:18 PM","","Butterfly (Pec Deck)",,"",2,"failure",90,4,,,
"Afternoon workout 💪","Mar 7, 2024, 3:27 PM","Mar 7, 2024, 4:18 PM","","Running",,"",0,"normal",,,1,750,
"Afternoon workout 💪","Mar 5, 2024, 2:11 PM","Mar 5, 2024, 3:02 PM","","Deltoid Raise",,"",0,"failure",60,10,,,
"Afternoon workout 💪","Mar 5, 2024, 2:11 PM","Mar 5, 2024, 3:02 PM","","Deltoid Raise",,"",1,"failure",70,7,,,
"Afternoon workout 💪","Mar 5, 2024, 2:11 PM","Mar 5, 2024, 3:02 PM","","Seated Row (Machine)",,"",0,"failure",100,11,,,
"Afternoon workout 💪","Mar 5, 2024, 2:11 PM","Mar 5, 2024, 3:02 PM","","Seated Row (Machine)",,"",1,"failure",110,6,,,
"Afternoon workout 💪","Mar 5, 2024, 2:11 PM","Mar 5, 2024, 3:02 PM","","Lat Pulldown (Cable)",,"",0,"failure",110,10,,,
"Afternoon workout 💪","Mar 5, 2024, 2:11 PM","Mar 5, 2024, 3:02 PM","","Lat Pulldown (Cable)",,"",1,"failure",115,5,,,
"Afternoon workout 💪","Mar 5, 2024, 2:11 PM","Mar 5, 2024, 3:02 PM","","Reverse Grip Lat Pulldown (Cable)",,"",0,"failure",110,7,,,
"Afternoon workout 💪","Mar 5, 2024, 2:11 PM","Mar 5, 2024, 3:02 PM","","Reverse Grip Lat Pulldown (Cable)",,"",1,"failure",99,8,,,
"Afternoon workout 💪","Mar 5, 2024, 2:11 PM","Mar 5, 2024, 3:02 PM","","Reverse Grip Lat Pulldown (Cable)",,"",2,"failure",99,6,,,
"Afternoon workout 💪","Mar 5, 2024, 2:11 PM","Mar 5, 2024, 3:02 PM","","Lateral Raise (Dumbbell)",,"",0,"failure",15,8,,,
"Afternoon workout 💪","Mar 5, 2024, 2:11 PM","Mar 5, 2024, 3:02 PM","","Lateral Raise (Dumbbell)",,"",1,"failure",12.5,9,,,
"Afternoon workout 💪","Mar 5, 2024, 2:11 PM","Mar 5, 2024, 3:02 PM","","Lateral Raise (Dumbbell)",,"",2,"failure",12.5,8,,,
"Afternoon workout 💪","Mar 5, 2024, 2:11 PM","Mar 5, 2024, 3:02 PM","","Seated Cable Row - Bar Wide Grip",,"",0,"failure",77,7,,,
"Afternoon workout 💪","Mar 5, 2024, 2:11 PM","Mar 5, 2024, 3:02 PM","","Seated Cable Row - Bar Wide Grip",,"",1,"failure",71,7,,,
"Afternoon workout 💪","Mar 5, 2024, 2:11 PM","Mar 5, 2024, 3:02 PM","","Running",,"",0,"failure",,,1.1,720,
"Afternoon workout 💪","Mar 4, 2024, 4:16 PM","Mar 4, 2024, 4:53 PM","","Butterfly (Pec Deck)",,"",0,"failure",100,8,,,
"Afternoon workout 💪","Mar 4, 2024, 4:16 PM","Mar 4, 2024, 4:53 PM","","Butterfly (Pec Deck)",,"",1,"failure",90,8,,,
"Afternoon workout 💪","Mar 4, 2024, 4:16 PM","Mar 4, 2024, 4:53 PM","","Butterfly (Pec Deck)",,"",2,"failure",90,8,,,
"Afternoon workout 💪","Mar 4, 2024, 4:16 PM","Mar 4, 2024, 4:53 PM","","Triceps Pushdown",,"",0,"failure",55,10,,,
"Afternoon workout 💪","Mar 4, 2024, 4:16 PM","Mar 4, 2024, 4:53 PM","","Triceps Pushdown",,"",1,"failure",66,6,,,
"Afternoon workout 💪","Mar 4, 2024, 4:16 PM","Mar 4, 2024, 4:53 PM","","Triceps Pushdown",,"",2,"failure",60,6,,,
"Afternoon workout 💪","Mar 4, 2024, 4:16 PM","Mar 4, 2024, 4:53 PM","","Preacher Curl (Barbell)",,"",0,"failure",40,5,,,
"Afternoon workout 💪","Mar 4, 2024, 4:16 PM","Mar 4, 2024, 4:53 PM","","Preacher Curl (Barbell)",,"",1,"failure",40,6,,,
"Afternoon workout 💪","Mar 4, 2024, 4:16 PM","Mar 4, 2024, 4:53 PM","","Preacher Curl (Barbell)",,"",2,"failure",30,12,,,
"Afternoon workout 💪","Mar 4, 2024, 4:16 PM","Mar 4, 2024, 4:53 PM","","Bicep Curl (Machine)",,"",0,"failure",80,8,,,
"Afternoon workout 💪","Mar 4, 2024, 4:16 PM","Mar 4, 2024, 4:53 PM","","Bicep Curl (Machine)",,"",1,"failure",70,8,,,
"Afternoon workout 💪","Mar 4, 2024, 4:16 PM","Mar 4, 2024, 4:53 PM","","Bicep Curl (Cable)",,"",0,"failure",33,6,,,
"Afternoon workout 💪","Mar 4, 2024, 4:16 PM","Mar 4, 2024, 4:53 PM","","Bicep Curl (Cable)",,"",1,"failure",33,5,,,
"Afternoon workout 💪","Mar 4, 2024, 4:16 PM","Mar 4, 2024, 4:53 PM","","Chest Press (Machine)",,"",0,"failure",90,8,,,
"Afternoon workout 💪","Mar 4, 2024, 4:16 PM","Mar 4, 2024, 4:53 PM","","Chest Press (Machine)",,"",1,"failure",85,7,,,
"Evening workout 🏋️","Mar 3, 2024, 7:10 PM","Mar 3, 2024, 8:01 PM","","Standing Calf Raise (Machine)",,"",0,"failure",90,10,,,
"Evening workout 🏋️","Mar 3, 2024, 7:10 PM","Mar 3, 2024, 8:01 PM","","Standing Calf Raise (Machine)",,"",1,"failure",90,8,,,
"Evening workout 🏋️","Mar 3, 2024, 7:10 PM","Mar 3, 2024, 8:01 PM","","Leg Extension (Machine)",,"",0,"failure",130,9,,,
"Evening workout 🏋️","Mar 3, 2024, 7:10 PM","Mar 3, 2024, 8:01 PM","","Leg Extension (Machine)",,"",1,"failure",150,8,,,
"Evening workout 🏋️","Mar 3, 2024, 7:10 PM","Mar 3, 2024, 8:01 PM","","Leg Extension (Machine)",,"",2,"failure",140,9,,,
"Evening workout 🏋️","Mar 3, 2024, 7:10 PM","Mar 3, 2024, 8:01 PM","","Lying Leg Curl (Machine)",,"",0,"failure",90,9,,,
"Evening workout 🏋️","Mar 3, 2024, 7:10 PM","Mar 3, 2024, 8:01 PM","","Lying Leg Curl (Machine)",,"",1,"failure",90,7,,,
"Evening workout 🏋️","Mar 3, 2024, 7:10 PM","Mar 3, 2024, 8:01 PM","","Lying Leg Curl (Machine)",,"",2,"failure",80,7,,,
"Evening workout 🏋️","Mar 3, 2024, 7:10 PM","Mar 3, 2024, 8:01 PM","","Leg Press Horizontal (Machine)",,"",0,"failure",240,14,,,
"Evening workout 🏋️","Mar 3, 2024, 7:10 PM","Mar 3, 2024, 8:01 PM","","Leg Press Horizontal (Machine)",,"",1,"failure",260,9,,,
"Evening workout 🏋️","Mar 3, 2024, 7:10 PM","Mar 3, 2024, 8:01 PM","","Calf Extension (Machine)",,"",0,"failure",200,12,,,
"Evening workout 🏋️","Mar 3, 2024, 7:10 PM","Mar 3, 2024, 8:01 PM","","Calf Extension (Machine)",,"",1,"failure",220,8,,,
"Evening workout 🏋️","Mar 3, 2024, 7:10 PM","Mar 3, 2024, 8:01 PM","","Spinning",,"",0,"normal",,,,720,
"Afternoon workout 💪","Mar 2, 2024, 2:58 PM","Mar 2, 2024, 3:37 PM","","Seated Shoulder Press (Machine)",,"",0,"failure",70,12,,,
"Afternoon workout 💪","Mar 2, 2024, 2:58 PM","Mar 2, 2024, 3:37 PM","","Seated Shoulder Press (Machine)",,"",1,"failure",85,7,,,
"Afternoon workout 💪","Mar 2, 2024, 2:58 PM","Mar 2, 2024, 3:37 PM","","Lat Pulldown (Machine)",,"",0,"failure",120,9,,,
"Afternoon workout 💪","Mar 2, 2024, 2:58 PM","Mar 2, 2024, 3:37 PM","","Lat Pulldown (Machine)",,"",1,"failure",130,7,,,
"Afternoon workout 💪","Mar 2, 2024, 2:58 PM","Mar 2, 2024, 3:37 PM","","Lat Pulldown (Machine)",,"",2,"failure",120,6,,,
"Afternoon workout 💪","Mar 2, 2024, 2:58 PM","Mar 2, 2024, 3:37 PM","","Seated Cable Row - V Grip (Cable)",,"",0,"failure",99,8,,,
"Afternoon workout 💪","Mar 2, 2024, 2:58 PM","Mar 2, 2024, 3:37 PM","","Seated Cable Row - V Grip (Cable)",,"",1,"failure",99,5,,,
"Afternoon workout 💪","Mar 2, 2024, 2:58 PM","Mar 2, 2024, 3:37 PM","","Shoulder Press (Dumbbell)",,"",0,"failure",30,8,,,
"Afternoon workout 💪","Mar 2, 2024, 2:58 PM","Mar 2, 2024, 3:37 PM","","Shoulder Press (Dumbbell)",,"",1,"failure",30,8,,,
"Afternoon workout 💪","Mar 2, 2024, 2:58 PM","Mar 2, 2024, 3:37 PM","","Shoulder Press (Dumbbell)",,"",2,"failure",27.5,8,,,
"Afternoon workout 💪","Mar 2, 2024, 2:58 PM","Mar 2, 2024, 3:37 PM","","Rear Delt Reverse Fly (Machine)",,"",0,"failure",90,5,,,
"Afternoon workout 💪","Mar 2, 2024, 2:58 PM","Mar 2, 2024, 3:37 PM","","Rear Delt Reverse Fly (Machine)",,"",1,"failure",80,7,,,
"Afternoon workout 💪","Mar 2, 2024, 2:58 PM","Mar 2, 2024, 3:37 PM","","Lateral Raise (Dumbbell)",,"",0,"failure",17.5,7,,,
"Afternoon workout 💪","Mar 2, 2024, 2:58 PM","Mar 2, 2024, 3:37 PM","","Lateral Raise (Dumbbell)",,"",1,"failure",15,5,,,
"Afternoon workout 💪","Mar 2, 2024, 2:58 PM","Mar 2, 2024, 3:37 PM","","Lateral Raise (Dumbbell)",,"",2,"failure",12,7,,,
"Afternoon workout 💪","Mar 2, 2024, 2:58 PM","Mar 2, 2024, 3:37 PM","","Front Lat Raise",,"",0,"failure",15,6,,,
"Afternoon workout 💪","Mar 2, 2024, 2:58 PM","Mar 2, 2024, 3:37 PM","","Front Lat Raise",,"",1,"failure",12.5,7,,,
"Afternoon workout 💪","Feb 28, 2024, 1:19 PM","Feb 28, 2024, 1:59 PM","","Butterfly (Pec Deck)",,"",0,"failure",90,11,,,
"Afternoon workout 💪","Feb 28, 2024, 1:19 PM","Feb 28, 2024, 1:59 PM","","Butterfly (Pec Deck)",,"",1,"failure",100,7,,,
"Afternoon workout 💪","Feb 28, 2024, 1:19 PM","Feb 28, 2024, 1:59 PM","","Preacher Curl (Machine)",,"",0,"failure",50,9,,,
"Afternoon workout 💪","Feb 28, 2024, 1:19 PM","Feb 28, 2024, 1:59 PM","","Preacher Curl (Machine)",,"",1,"failure",45,5,,,
"Afternoon workout 💪","Feb 28, 2024, 1:19 PM","Feb 28, 2024, 1:59 PM","","Seated Triceps Press",,"",0,"failure",50,8,,,
"Afternoon workout 💪","Feb 28, 2024, 1:19 PM","Feb 28, 2024, 1:59 PM","","Seated Triceps Press",,"",1,"failure",45,8,,,
"Afternoon workout 💪","Feb 28, 2024, 1:19 PM","Feb 28, 2024, 1:59 PM","","Bicep Curl (Dumbbell)",,"",0,"failure",25,8,,,
"Afternoon workout 💪","Feb 28, 2024, 1:19 PM","Feb 28, 2024, 1:59 PM","","Bicep Curl (Dumbbell)",,"",1,"failure",25,5,,,
"Afternoon workout 💪","Feb 28, 2024, 1:19 PM","Feb 28, 2024, 1:59 PM","","Bench Press (Dumbbell)",,"",0,"failure",25,12,,,
"Afternoon workout 💪","Feb 28, 2024, 1:19 PM","Feb 28, 2024, 1:59 PM","","Bench Press (Dumbbell)",,"",1,"failure",30,9,,,
"Afternoon workout 💪","Feb 26, 2024, 3:13 PM","Feb 26, 2024, 3:58 PM","","Hip Adduction (Machine)",,"",0,"warmup",100,9,,,
"Afternoon workout 💪","Feb 26, 2024, 3:13 PM","Feb 26, 2024, 3:58 PM","","Hip Adduction (Machine)",,"",1,"failure",120,14,,,
"Afternoon workout 💪","Feb 26, 2024, 3:13 PM","Feb 26, 2024, 3:58 PM","","Hip Adduction (Machine)",,"",2,"failure",140,10,,,
"Afternoon workout 💪","Feb 26, 2024, 3:13 PM","Feb 26, 2024, 3:58 PM","","Seated Leg Curl (Machine)",,"",0,"warmup",80,8,,,
"Afternoon workout 💪","Feb 26, 2024, 3:13 PM","Feb 26, 2024, 3:58 PM","","Seated Leg Curl (Machine)",,"",1,"failure",90,7,,,
"Afternoon workout 💪","Feb 26, 2024, 3:13 PM","Feb 26, 2024, 3:58 PM","","Seated Leg Curl (Machine)",,"",2,"failure",80,8,,,
"Afternoon workout 💪","Feb 26, 2024, 3:13 PM","Feb 26, 2024, 3:58 PM","","Leg Extension (Machine)",,"",0,"warmup",120,8,,,
"Afternoon workout 💪","Feb 26, 2024, 3:13 PM","Feb 26, 2024, 3:58 PM","","Leg Extension (Machine)",,"",1,"failure",135,10,,,
"Afternoon workout 💪","Feb 26, 2024, 3:13 PM","Feb 26, 2024, 3:58 PM","","Leg Extension (Machine)",,"",2,"failure",145,9,,,
"Afternoon workout 💪","Feb 26, 2024, 3:13 PM","Feb 26, 2024, 3:58 PM","","Squat (Barbell)",,"",0,"warmup",50,7,,,
"Afternoon workout 💪","Feb 26, 2024, 3:13 PM","Feb 26, 2024, 3:58 PM","","Standing Calf Raise (Machine)",,"",0,"failure",100,6,,,
"Afternoon workout 💪","Feb 26, 2024, 3:13 PM","Feb 26, 2024, 3:58 PM","","Standing Calf Raise (Machine)",,"",1,"failure",85,9,,,
"Afternoon workout 💪","Feb 26, 2024, 3:13 PM","Feb 26, 2024, 3:58 PM","","Leg Press Horizontal (Machine)",,"",0,"warmup",240,8,,,
"Afternoon workout 💪","Feb 26, 2024, 3:13 PM","Feb 26, 2024, 3:58 PM","","Leg Press Horizontal (Machine)",,"",1,"failure",200,15,,,
"Afternoon workout 💪","Feb 23, 2024, 3:12 PM","Feb 23, 2024, 3:46 PM","","Seated Shoulder Press (Machine)",,"",0,"warmup",75,7,,,
"Afternoon workout 💪","Feb 23, 2024, 3:12 PM","Feb 23, 2024, 3:46 PM","","Seated Shoulder Press (Machine)",,"",1,"failure",70,8,,,
"Afternoon workout 💪","Feb 23, 2024, 3:12 PM","Feb 23, 2024, 3:46 PM","","Seated Shoulder Press (Machine)",,"",2,"failure",75,5,,,
"Afternoon workout 💪","Feb 23, 2024, 3:12 PM","Feb 23, 2024, 3:46 PM","","Seated Row (Machine)",,"",0,"warmup",90,10,,,
"Afternoon workout 💪","Feb 23, 2024, 3:12 PM","Feb 23, 2024, 3:46 PM","","Seated Row (Machine)",,"",1,"failure",100,9,,,
"Afternoon workout 💪","Feb 23, 2024, 3:12 PM","Feb 23, 2024, 3:46 PM","","Deltoid Raise",,"",0,"warmup",50,9,,,
"Afternoon workout 💪","Feb 23, 2024, 3:12 PM","Feb 23, 2024, 3:46 PM","","Deltoid Raise",,"",1,"failure",60,8,,,
"Afternoon workout 💪","Feb 23, 2024, 3:12 PM","Feb 23, 2024, 3:46 PM","","Rear Delt Reverse Fly (Machine)",,"",0,"warmup",80,8,,,
"Afternoon workout 💪","Feb 23, 2024, 3:12 PM","Feb 23, 2024, 3:46 PM","","Rear Delt Reverse Fly (Machine)",,"",1,"failure",85,6,,,
"Afternoon workout 💪","Feb 23, 2024, 3:12 PM","Feb 23, 2024, 3:46 PM","","Shoulder Press (Dumbbell)",,"",0,"failure",25,9,,,
"Afternoon workout 💪","Feb 23, 2024, 3:12 PM","Feb 23, 2024, 3:46 PM","","Shoulder Press (Dumbbell)",,"",1,"failure",27.5,8,,,
"Afternoon workout 💪","Feb 23, 2024, 3:12 PM","Feb 23, 2024, 3:46 PM","","Arnold Press (Dumbbell)",,"",0,"failure",27.5,4,,,
"Afternoon workout 💪","Feb 23, 2024, 3:12 PM","Feb 23, 2024, 3:46 PM","","Lateral Raise (Dumbbell)",,"",0,"failure",15,8,,,
"Afternoon workout 💪","Feb 23, 2024, 3:12 PM","Feb 23, 2024, 3:46 PM","","Lateral Raise (Dumbbell)",,"",1,"failure",12.5,8,,,
"Morning workout ☀️","Feb 21, 2024, 12:02 PM","Feb 21, 2024, 12:45 PM","","Butterfly (Pec Deck)",,"",0,"failure",90,8,,,
"Morning workout ☀️","Feb 21, 2024, 12:02 PM","Feb 21, 2024, 12:45 PM","","Butterfly (Pec Deck)",,"",1,"failure",90,6,,,
"Morning workout ☀️","Feb 21, 2024, 12:02 PM","Feb 21, 2024, 12:45 PM","","Butterfly (Pec Deck)",,"",2,"failure",100,4,,,
"Morning workout ☀️","Feb 21, 2024, 12:02 PM","Feb 21, 2024, 12:45 PM","","Butterfly (Pec Deck)",,"",3,"failure",90,7,,,
"Morning workout ☀️","Feb 21, 2024, 12:02 PM","Feb 21, 2024, 12:45 PM","","Butterfly (Pec Deck)",,"",4,"failure",90,4,,,
"Morning workout ☀️","Feb 21, 2024, 12:02 PM","Feb 21, 2024, 12:45 PM","","Seated Triceps Press",,"",0,"failure",50,7,,,
"Morning workout ☀️","Feb 21, 2024, 12:02 PM","Feb 21, 2024, 12:45 PM","","Seated Triceps Press",,"",1,"failure",45,5,,,
"Morning workout ☀️","Feb 21, 2024, 12:02 PM","Feb 21, 2024, 12:45 PM","","Decline Bench Press (Machine)",,"",0,"failure",70,5,,,
"Morning workout ☀️","Feb 21, 2024, 12:02 PM","Feb 21, 2024, 12:45 PM","","Decline Bench Press (Machine)",,"",1,"failure",70,6,,,
"Morning workout ☀️","Feb 21, 2024, 12:02 PM","Feb 21, 2024, 12:45 PM","","Bench Press (Dumbbell)",,"",0,"failure",27.5,10,,,
"Morning workout ☀️","Feb 21, 2024, 12:02 PM","Feb 21, 2024, 12:45 PM","","Bench Press (Dumbbell)",,"",1,"failure",30,8,,,
"Morning workout ☀️","Feb 21, 2024, 12:02 PM","Feb 21, 2024, 12:45 PM","","Bench Press (Dumbbell)",,"",2,"failure",30,8,,,
"Morning workout ☀️","Feb 21, 2024, 12:02 PM","Feb 21, 2024, 12:45 PM","","Hex Press (Dumbbell)",,"",0,"failure",30,7,,,
"Morning workout ☀️","Feb 21, 2024, 12:02 PM","Feb 21, 2024, 12:45 PM","","Hex Press (Dumbbell)",,"",1,"failure",30,7,,,
"Morning workout ☀️","Feb 21, 2024, 12:02 PM","Feb 21, 2024, 12:45 PM","","Bicep Curl (Cable)",,"",0,"failure",38.5,8,,,
"Morning workout ☀️","Feb 21, 2024, 12:02 PM","Feb 21, 2024, 12:45 PM","","Bicep Curl (Cable)",,"",1,"failure",33,7,,,
"Morning workout ☀️","Feb 21, 2024, 12:02 PM","Feb 21, 2024, 12:45 PM","","Triceps Pushdown",,"",0,"failure",44,8,,,
"Afternoon workout 💪","Feb 20, 2024, 3:44 PM","Feb 20, 2024, 4:24 PM","","Seated Row (Machine)",,"",0,"failure",90,11,,,
"Afternoon workout 💪","Feb 20, 2024, 3:44 PM","Feb 20, 2024, 4:24 PM","","Seated Row (Machine)",,"",1,"failure",100,8,,,
"Afternoon workout 💪","Feb 20, 2024, 3:44 PM","Feb 20, 2024, 4:24 PM","","Seated Row (Machine)",,"",2,"failure",105,7,,,
"Afternoon workout 💪","Feb 20, 2024, 3:44 PM","Feb 20, 2024, 4:24 PM","","Lat Pulldown (Machine)",,"",0,"failure",120,8,,,
"Afternoon workout 💪","Feb 20, 2024, 3:44 PM","Feb 20, 2024, 4:24 PM","","Lat Pulldown (Machine)",,"",1,"failure",125,7,,,
"Afternoon workout 💪","Feb 20, 2024, 3:44 PM","Feb 20, 2024, 4:24 PM","","Lat Pulldown (Machine)",,"",2,"failure",110,7,,,
"Afternoon workout 💪","Feb 20, 2024, 3:44 PM","Feb 20, 2024, 4:24 PM","","Seated Shoulder Press (Machine)",,"",0,"warmup",65,10,,,
"Afternoon workout 💪","Feb 20, 2024, 3:44 PM","Feb 20, 2024, 4:24 PM","","Seated Shoulder Press (Machine)",,"",1,"failure",70,9,,,
"Afternoon workout 💪","Feb 20, 2024, 3:44 PM","Feb 20, 2024, 4:24 PM","","Seated Shoulder Press (Machine)",,"",2,"failure",80,6,,,
"Afternoon workout 💪","Feb 20, 2024, 3:44 PM","Feb 20, 2024, 4:24 PM","","Lat Pulldown (Cable)",,"",0,"failure",99,11,,,
"Afternoon workout 💪","Feb 20, 2024, 3:44 PM","Feb 20, 2024, 4:24 PM","","Lat Pulldown (Cable)",,"",1,"failure",110,4,,,
"Afternoon workout 💪","Feb 20, 2024, 3:44 PM","Feb 20, 2024, 4:24 PM","","Reverse Grip Lat Pulldown (Cable)",,"",0,"failure",99,8,,,
"Afternoon workout 💪","Feb 20, 2024, 3:44 PM","Feb 20, 2024, 4:24 PM","","Reverse Grip Lat Pulldown (Cable)",,"",1,"failure",99,6,,,
"Afternoon workout 💪","Feb 20, 2024, 3:44 PM","Feb 20, 2024, 4:24 PM","","Rear Delt Reverse Fly (Machine)",,"",0,"failure",80,5,,,
"Afternoon workout 💪","Feb 20, 2024, 3:44 PM","Feb 20, 2024, 4:24 PM","","Rear Delt Reverse Fly (Machine)",,"",1,"failure",70,4,,,
"Afternoon workout 💪","Feb 17, 2024, 4:52 PM","Feb 17, 2024, 5:33 PM","","Decline Bench Press (Machine)",,"",0,"warmup",80,8,,,
"Afternoon workout 💪","Feb 17, 2024, 4:52 PM","Feb 17, 2024, 5:33 PM","","Decline Bench Press (Machine)",,"",1,"failure",85,7,,,
"Afternoon workout 💪","Feb 17, 2024, 4:52 PM","Feb 17, 2024, 5:33 PM","","Decline Bench Press (Machine)",,"",2,"failure",85,6,,,
"Afternoon workout 💪","Feb 17, 2024, 4:52 PM","Feb 17, 2024, 5:33 PM","","Bicep Curl (Machine)",,"",0,"warmup",75,8,,,
"Afternoon workout 💪","Feb 17, 2024, 4:52 PM","Feb 17, 2024, 5:33 PM","","Bicep Curl (Machine)",,"",1,"failure",80,9,,,
"Afternoon workout 💪","Feb 17, 2024, 4:52 PM","Feb 17, 2024, 5:33 PM","","Bicep Curl (Machine)",,"",2,"failure",85,8,,,
"Afternoon workout 💪","Feb 17, 2024, 4:52 PM","Feb 17, 2024, 5:33 PM","","Seated Triceps Press",,"",0,"warmup",45,8,,,
"Afternoon workout 💪","Feb 17, 2024, 4:52 PM","Feb 17, 2024, 5:33 PM","","Seated Triceps Press",,"",1,"failure",50,7,,,
"Afternoon workout 💪","Feb 17, 2024, 4:52 PM","Feb 17, 2024, 5:33 PM","","Seated Triceps Press",,"",2,"failure",50,6,,,
"Afternoon workout 💪","Feb 17, 2024, 4:52 PM","Feb 17, 2024, 5:33 PM","","Triceps Pushdown",,"",0,"failure",55,9,,,
"Afternoon workout 💪","Feb 17, 2024, 4:52 PM","Feb 17, 2024, 5:33 PM","","Triceps Pushdown",,"",1,"failure",60,5,,,
"Afternoon workout 💪","Feb 17, 2024, 4:52 PM","Feb 17, 2024, 5:33 PM","","Bicep Curl (Dumbbell)",,"",0,"failure",22.5,11,,,
"Afternoon workout 💪","Feb 17, 2024, 4:52 PM","Feb 17, 2024, 5:33 PM","","Bicep Curl (Dumbbell)",,"",1,"failure",22.5,6,,,
"Afternoon workout 💪","Feb 17, 2024, 4:52 PM","Feb 17, 2024, 5:33 PM","","Preacher Curl (Machine)",,"",0,"failure",40,7,,,
"Afternoon workout 💪","Feb 17, 2024, 4:52 PM","Feb 17, 2024, 5:33 PM","","Preacher Curl (Machine)",,"",1,"failure",40,6,,,
"Morning workout ☀️","Feb 16, 2024, 9:02 AM","Feb 16, 2024, 9:44 AM","","Leg Extension (Machine)",,"",0,"warmup",120,12,,,
"Morning workout ☀️","Feb 16, 2024, 9:02 AM","Feb 16, 2024, 9:44 AM","","Leg Extension (Machine)",,"",1,"failure",130,9,,,
"Morning workout ☀️","Feb 16, 2024, 9:02 AM","Feb 16, 2024, 9:44 AM","","Leg Extension (Machine)",,"",2,"failure",140,10,,,
"Morning workout ☀️","Feb 16, 2024, 9:02 AM","Feb 16, 2024, 9:44 AM","","Leg Extension (Machine)",,"",3,"failure",120,7,,,
"Morning workout ☀️","Feb 16, 2024, 9:02 AM","Feb 16, 2024, 9:44 AM","","Hip Adduction (Machine)",,"",0,"warmup",90,12,,,
"Morning workout ☀️","Feb 16, 2024, 9:02 AM","Feb 16, 2024, 9:44 AM","","Hip Adduction (Machine)",,"",1,"failure",100,14,,,
"Morning workout ☀️","Feb 16, 2024, 9:02 AM","Feb 16, 2024, 9:44 AM","","Hip Adduction (Machine)",,"",2,"failure",110,12,,,
"Morning workout ☀️","Feb 16, 2024, 9:02 AM","Feb 16, 2024, 9:44 AM","","Squat (Barbell)",,"",0,"warmup",20,8,,,
"Morning workout ☀️","Feb 16, 2024, 9:02 AM","Feb 16, 2024, 9:44 AM","","Squat (Barbell)",,"",1,"failure",50,8,,,
"Morning workout ☀️","Feb 16, 2024, 9:02 AM","Feb 16, 2024, 9:44 AM","","Squat (Barbell)",,"",2,"failure",70,4,,,
"Morning workout ☀️","Feb 16, 2024, 9:02 AM","Feb 16, 2024, 9:44 AM","","Seated Leg Curl (Machine)",,"",0,"warmup",80,10,,,
"Morning workout ☀️","Feb 16, 2024, 9:02 AM","Feb 16, 2024, 9:44 AM","","Seated Leg Curl (Machine)",,"",1,"failure",85,8,,,
"Morning workout ☀️","Feb 16, 2024, 9:02 AM","Feb 16, 2024, 9:44 AM","","Seated Leg Curl (Machine)",,"",2,"failure",80,6,,,
"Afternoon workout 💪","Feb 13, 2024, 5:00 PM","Feb 13, 2024, 5:39 PM","","Seated Shoulder Press (Machine)",,"",0,"warmup",55,10,,,
"Afternoon workout 💪","Feb 13, 2024, 5:00 PM","Feb 13, 2024, 5:39 PM","","Seated Shoulder Press (Machine)",,"",1,"failure",70,9,,,
"Afternoon workout 💪","Feb 13, 2024, 5:00 PM","Feb 13, 2024, 5:39 PM","","Seated Shoulder Press (Machine)",,"",2,"failure",75,4,,,
"Afternoon workout 💪","Feb 13, 2024, 5:00 PM","Feb 13, 2024, 5:39 PM","","Seated Shoulder Press (Machine)",,"",3,"failure",60,4,,,
"Afternoon workout 💪","Feb 13, 2024, 5:00 PM","Feb 13, 2024, 5:39 PM","","Deltoid Raise",,"",0,"warmup",50,10,,,
"Afternoon workout 💪","Feb 13, 2024, 5:00 PM","Feb 13, 2024, 5:39 PM","","Deltoid Raise",,"",1,"failure",60,10,,,
"Afternoon workout 💪","Feb 13, 2024, 5:00 PM","Feb 13, 2024, 5:39 PM","","Deltoid Raise",,"",2,"failure",60,8,,,
"Afternoon workout 💪","Feb 13, 2024, 5:00 PM","Feb 13, 2024, 5:39 PM","","Shoulder Press (Dumbbell)",,"",0,"warmup",22.5,10,,,
"Afternoon workout 💪","Feb 13, 2024, 5:00 PM","Feb 13, 2024, 5:39 PM","","Shoulder Press (Dumbbell)",,"",1,"failure",25,9,,,
"Afternoon workout 💪","Feb 13, 2024, 5:00 PM","Feb 13, 2024, 5:39 PM","","Shoulder Press (Dumbbell)",,"",2,"failure",25,8,,,
"Afternoon workout 💪","Feb 13, 2024, 5:00 PM","Feb 13, 2024, 5:39 PM","","Lateral Raise (Dumbbell)",,"",0,"failure",15,8,,,
"Afternoon workout 💪","Feb 13, 2024, 5:00 PM","Feb 13, 2024, 5:39 PM","","Lateral Raise (Dumbbell)",,"",1,"failure",12,7,,,
"Afternoon workout 💪","Feb 7, 2024, 3:06 PM","Feb 7, 2024, 4:12 PM","","Chest Press (Machine)",,"",0,"warmup",90,10,,,
"Afternoon workout 💪","Feb 7, 2024, 3:06 PM","Feb 7, 2024, 4:12 PM","","Chest Press (Machine)",,"",1,"failure",100,10,,,
"Afternoon workout 💪","Feb 7, 2024, 3:06 PM","Feb 7, 2024, 4:12 PM","","Butterfly (Pec Deck)",,"",0,"failure",90,8,,,
"Afternoon workout 💪","Feb 7, 2024, 3:06 PM","Feb 7, 2024, 4:12 PM","","Butterfly (Pec Deck)",,"",1,"failure",90,6,,,
"Afternoon workout 💪","Feb 7, 2024, 3:06 PM","Feb 7, 2024, 4:12 PM","","Butterfly (Pec Deck)",,"",2,"failure",90,7,,,
"Afternoon workout 💪","Feb 7, 2024, 3:06 PM","Feb 7, 2024, 4:12 PM","","Butterfly (Pec Deck)",,"",3,"failure",90,6,,,
"Afternoon workout 💪","Feb 7, 2024, 3:06 PM","Feb 7, 2024, 4:12 PM","","Preacher Curl (Machine)",,"",0,"warmup",40,8,,,
"Afternoon workout 💪","Feb 7, 2024, 3:06 PM","Feb 7, 2024, 4:12 PM","","Preacher Curl (Machine)",,"",1,"failure",45,5,,,
"Afternoon workout 💪","Feb 7, 2024, 3:06 PM","Feb 7, 2024, 4:12 PM","","Bench Press (Dumbbell)",,"",0,"failure",27.5,10,,,
"Afternoon workout 💪","Feb 7, 2024, 3:06 PM","Feb 7, 2024, 4:12 PM","","Bench Press (Dumbbell)",,"",1,"failure",30,11,,,
"Afternoon workout 💪","Feb 7, 2024, 3:06 PM","Feb 7, 2024, 4:12 PM","","Bench Press (Dumbbell)",,"",2,"failure",35,6,,,
"Afternoon workout 💪","Feb 7, 2024, 3:06 PM","Feb 7, 2024, 4:12 PM","","Hex Press (Dumbbell)",,"",0,"failure",30,4,,,
"Afternoon workout 💪","Feb 7, 2024, 3:06 PM","Feb 7, 2024, 4:12 PM","","Hex Press (Dumbbell)",,"",1,"failure",27.5,7,,,
"Afternoon workout 💪","Feb 7, 2024, 3:06 PM","Feb 7, 2024, 4:12 PM","","Triceps Pushdown",,"",0,"failure",55,8,,,
"Afternoon workout 💪","Feb 7, 2024, 3:06 PM","Feb 7, 2024, 4:12 PM","","Triceps Pushdown",,"",1,"failure",55,5,,,
"Afternoon workout 💪","Feb 7, 2024, 3:06 PM","Feb 7, 2024, 4:12 PM","","Triceps Pushdown",,"",2,"failure",44,10,,,
"Afternoon workout 💪","Feb 7, 2024, 3:06 PM","Feb 7, 2024, 4:12 PM","","Decline Bench Press (Machine)",,"",0,"failure",80,3,,,
"Morning workout ☀️","Feb 5, 2024, 8:06 AM","Feb 5, 2024, 8:27 AM","","Lat Pulldown (Machine)",,"",0,"warmup",110,10,,,
"Morning workout ☀️","Feb 5, 2024, 8:06 AM","Feb 5, 2024, 8:27 AM","","Lat Pulldown (Machine)",,"",1,"failure",130,8,,,
"Morning workout ☀️","Feb 5, 2024, 8:06 AM","Feb 5, 2024, 8:27 AM","","Lat Pulldown (Machine)",,"",2,"failure",120,7,,,
"Morning workout ☀️","Feb 5, 2024, 8:06 AM","Feb 5, 2024, 8:27 AM","","Seated Cable Row - V Grip (Cable)",,"",0,"failure",99,8,,,
"Morning workout ☀️","Feb 5, 2024, 8:06 AM","Feb 5, 2024, 8:27 AM","","Seated Cable Row - V Grip (Cable)",,"",1,"failure",99,5,,,
"Morning workout ☀️","Feb 5, 2024, 8:06 AM","Feb 5, 2024, 8:27 AM","","Seated Cable Row - V Grip (Cable)",,"",2,"failure",88,5,,,
"Morning workout ☀️","Feb 5, 2024, 8:06 AM","Feb 5, 2024, 8:27 AM","","Lat Pulldown (Cable)",,"",0,"failure",99,8,,,
"Morning workout ☀️","Feb 5, 2024, 8:06 AM","Feb 5, 2024, 8:27 AM","","Lat Pulldown (Cable)",,"",1,"failure",88,9,,,
"Morning workout ☀️","Feb 5, 2024, 8:06 AM","Feb 5, 2024, 8:27 AM","","Lat Pulldown (Cable)",,"",2,"failure",88,9,,,
"Morning workout ☀️","Feb 5, 2024, 8:06 AM","Feb 5, 2024, 8:27 AM","","Deltoid Raise",,"",0,"failure",60,9,,,
"Morning workout ☀️","Feb 5, 2024, 8:06 AM","Feb 5, 2024, 8:27 AM","","Deltoid Raise",,"",1,"failure",60,10,,,
"Afternoon workout 💪","Feb 3, 2024, 4:48 PM","Feb 3, 2024, 6:00 PM","","Bicep Curl (Machine)",,"",0,"warmup",80,10,,,
"Afternoon workout 💪","Feb 3, 2024, 4:48 PM","Feb 3, 2024, 6:00 PM","","Bicep Curl (Machine)",,"",1,"failure",80,8,,,
"Afternoon workout 💪","Feb 3, 2024, 4:48 PM","Feb 3, 2024, 6:00 PM","","Bicep Curl (Machine)",,"",2,"failure",80,8,,,
"Afternoon workout 💪","Feb 3, 2024, 4:48 PM","Feb 3, 2024, 6:00 PM","","Seated Triceps Press",,"",0,"warmup",50,10,,,
"Afternoon workout 💪","Feb 3, 2024, 4:48 PM","Feb 3, 2024, 6:00 PM","","Seated Triceps Press",,"",1,"failure",50,6,,,
"Afternoon workout 💪","Feb 3, 2024, 4:48 PM","Feb 3, 2024, 6:00 PM","","Seated Triceps Press",,"",2,"failure",45,8,,,
"Afternoon workout 💪","Feb 3, 2024, 4:48 PM","Feb 3, 2024, 6:00 PM","","Preacher Curl (Machine)",,"",0,"warmup",50,8,,,
"Afternoon workout 💪","Feb 3, 2024, 4:48 PM","Feb 3, 2024, 6:00 PM","","Preacher Curl (Machine)",,"",1,"failure",50,4,,,
"Afternoon workout 💪","Feb 3, 2024, 4:48 PM","Feb 3, 2024, 6:00 PM","","Preacher Curl (Machine)",,"",2,"failure",40,3,,,
"Afternoon workout 💪","Feb 3, 2024, 4:48 PM","Feb 3, 2024, 6:00 PM","","Preacher Curl (Machine)",,"",3,"failure",45,5,,,
"Afternoon workout 💪","Feb 3, 2024, 4:48 PM","Feb 3, 2024, 6:00 PM","","Triceps Pushdown",,"",0,"warmup",55,10,,,
"Afternoon workout 💪","Feb 3, 2024, 4:48 PM","Feb 3, 2024, 6:00 PM","","Triceps Pushdown",,"",1,"failure",66,5,,,
"Afternoon workout 💪","Feb 3, 2024, 4:48 PM","Feb 3, 2024, 6:00 PM","","Triceps Pushdown",,"",2,"failure",60,8,,,
"Afternoon workout 💪","Feb 3, 2024, 4:48 PM","Feb 3, 2024, 6:00 PM","","Chest Press (Machine)",,"",0,"failure",90,7,,,
"Afternoon workout 💪","Feb 3, 2024, 4:48 PM","Feb 3, 2024, 6:00 PM","","Chest Press (Machine)",,"",1,"failure",90,7,,,
"Afternoon workout 💪","Feb 3, 2024, 4:48 PM","Feb 3, 2024, 6:00 PM","","Bench Press (Dumbbell)",,"",0,"warmup",25,12,,,
"Afternoon workout 💪","Feb 3, 2024, 4:48 PM","Feb 3, 2024, 6:00 PM","","Bench Press (Dumbbell)",,"",1,"failure",25,9,,,
"Afternoon workout 💪","Feb 3, 2024, 4:48 PM","Feb 3, 2024, 6:00 PM","","Bicep Curl (Dumbbell)",,"",0,"failure",22.5,6,,,
"Afternoon workout 💪","Feb 3, 2024, 4:48 PM","Feb 3, 2024, 6:00 PM","","Bicep Curl (Dumbbell)",,"",1,"failure",25,6,,,
"Afternoon workout 💪","Feb 3, 2024, 4:48 PM","Feb 3, 2024, 6:00 PM","","Hammer Curl (Dumbbell)",,"",0,"failure",25,6,,,
"Afternoon workout 💪","Feb 1, 2024, 3:41 PM","Feb 1, 2024, 5:05 PM","","Standing Calf Raise (Machine)",,"",0,"warmup",100,8,,,
"Afternoon workout 💪","Feb 1, 2024, 3:41 PM","Feb 1, 2024, 5:05 PM","","Standing Calf Raise (Machine)",,"",1,"failure",100,6,,,
"Afternoon workout 💪","Feb 1, 2024, 3:41 PM","Feb 1, 2024, 5:05 PM","","Leg Press (Machine)",,"",0,"warmup",230,10,,,
"Afternoon workout 💪","Feb 1, 2024, 3:41 PM","Feb 1, 2024, 5:05 PM","","Leg Press (Machine)",,"",1,"failure",270,15,,,
"Afternoon workout 💪","Feb 1, 2024, 3:41 PM","Feb 1, 2024, 5:05 PM","","Leg Press (Machine)",,"",2,"failure",320,10,,,
"Afternoon workout 💪","Feb 1, 2024, 3:41 PM","Feb 1, 2024, 5:05 PM","","Calf Press (Machine)",,"",0,"failure",230,7,,,
"Afternoon workout 💪","Feb 1, 2024, 3:41 PM","Feb 1, 2024, 5:05 PM","","Calf Press (Machine)",,"",1,"failure",270,7,,,
"Afternoon workout 💪","Feb 1, 2024, 3:41 PM","Feb 1, 2024, 5:05 PM","","Leg Extension (Machine)",,"",0,"warmup",130,10,,,
"Afternoon workout 💪","Feb 1, 2024, 3:41 PM","Feb 1, 2024, 5:05 PM","","Leg Extension (Machine)",,"",1,"failure",140,12,,,
"Afternoon workout 💪","Feb 1, 2024, 3:41 PM","Feb 1, 2024, 5:05 PM","","Leg Extension (Machine)",,"",2,"failure",130,8,,,
"Afternoon workout 💪","Feb 1, 2024, 3:41 PM","Feb 1, 2024, 5:05 PM","","Leg Extension (Machine)",,"",3,"failure",110,9,,,
"Afternoon workout 💪","Feb 1, 2024, 3:41 PM","Feb 1, 2024, 5:05 PM","","Hip Abduction (Machine)",,"",0,"warmup",110,13,,,
"Afternoon workout 💪","Feb 1, 2024, 3:41 PM","Feb 1, 2024, 5:05 PM","","Hip Abduction (Machine)",,"",1,"failure",120,5,,,
"Afternoon workout 💪","Feb 1, 2024, 3:41 PM","Feb 1, 2024, 5:05 PM","","Hip Abduction (Machine)",,"",2,"failure",110,6,,,
"Afternoon workout 💪","Feb 1, 2024, 3:41 PM","Feb 1, 2024, 5:05 PM","","Hip Abduction (Machine)",,"",3,"failure",90,9,,,
"Afternoon workout 💪","Feb 1, 2024, 3:41 PM","Feb 1, 2024, 5:05 PM","","Leg Press Horizontal (Machine)",,"",0,"warmup",200,12,,,
"Afternoon workout 💪","Feb 1, 2024, 3:41 PM","Feb 1, 2024, 5:05 PM","","Leg Press Horizontal (Machine)",,"",1,"failure",260,11,,,
"Afternoon workout 💪","Feb 1, 2024, 3:41 PM","Feb 1, 2024, 5:05 PM","","Leg Press Horizontal (Machine)",,"",2,"failure",260,12,,,
"Afternoon workout 💪","Feb 1, 2024, 3:41 PM","Feb 1, 2024, 5:05 PM","","Seated Leg Curl (Machine)",,"",0,"warmup",80,10,,,
"Afternoon workout 💪","Feb 1, 2024, 3:41 PM","Feb 1, 2024, 5:05 PM","","Seated Leg Curl (Machine)",,"",1,"failure",80,8,,,
"Afternoon workout 💪","Feb 1, 2024, 3:41 PM","Feb 1, 2024, 5:05 PM","","Seated Leg Curl (Machine)",,"",2,"failure",80,9,,,
"Afternoon workout 💪","Feb 1, 2024, 3:41 PM","Feb 1, 2024, 5:05 PM","","Spinning",,"",0,"normal",,,,600,
"Morning workout ☀️","Jan 31, 2024, 8:39 AM","Jan 31, 2024, 9:06 AM","","Seated Shoulder Press (Machine)",,"",0,"warmup",65,10,,,
"Morning workout ☀️","Jan 31, 2024, 8:39 AM","Jan 31, 2024, 9:06 AM","","Seated Shoulder Press (Machine)",,"",1,"failure",75,8,,,
"Morning workout ☀️","Jan 31, 2024, 8:39 AM","Jan 31, 2024, 9:06 AM","","Seated Shoulder Press (Machine)",,"",2,"failure",80,6,,,
"Morning workout ☀️","Jan 31, 2024, 8:39 AM","Jan 31, 2024, 9:06 AM","","Rear Delt Reverse Fly (Machine)",,"",0,"warmup",60,8,,,
"Morning workout ☀️","Jan 31, 2024, 8:39 AM","Jan 31, 2024, 9:06 AM","","Rear Delt Reverse Fly (Machine)",,"",1,"failure",75,5,,,
"Morning workout ☀️","Jan 31, 2024, 8:39 AM","Jan 31, 2024, 9:06 AM","","Rear Delt Reverse Fly (Machine)",,"",2,"failure",70,8,,,
"Morning workout ☀️","Jan 31, 2024, 8:39 AM","Jan 31, 2024, 9:06 AM","","Shoulder Press (Dumbbell)",,"",0,"failure",22.5,10,,,
"Morning workout ☀️","Jan 31, 2024, 8:39 AM","Jan 31, 2024, 9:06 AM","","Shoulder Press (Dumbbell)",,"",1,"failure",25,8,,,
"Morning workout ☀️","Jan 31, 2024, 8:39 AM","Jan 31, 2024, 9:06 AM","","Shoulder Press (Dumbbell)",,"",2,"failure",25,8,,,
"Morning workout ☀️","Jan 31, 2024, 8:39 AM","Jan 31, 2024, 9:06 AM","","Lateral Raise (Dumbbell)",,"",0,"failure",12.5,8,,,
"Morning workout ☀️","Jan 31, 2024, 8:39 AM","Jan 31, 2024, 9:06 AM","","Lateral Raise (Dumbbell)",,"",1,"failure",12.5,7,,,
"Morning workout ☀️","Jan 31, 2024, 8:39 AM","Jan 31, 2024, 9:06 AM","","Front Raise (Dumbbell)",,"",0,"failure",12.5,8,,,
"Morning workout ☀️","Jan 31, 2024, 8:39 AM","Jan 31, 2024, 9:06 AM","","Front Raise (Dumbbell)",,"",1,"failure",10,5,,,
"Afternoon workout 💪","Jan 30, 2024, 3:01 PM","Jan 30, 2024, 3:45 PM","","Decline Bench Press (Machine)",,"",0,"warmup",70,10,,,
"Afternoon workout 💪","Jan 30, 2024, 3:01 PM","Jan 30, 2024, 3:45 PM","","Decline Bench Press (Machine)",,"",1,"failure",85,7,,,
"Afternoon workout 💪","Jan 30, 2024, 3:01 PM","Jan 30, 2024, 3:45 PM","","Decline Bench Press (Machine)",,"",2,"failure",85,7,,,
"Afternoon workout 💪","Jan 30, 2024, 3:01 PM","Jan 30, 2024, 3:45 PM","","Bicep Curl (Machine)",,"",0,"warmup",70,12,,,
"Afternoon workout 💪","Jan 30, 2024, 3:01 PM","Jan 30, 2024, 3:45 PM","","Bicep Curl (Machine)",,"",1,"failure",75,12,,,
"Afternoon workout 💪","Jan 30, 2024, 3:01 PM","Jan 30, 2024, 3:45 PM","","Bicep Curl (Machine)",,"",2,"failure",80,5,,,
"Afternoon workout 💪","Jan 30, 2024, 3:01 PM","Jan 30, 2024, 3:45 PM","","Bench Press (Dumbbell)",,"",0,"failure",27.5,13,,,
"Afternoon workout 💪","Jan 30, 2024, 3:01 PM","Jan 30, 2024, 3:45 PM","","Bench Press (Dumbbell)",,"",1,"failure",27.5,9,,,
"Afternoon workout 💪","Jan 30, 2024, 3:01 PM","Jan 30, 2024, 3:45 PM","","Hex Press (Dumbbell)",,"",0,"failure",27.5,8,,,
"Afternoon workout 💪","Jan 30, 2024, 3:01 PM","Jan 30, 2024, 3:45 PM","","Hex Press (Dumbbell)",,"",1,"failure",27.5,7,,,
"Afternoon workout 💪","Jan 30, 2024, 3:01 PM","Jan 30, 2024, 3:45 PM","","Butterfly (Pec Deck)",,"",0,"failure",90,8,,,
"Afternoon workout 💪","Jan 30, 2024, 3:01 PM","Jan 30, 2024, 3:45 PM","","Butterfly (Pec Deck)",,"",1,"failure",85,6,,,
"Afternoon workout 💪","Jan 30, 2024, 3:01 PM","Jan 30, 2024, 3:45 PM","","Butterfly (Pec Deck)",,"",2,"failure",85,4,,,
"Afternoon workout 💪","Jan 30, 2024, 3:01 PM","Jan 30, 2024, 3:45 PM","","Triceps Pushdown",,"",0,"failure",55,10,,,
"Afternoon workout 💪","Jan 30, 2024, 3:01 PM","Jan 30, 2024, 3:45 PM","","Triceps Pushdown",,"",1,"failure",55,7,,,
"Afternoon workout 💪","Jan 30, 2024, 3:01 PM","Jan 30, 2024, 3:45 PM","","Triceps Pushdown",,"",2,"failure",44,9,,,
"Afternoon workout 💪","Jan 30, 2024, 3:01 PM","Jan 30, 2024, 3:45 PM","","Spinning",,"",0,"normal",,,,600,
"Morning workout ☀️","Jan 29, 2024, 9:05 AM","Jan 29, 2024, 9:42 AM","","Lat Pulldown (Machine)",,"",0,"warmup",110,8,,,
"Morning workout ☀️","Jan 29, 2024, 9:05 AM","Jan 29, 2024, 9:42 AM","","Lat Pulldown (Machine)",,"",1,"failure",120,8,,,
"Morning workout ☀️","Jan 29, 2024, 9:05 AM","Jan 29, 2024, 9:42 AM","","Lat Pulldown (Machine)",,"",2,"failure",120,6,,,
"Morning workout ☀️","Jan 29, 2024, 9:05 AM","Jan 29, 2024, 9:42 AM","","Seated Shoulder Press (Machine)",,"",0,"failure",70,10,,,
"Morning workout ☀️","Jan 29, 2024, 9:05 AM","Jan 29, 2024, 9:42 AM","","Seated Shoulder Press (Machine)",,"",1,"failure",80,3,,,
"Morning workout ☀️","Jan 29, 2024, 9:05 AM","Jan 29, 2024, 9:42 AM","","Seated Shoulder Press (Machine)",,"",2,"failure",70,5,,,
"Morning workout ☀️","Jan 29, 2024, 9:05 AM","Jan 29, 2024, 9:42 AM","","Lat Pulldown - Close Grip (Cable)",,"",0,"failure",110,8,,,
"Morning workout ☀️","Jan 29, 2024, 9:05 AM","Jan 29, 2024, 9:42 AM","","Lat Pulldown - Close Grip (Cable)",,"",1,"failure",88,12,,,
"Morning workout ☀️","Jan 29, 2024, 9:05 AM","Jan 29, 2024, 9:42 AM","","Lat Pulldown - Close Grip (Cable)",,"",2,"failure",99,7,,,
"Morning workout ☀️","Jan 29, 2024, 9:05 AM","Jan 29, 2024, 9:42 AM","","Seated Cable Row - Bar Wide Grip",,"",0,"failure",66,10,,,
"Morning workout ☀️","Jan 29, 2024, 9:05 AM","Jan 29, 2024, 9:42 AM","","Seated Cable Row - Bar Wide Grip",,"",1,"failure",71,8,,,
"Morning workout ☀️","Jan 29, 2024, 9:05 AM","Jan 29, 2024, 9:42 AM","","Seated Cable Row - Bar Wide Grip",,"",2,"failure",71,6,,,
"Morning workout ☀️","Jan 29, 2024, 9:05 AM","Jan 29, 2024, 9:42 AM","","Lateral Raise (Dumbbell)",,"",0,"failure",12.5,14,,,
"Morning workout ☀️","Jan 29, 2024, 9:05 AM","Jan 29, 2024, 9:42 AM","","Lateral Raise (Dumbbell)",,"",1,"failure",12.5,8,,,
"Morning workout ☀️","Jan 29, 2024, 9:05 AM","Jan 29, 2024, 9:42 AM","","Rear Delt Reverse Fly (Machine)",,"",0,"failure",70,5,,,
"Morning workout ☀️","Jan 29, 2024, 9:05 AM","Jan 29, 2024, 9:42 AM","","Rear Delt Reverse Fly (Machine)",,"",1,"failure",70,4,,,
"Afternoon workout 💪","Jan 26, 2024, 5:34 PM","Jan 26, 2024, 6:17 PM","","Preacher Curl (Machine)",,"",0,"failure",50,8,,,
"Afternoon workout 💪","Jan 26, 2024, 5:34 PM","Jan 26, 2024, 6:17 PM","","Preacher Curl (Machine)",,"",1,"failure",45,8,,,
"Afternoon workout 💪","Jan 26, 2024, 5:34 PM","Jan 26, 2024, 6:17 PM","","Preacher Curl (Machine)",,"",2,"failure",40,7,,,
"Afternoon workout 💪","Jan 26, 2024, 5:34 PM","Jan 26, 2024, 6:17 PM","","Chest Press (Machine)",,"",0,"failure",90,12,,,
"Afternoon workout 💪","Jan 26, 2024, 5:34 PM","Jan 26, 2024, 6:17 PM","","Chest Press (Machine)",,"",1,"failure",100,7,,,
"Afternoon workout 💪","Jan 26, 2024, 5:34 PM","Jan 26, 2024, 6:17 PM","","Chest Press (Machine)",,"",2,"failure",90,8,,,
"Afternoon workout 💪","Jan 26, 2024, 5:34 PM","Jan 26, 2024, 6:17 PM","","Seated Triceps Press",,"",0,"failure",50,5,,,
"Afternoon workout 💪","Jan 26, 2024, 5:34 PM","Jan 26, 2024, 6:17 PM","","Seated Triceps Press",,"",1,"failure",45,8,,,
"Afternoon workout 💪","Jan 26, 2024, 5:34 PM","Jan 26, 2024, 6:17 PM","","Bicep Curl (Machine)",,"",0,"failure",75,8,,,
"Afternoon workout 💪","Jan 26, 2024, 5:34 PM","Jan 26, 2024, 6:17 PM","","Bicep Curl (Machine)",,"",1,"failure",70,8,,,
"Afternoon workout 💪","Jan 26, 2024, 5:34 PM","Jan 26, 2024, 6:17 PM","","Triceps Pushdown",,"",0,"failure",49.5,11,,,
"Afternoon workout 💪","Jan 26, 2024, 5:34 PM","Jan 26, 2024, 6:17 PM","","Triceps Pushdown",,"",1,"failure",49.5,5,,,
"Afternoon workout 💪","Jan 26, 2024, 5:34 PM","Jan 26, 2024, 6:17 PM","","Triceps Pushdown",,"",2,"failure",44,6,,,
"Afternoon workout 💪","Jan 26, 2024, 5:34 PM","Jan 26, 2024, 6:17 PM","","Bicep Curl (Dumbbell)",,"",0,"failure",22.5,12,,,
"Afternoon workout 💪","Jan 26, 2024, 5:34 PM","Jan 26, 2024, 6:17 PM","","Bicep Curl (Dumbbell)",,"",1,"failure",20,9,,,
"Afternoon workout 💪","Jan 26, 2024, 5:34 PM","Jan 26, 2024, 6:17 PM","","Hammer Curl (Dumbbell)",,"",0,"failure",22.5,8,,,
"Afternoon workout 💪","Jan 26, 2024, 5:34 PM","Jan 26, 2024, 6:17 PM","","Hammer Curl (Dumbbell)",,"",1,"failure",17.5,6,,,
"Afternoon workout 💪","Jan 23, 2024, 3:55 PM","Jan 23, 2024, 4:51 PM","","Lying Leg Curl (Machine)",,"",0,"failure",90,9,,,
"Afternoon workout 💪","Jan 23, 2024, 3:55 PM","Jan 23, 2024, 4:51 PM","","Lying Leg Curl (Machine)",,"",1,"failure",90,7,,,
"Afternoon workout 💪","Jan 23, 2024, 3:55 PM","Jan 23, 2024, 4:51 PM","","Lying Leg Curl (Machine)",,"",2,"failure",80,6,,,
"Afternoon workout 💪","Jan 23, 2024, 3:55 PM","Jan 23, 2024, 4:51 PM","","Hip Adduction (Machine)",,"",0,"failure",100,12,,,
"Afternoon workout 💪","Jan 23, 2024, 3:55 PM","Jan 23, 2024, 4:51 PM","","Hip Adduction (Machine)",,"",1,"failure",110,10,,,
"Afternoon workout 💪","Jan 23, 2024, 3:55 PM","Jan 23, 2024, 4:51 PM","","Hip Adduction (Machine)",,"",2,"failure",120,7,,,
"Afternoon workout 💪","Jan 23, 2024, 3:55 PM","Jan 23, 2024, 4:51 PM","","Leg Extension (Machine)",,"",0,"failure",130,11,,,
"Afternoon workout 💪","Jan 23, 2024, 3:55 PM","Jan 23, 2024, 4:51 PM","","Leg Extension (Machine)",,"",1,"failure",120,7,,,
"Afternoon workout 💪","Jan 23, 2024, 3:55 PM","Jan 23, 2024, 4:51 PM","","Leg Extension (Machine)",,"",2,"failure",110,8,,,
"Afternoon workout 💪","Jan 23, 2024, 3:55 PM","Jan 23, 2024, 4:51 PM","","Single Leg Extensions",,"",0,"failure",50,5,,,
"Afternoon workout 💪","Jan 23, 2024, 3:55 PM","Jan 23, 2024, 4:51 PM","","Leg Press (Machine)",,"",0,"failure",270,10,,,
"Afternoon workout 💪","Jan 23, 2024, 3:55 PM","Jan 23, 2024, 4:51 PM","","Leg Press (Machine)",,"",1,"failure",270,10,,,
"Afternoon workout 💪","Jan 23, 2024, 3:55 PM","Jan 23, 2024, 4:51 PM","","Leg Press (Machine)",,"",2,"failure",320,7,,,
"Afternoon workout 💪","Jan 23, 2024, 3:55 PM","Jan 23, 2024, 4:51 PM","","Calf Press (Machine)",,"",0,"failure",270,10,,,
"Afternoon workout 💪","Jan 23, 2024, 3:55 PM","Jan 23, 2024, 4:51 PM","","Calf Press (Machine)",,"",1,"failure",270,6,,,
"Afternoon workout 💪","Jan 23, 2024, 3:55 PM","Jan 23, 2024, 4:51 PM","","Leg Extension (Machine)",,"",0,"failure",140,6,,,
"Afternoon workout 💪","Jan 22, 2024, 3:18 PM","Jan 22, 2024, 4:07 PM","","Seated Shoulder Press (Machine)",,"",0,"failure",75,12,,,
"Afternoon workout 💪","Jan 22, 2024, 3:18 PM","Jan 22, 2024, 4:07 PM","","Seated Shoulder Press (Machine)",,"",1,"failure",80,7,,,
"Afternoon workout 💪","Jan 22, 2024, 3:18 PM","Jan 22, 2024, 4:07 PM","","Seated Shoulder Press (Machine)",,"",2,"failure",80,4,,,
"Afternoon workout 💪","Jan 22, 2024, 3:18 PM","Jan 22, 2024, 4:07 PM","","Deltoid Raise",,"",0,"failure",60,8,,,
"Afternoon workout 💪","Jan 22, 2024, 3:18 PM","Jan 22, 2024, 4:07 PM","","Deltoid Raise",,"",1,"failure",55,8,,,
"Afternoon workout 💪","Jan 22, 2024, 3:18 PM","Jan 22, 2024, 4:07 PM","","Deltoid Raise",,"",2,"failure",50,7,,,
"Afternoon workout 💪","Jan 22, 2024, 3:18 PM","Jan 22, 2024, 4:07 PM","","Lat Pulldown - Close Grip (Cable)",,"",0,"warmup",99,10,,,
"Afternoon workout 💪","Jan 22, 2024, 3:18 PM","Jan 22, 2024, 4:07 PM","","Lat Pulldown - Close Grip (Cable)",,"",1,"failure",110,8,,,
"Afternoon workout 💪","Jan 22, 2024, 3:18 PM","Jan 22, 2024, 4:07 PM","","Lat Pulldown - Close Grip (Cable)",,"",2,"failure",99,5,,,
"Afternoon workout 💪","Jan 22, 2024, 3:18 PM","Jan 22, 2024, 4:07 PM","","Seated Row (Machine)",,"",0,"failure",90,9,,,
"Afternoon workout 💪","Jan 22, 2024, 3:18 PM","Jan 22, 2024, 4:07 PM","","Seated Row (Machine)",,"",1,"failure",80,7,,,
"Afternoon workout 💪","Jan 22, 2024, 3:18 PM","Jan 22, 2024, 4:07 PM","","Rear Delt Reverse Fly (Machine)",,"",0,"failure",80,8,,,
"Afternoon workout 💪","Jan 22, 2024, 3:18 PM","Jan 22, 2024, 4:07 PM","","Rear Delt Reverse Fly (Machine)",,"",1,"failure",70,4,,,
"Afternoon workout 💪","Jan 22, 2024, 3:18 PM","Jan 22, 2024, 4:07 PM","","Arnold Press (Dumbbell)",,"",0,"failure",22.5,8,,,
"Afternoon workout 💪","Jan 22, 2024, 3:18 PM","Jan 22, 2024, 4:07 PM","","Arnold Press (Dumbbell)",,"",1,"failure",22.5,8,,,
"Afternoon workout 💪","Jan 22, 2024, 3:18 PM","Jan 22, 2024, 4:07 PM","","Lateral Raise (Dumbbell)",,"",0,"warmup",15,4,,,
"Afternoon workout 💪","Jan 22, 2024, 3:18 PM","Jan 22, 2024, 4:07 PM","","Lateral Raise (Dumbbell)",,"",1,"failure",12.5,5,,,
"Afternoon workout 💪","Jan 22, 2024, 3:18 PM","Jan 22, 2024, 4:07 PM","","Lateral Raise (Dumbbell)",,"",2,"failure",12.5,9,,,
"Afternoon workout 💪","Jan 22, 2024, 3:18 PM","Jan 22, 2024, 4:07 PM","","Front Lat Raise",,"",0,"failure",12.5,8,,,
"Afternoon workout 💪","Jan 22, 2024, 3:18 PM","Jan 22, 2024, 4:07 PM","","Front Lat Raise",,"",1,"failure",12.5,5,,,
"Afternoon workout 💪","Jan 22, 2024, 3:18 PM","Jan 22, 2024, 4:07 PM","","Spinning",,"",0,"normal",,,,600,
"Afternoon workout 💪","Jan 18, 2024, 3:08 PM","Jan 18, 2024, 3:35 PM","","Decline Bench Press (Machine)",,"",0,"failure",85,6,,,
"Afternoon workout 💪","Jan 18, 2024, 3:08 PM","Jan 18, 2024, 3:35 PM","","Decline Bench Press (Machine)",,"",1,"failure",80,6,,,
"Afternoon workout 💪","Jan 18, 2024, 3:08 PM","Jan 18, 2024, 3:35 PM","","Decline Bench Press (Machine)",,"",2,"failure",75,9,,,
"Afternoon workout 💪","Jan 18, 2024, 3:08 PM","Jan 18, 2024, 3:35 PM","","Triceps Pushdown",,"",0,"failure",44,14,,,
"Afternoon workout 💪","Jan 18, 2024, 3:08 PM","Jan 18, 2024, 3:35 PM","","Triceps Pushdown",,"",1,"failure",55,4,,,
"Afternoon workout 💪","Jan 18, 2024, 3:08 PM","Jan 18, 2024, 3:35 PM","","Triceps Pushdown",,"",2,"failure",49,5,,,
"Afternoon workout 💪","Jan 18, 2024, 3:08 PM","Jan 18, 2024, 3:35 PM","","Triceps Pushdown",,"",3,"failure",49,3,,,
"Afternoon workout 💪","Jan 18, 2024, 3:08 PM","Jan 18, 2024, 3:35 PM","","Butterfly (Pec Deck)",,"",0,"failure",80,9,,,
"Afternoon workout 💪","Jan 18, 2024, 3:08 PM","Jan 18, 2024, 3:35 PM","","Butterfly (Pec Deck)",,"",1,"failure",85,7,,,
"Afternoon workout 💪","Jan 18, 2024, 3:08 PM","Jan 18, 2024, 3:35 PM","","Butterfly (Pec Deck)",,"",2,"failure",85,5,,,
"Afternoon workout 💪","Jan 18, 2024, 3:08 PM","Jan 18, 2024, 3:35 PM","","Preacher Curl (Machine)",,"",0,"failure",40,11,,,
"Afternoon workout 💪","Jan 18, 2024, 3:08 PM","Jan 18, 2024, 3:35 PM","","Preacher Curl (Machine)",,"",1,"failure",50,4,,,
"Afternoon workout 💪","Jan 18, 2024, 3:08 PM","Jan 18, 2024, 3:35 PM","","Preacher Curl (Machine)",,"",2,"failure",45,5,,,
"Afternoon workout 💪","Jan 17, 2024, 12:46 PM","Jan 17, 2024, 1:23 PM","","Seated Cable Row - V Grip (Cable)",,"",0,"warmup",77,12,,,
"Afternoon workout 💪","Jan 17, 2024, 12:46 PM","Jan 17, 2024, 1:23 PM","","Seated Cable Row - V Grip (Cable)",,"",1,"failure",88,7,,,
"Afternoon workout 💪","Jan 17, 2024, 12:46 PM","Jan 17, 2024, 1:23 PM","","Seated Cable Row - V Grip (Cable)",,"",2,"failure",88,7,,,
"Afternoon workout 💪","Jan 17, 2024, 12:46 PM","Jan 17, 2024, 1:23 PM","","Rear Delt Reverse Fly (Machine)",,"",0,"failure",80,8,,,
"Afternoon workout 💪","Jan 17, 2024, 12:46 PM","Jan 17, 2024, 1:23 PM","","Rear Delt Reverse Fly (Machine)",,"",1,"failure",75,6,,,
"Afternoon workout 💪","Jan 17, 2024, 12:46 PM","Jan 17, 2024, 1:23 PM","","Rear Delt Reverse Fly (Machine)",,"",2,"failure",70,6,,,
"Afternoon workout 💪","Jan 17, 2024, 12:46 PM","Jan 17, 2024, 1:23 PM","","Lat Pulldown (Machine)",,"",0,"failure",110,10,,,
"Afternoon workout 💪","Jan 17, 2024, 12:46 PM","Jan 17, 2024, 1:23 PM","","Lat Pulldown (Machine)",,"",1,"failure",120,5,,,
"Afternoon workout 💪","Jan 17, 2024, 12:46 PM","Jan 17, 2024, 1:23 PM","","Lat Pulldown (Machine)",,"",2,"failure",100,8,,,
"Afternoon workout 💪","Jan 17, 2024, 12:46 PM","Jan 17, 2024, 1:23 PM","","Seated Shoulder Press (Machine)",,"",0,"failure",70,9,,,
"Afternoon workout 💪","Jan 17, 2024, 12:46 PM","Jan 17, 2024, 1:23 PM","","Seated Shoulder Press (Machine)",,"",1,"failure",70,6,,,
"Afternoon workout 💪","Jan 17, 2024, 12:46 PM","Jan 17, 2024, 1:23 PM","","Lat Pulldown (Cable)",,"",0,"failure",88,8,,,
"Afternoon workout 💪","Jan 17, 2024, 12:46 PM","Jan 17, 2024, 1:23 PM","","Lat Pulldown (Cable)",,"",1,"failure",99,6,,,
"Afternoon workout 💪","Jan 17, 2024, 12:46 PM","Jan 17, 2024, 1:23 PM","","Lat Pulldown (Cable)",,"",2,"failure",77,8,,,
"Afternoon workout 💪","Jan 17, 2024, 12:46 PM","Jan 17, 2024, 1:23 PM","","Reverse Grip Lat Pulldown (Cable)",,"",0,"failure",99,7,,,
"Afternoon workout 💪","Jan 17, 2024, 12:46 PM","Jan 17, 2024, 1:23 PM","","Reverse Grip Lat Pulldown (Cable)",,"",1,"failure",99,5,,,
"Afternoon workout 💪","Jan 17, 2024, 12:46 PM","Jan 17, 2024, 1:23 PM","","Lateral Raise (Dumbbell)",,"",0,"failure",12.5,14,,,
"Afternoon workout 💪","Jan 17, 2024, 12:46 PM","Jan 17, 2024, 1:23 PM","","Lateral Raise (Dumbbell)",,"",1,"normal",17.5,6,,,
"Evening workout 🏋️","Jan 14, 2024, 8:34 PM","Jan 14, 2024, 9:03 PM","","Bicep Curl (Machine)",,"",0,"failure",70,7,,,
"Evening workout 🏋️","Jan 14, 2024, 8:34 PM","Jan 14, 2024, 9:03 PM","","Bicep Curl (Machine)",,"",1,"failure",60,13,,,
"Evening workout 🏋️","Jan 14, 2024, 8:34 PM","Jan 14, 2024, 9:03 PM","","Bicep Curl (Machine)",,"",2,"failure",60,12,,,
"Evening workout 🏋️","Jan 14, 2024, 8:34 PM","Jan 14, 2024, 9:03 PM","","Seated Triceps Press",,"",0,"failure",40,13,,,
"Evening workout 🏋️","Jan 14, 2024, 8:34 PM","Jan 14, 2024, 9:03 PM","","Seated Triceps Press",,"",1,"failure",45,7,,,
"Evening workout 🏋️","Jan 14, 2024, 8:34 PM","Jan 14, 2024, 9:03 PM","","Decline Bench Press (Machine)",,"",0,"failure",80,6,,,
"Evening workout 🏋️","Jan 14, 2024, 8:34 PM","Jan 14, 2024, 9:03 PM","","Decline Bench Press (Machine)",,"",1,"failure",70,9,,,
"Evening workout 🏋️","Jan 14, 2024, 8:34 PM","Jan 14, 2024, 9:03 PM","","Triceps Pushdown",,"",0,"failure",44,12,,,
"Evening workout 🏋️","Jan 14, 2024, 8:34 PM","Jan 14, 2024, 9:03 PM","","Triceps Pushdown",,"",1,"failure",55,6,,,
"Evening workout 🏋️","Jan 14, 2024, 8:34 PM","Jan 14, 2024, 9:03 PM","","Triceps Pushdown",,"",2,"failure",55,3,,,
"Evening workout 🏋️","Jan 14, 2024, 8:34 PM","Jan 14, 2024, 9:03 PM","","Preacher Curl (Machine)",,"",0,"failure",40,9,,,
"Evening workout 🏋️","Jan 14, 2024, 8:34 PM","Jan 14, 2024, 9:03 PM","","Preacher Curl (Machine)",,"",1,"failure",45,5,,,
"Afternoon workout 💪","Jan 13, 2024, 5:51 PM","Jan 13, 2024, 6:34 PM","","Lying Leg Curl (Machine)",,"",0,"failure",85,6,,,
"Afternoon workout 💪","Jan 13, 2024, 5:51 PM","Jan 13, 2024, 6:34 PM","","Lying Leg Curl (Machine)",,"",1,"failure",80,8,,,
"Afternoon workout 💪","Jan 13, 2024, 5:51 PM","Jan 13, 2024, 6:34 PM","","Lying Leg Curl (Machine)",,"",2,"failure",75,7,,,
"Afternoon workout 💪","Jan 13, 2024, 5:51 PM","Jan 13, 2024, 6:34 PM","","Standing Calf Raise (Machine)",,"",0,"failure",100,10,,,
"Afternoon workout 💪","Jan 13, 2024, 5:51 PM","Jan 13, 2024, 6:34 PM","","Standing Calf Raise (Machine)",,"",1,"failure",90,7,,,
"Afternoon workout 💪","Jan 13, 2024, 5:51 PM","Jan 13, 2024, 6:34 PM","","Leg Extension (Machine)",,"",0,"failure",110,12,,,
"Afternoon workout 💪","Jan 13, 2024, 5:51 PM","Jan 13, 2024, 6:34 PM","","Leg Extension (Machine)",,"",1,"failure",125,9,,,
"Afternoon workout 💪","Jan 13, 2024, 5:51 PM","Jan 13, 2024, 6:34 PM","","Leg Extension (Machine)",,"",2,"failure",120,9,,,
"Afternoon workout 💪","Jan 13, 2024, 5:51 PM","Jan 13, 2024, 6:34 PM","","Leg Extension (Machine)",,"",3,"failure",110,8,,,
"Afternoon workout 💪","Jan 13, 2024, 5:51 PM","Jan 13, 2024, 6:34 PM","","Calf Press (Machine)",,"",0,"failure",270,12,,,
"Afternoon workout 💪","Jan 13, 2024, 5:51 PM","Jan 13, 2024, 6:34 PM","","Calf Press (Machine)",,"",1,"failure",290,6,,,
"Afternoon workout 💪","Jan 13, 2024, 5:51 PM","Jan 13, 2024, 6:34 PM","","Leg Press (Machine)",,"",0,"failure",270,12,,,
"Afternoon workout 💪","Jan 13, 2024, 5:51 PM","Jan 13, 2024, 6:34 PM","","Leg Press (Machine)",,"",1,"failure",290,7,,,
"Afternoon workout 💪","Jan 13, 2024, 5:51 PM","Jan 13, 2024, 6:34 PM","","Hip Abduction (Machine)",,"",0,"failure",110,4,,,
"Afternoon workout 💪","Jan 13, 2024, 5:51 PM","Jan 13, 2024, 6:34 PM","","Hip Abduction (Machine)",,"",1,"failure",100,6,,,
"Afternoon workout 💪","Jan 13, 2024, 5:51 PM","Jan 13, 2024, 6:34 PM","","Hip Abduction (Machine)",,"",2,"failure",90,16,,,
"Afternoon workout 💪","Jan 13, 2024, 5:51 PM","Jan 13, 2024, 6:34 PM","","Hip Adduction (Machine)",,"",0,"failure",120,5,,,
"Afternoon workout 💪","Jan 13, 2024, 5:51 PM","Jan 13, 2024, 6:34 PM","","Hip Adduction (Machine)",,"",1,"failure",100,11,,,
"Afternoon workout 💪","Jan 13, 2024, 5:51 PM","Jan 13, 2024, 6:34 PM","","Hip Adduction (Machine)",,"",2,"failure",110,4,,,
"Afternoon workout 💪","Jan 13, 2024, 5:51 PM","Jan 13, 2024, 6:34 PM","","Hip Adduction (Machine)",,"",3,"failure",100,9,,,
"Morning workout ☀️","Jan 12, 2024, 7:43 AM","Jan 12, 2024, 8:19 AM","","Seated Cable Row - V Grip (Cable)",,"",0,"failure",77,12,,,
"Morning workout ☀️","Jan 12, 2024, 7:43 AM","Jan 12, 2024, 8:19 AM","","Seated Cable Row - V Grip (Cable)",,"",1,"failure",88,8,,,
"Morning workout ☀️","Jan 12, 2024, 7:43 AM","Jan 12, 2024, 8:19 AM","","Rear Delt Reverse Fly (Machine)",,"",0,"failure",75,8,,,
"Morning workout ☀️","Jan 12, 2024, 7:43 AM","Jan 12, 2024, 8:19 AM","","Rear Delt Reverse Fly (Machine)",,"",1,"failure",70,6,,,
"Morning workout ☀️","Jan 12, 2024, 7:43 AM","Jan 12, 2024, 8:19 AM","","Rear Delt Reverse Fly (Machine)",,"",2,"failure",65,7,,,
"Morning workout ☀️","Jan 12, 2024, 7:43 AM","Jan 12, 2024, 8:19 AM","","Seated Shoulder Press (Machine)",,"",0,"failure",70,8,,,
"Morning workout ☀️","Jan 12, 2024, 7:43 AM","Jan 12, 2024, 8:19 AM","","Seated Shoulder Press (Machine)",,"",1,"failure",65,6,,,
"Morning workout ☀️","Jan 12, 2024, 7:43 AM","Jan 12, 2024, 8:19 AM","","Deltoid Raise",,"",0,"warmup",60,10,,,
"Morning workout ☀️","Jan 12, 2024, 7:43 AM","Jan 12, 2024, 8:19 AM","","Deltoid Raise",,"",1,"failure",55,11,,,
"Morning workout ☀️","Jan 12, 2024, 7:43 AM","Jan 12, 2024, 8:19 AM","","Deltoid Raise",,"",2,"failure",50,8,,,
"Morning workout ☀️","Jan 12, 2024, 7:43 AM","Jan 12, 2024, 8:19 AM","","Shoulder Press (Dumbbell)",,"",0,"failure",22.5,11,,,
"Morning workout ☀️","Jan 12, 2024, 7:43 AM","Jan 12, 2024, 8:19 AM","","Shoulder Press (Dumbbell)",,"",1,"failure",20,14,,,
"Morning workout ☀️","Jan 12, 2024, 7:43 AM","Jan 12, 2024, 8:19 AM","","Arnold Press (Dumbbell)",,"",0,"failure",22.5,7,,,
"Morning workout ☀️","Jan 12, 2024, 7:43 AM","Jan 12, 2024, 8:19 AM","","Arnold Press (Dumbbell)",,"",1,"failure",20,8,,,
"Afternoon workout 💪","Jan 8, 2024, 5:34 PM","Jan 8, 2024, 6:20 PM","","Decline Bench Press (Machine)",,"",0,"failure",80,10,,,
"Afternoon workout 💪","Jan 8, 2024, 5:34 PM","Jan 8, 2024, 6:20 PM","","Decline Bench Press (Machine)",,"",1,"failure",85,9,,,
"Afternoon workout 💪","Jan 8, 2024, 5:34 PM","Jan 8, 2024, 6:20 PM","","Decline Bench Press (Machine)",,"",2,"failure",80,8,,,
"Afternoon workout 💪","Jan 8, 2024, 5:34 PM","Jan 8, 2024, 6:20 PM","","Preacher Curl (Machine)",,"",0,"failure",50,8,,,
"Afternoon workout 💪","Jan 8, 2024, 5:34 PM","Jan 8, 2024, 6:20 PM","","Preacher Curl (Machine)",,"",1,"failure",50,6,,,
"Afternoon workout 💪","Jan 8, 2024, 5:34 PM","Jan 8, 2024, 6:20 PM","","Preacher Curl (Machine)",,"",2,"failure",45,6,,,
"Afternoon workout 💪","Jan 8, 2024, 5:34 PM","Jan 8, 2024, 6:20 PM","","Triceps Pushdown",,"",0,"failure",49.5,7,,,
"Afternoon workout 💪","Jan 8, 2024, 5:34 PM","Jan 8, 2024, 6:20 PM","","Triceps Pushdown",,"",1,"failure",44,10,,,
"Afternoon workout 💪","Jan 8, 2024, 5:34 PM","Jan 8, 2024, 6:20 PM","","Triceps Pushdown",,"",2,"failure",44,6,,,
"Afternoon workout 💪","Jan 8, 2024, 5:34 PM","Jan 8, 2024, 6:20 PM","","Bench Press (Dumbbell)",,"",0,"warmup",25,10,,,
"Afternoon workout 💪","Jan 8, 2024, 5:34 PM","Jan 8, 2024, 6:20 PM","","Bench Press (Dumbbell)",,"",1,"failure",27.5,7,,,
"Afternoon workout 💪","Jan 8, 2024, 5:34 PM","Jan 8, 2024, 6:20 PM","","Hex Press (Dumbbell)",,"",0,"failure",27.5,10,,,
"Afternoon workout 💪","Jan 8, 2024, 5:34 PM","Jan 8, 2024, 6:20 PM","","Hex Press (Dumbbell)",,"",1,"failure",25,5,,,
"Afternoon workout 💪","Jan 8, 2024, 5:34 PM","Jan 8, 2024, 6:20 PM","","Butterfly (Pec Deck)",,"",0,"failure",80,9,,,
"Afternoon workout 💪","Jan 8, 2024, 5:34 PM","Jan 8, 2024, 6:20 PM","","Butterfly (Pec Deck)",,"",1,"failure",80,6,,,
"Afternoon workout 💪","Jan 8, 2024, 5:34 PM","Jan 8, 2024, 6:20 PM","","Butterfly (Pec Deck)",,"",2,"failure",70,5,,,
"Afternoon workout 💪","Jan 8, 2024, 5:34 PM","Jan 8, 2024, 6:20 PM","","Butterfly (Pec Deck)",,"",3,"failure",70,2,,,
"Afternoon workout 💪","Jan 7, 2024, 6:09 PM","Jan 7, 2024, 6:48 PM","","Deltoid Raise",,"",0,"failure",60,12,,,
"Afternoon workout 💪","Jan 7, 2024, 6:09 PM","Jan 7, 2024, 6:48 PM","","Deltoid Raise",,"",1,"failure",55,11,,,
"Afternoon workout 💪","Jan 7, 2024, 6:09 PM","Jan 7, 2024, 6:48 PM","","Lat Pulldown (Machine)",,"",0,"failure",110,11,,,
"Afternoon workout 💪","Jan 7, 2024, 6:09 PM","Jan 7, 2024, 6:48 PM","","Lat Pulldown (Machine)",,"",1,"failure",110,8,,,
"Afternoon workout 💪","Jan 7, 2024, 6:09 PM","Jan 7, 2024, 6:48 PM","","Lat Pulldown (Machine)",,"",2,"failure",100,8,,,
"Afternoon workout 💪","Jan 7, 2024, 6:09 PM","Jan 7, 2024, 6:48 PM","","Rear Delt Reverse Fly (Machine)",,"",0,"failure",75,7,,,
"Afternoon workout 💪","Jan 7, 2024, 6:09 PM","Jan 7, 2024, 6:48 PM","","Rear Delt Reverse Fly (Machine)",,"",1,"failure",70,7,,,
"Afternoon workout 💪","Jan 7, 2024, 6:09 PM","Jan 7, 2024, 6:48 PM","","Rear Delt Reverse Fly (Machine)",,"",2,"failure",65,5,,,
"Afternoon workout 💪","Jan 7, 2024, 6:09 PM","Jan 7, 2024, 6:48 PM","","Seated Shoulder Press (Machine)",,"",0,"failure",70,9,,,
"Afternoon workout 💪","Jan 7, 2024, 6:09 PM","Jan 7, 2024, 6:48 PM","","Seated Shoulder Press (Machine)",,"",1,"failure",65,8,,,
"Afternoon workout 💪","Jan 7, 2024, 6:09 PM","Jan 7, 2024, 6:48 PM","","Seated Shoulder Press (Machine)",,"",2,"failure",60,7,,,
"Afternoon workout 💪","Jan 7, 2024, 6:09 PM","Jan 7, 2024, 6:48 PM","","Shoulder Press (Dumbbell)",,"",0,"failure",17.5,15,,,
"Afternoon workout 💪","Jan 7, 2024, 6:09 PM","Jan 7, 2024, 6:48 PM","","Shoulder Press (Dumbbell)",,"",1,"failure",17.5,11,,,
"Afternoon workout 💪","Jan 7, 2024, 6:09 PM","Jan 7, 2024, 6:48 PM","","Lat Pulldown (Cable)",,"",0,"failure",99,11,,,
"Afternoon workout 💪","Jan 7, 2024, 6:09 PM","Jan 7, 2024, 6:48 PM","","Lat Pulldown (Cable)",,"",1,"failure",99,8,,,
"Afternoon workout 💪","Jan 7, 2024, 6:09 PM","Jan 7, 2024, 6:48 PM","","Reverse Grip Lat Pulldown (Cable)",,"",0,"failure",93,7,,,
"Afternoon workout 💪","Jan 7, 2024, 6:09 PM","Jan 7, 2024, 6:48 PM","","Reverse Grip Lat Pulldown (Cable)",,"",1,"failure",88,8,,,
"Evening workout 🏋️","Jan 5, 2024, 7:42 PM","Jan 5, 2024, 8:31 PM","","Seated Triceps Press",,"",0,"failure",40,9,,,
"Evening workout 🏋️","Jan 5, 2024, 7:42 PM","Jan 5, 2024, 8:31 PM","","Seated Triceps Press",,"",1,"failure",35,10,,,
"Evening workout 🏋️","Jan 5, 2024, 7:42 PM","Jan 5, 2024, 8:31 PM","","Preacher Curl (Machine)",,"",0,"failure",45,11,,,
"Evening workout 🏋️","Jan 5, 2024, 7:42 PM","Jan 5, 2024, 8:31 PM","","Preacher Curl (Machine)",,"",1,"failure",40,8,,,
"Evening workout 🏋️","Jan 5, 2024, 7:42 PM","Jan 5, 2024, 8:31 PM","","Preacher Curl (Machine)",,"",2,"failure",40,8,,,
"Evening workout 🏋️","Jan 5, 2024, 7:42 PM","Jan 5, 2024, 8:31 PM","","Bicep Curl (Machine)",,"",0,"failure",70,8,,,
"Evening workout 🏋️","Jan 5, 2024, 7:42 PM","Jan 5, 2024, 8:31 PM","","Bicep Curl (Machine)",,"",1,"failure",65,12,,,
"Evening workout 🏋️","Jan 5, 2024, 7:42 PM","Jan 5, 2024, 8:31 PM","","Bicep Curl (Machine)",,"",2,"failure",60,7,,,
"Evening workout 🏋️","Jan 5, 2024, 7:42 PM","Jan 5, 2024, 8:31 PM","","Butterfly (Pec Deck)",,"",0,"failure",70,10,,,
"Evening workout 🏋️","Jan 5, 2024, 7:42 PM","Jan 5, 2024, 8:31 PM","","Butterfly (Pec Deck)",,"",1,"failure",70,10,,,
"Evening workout 🏋️","Jan 5, 2024, 7:42 PM","Jan 5, 2024, 8:31 PM","","Decline Bench Press (Machine)",,"",0,"failure",70,6,,,
"Evening workout 🏋️","Jan 5, 2024, 7:42 PM","Jan 5, 2024, 8:31 PM","","Decline Bench Press (Machine)",,"",1,"failure",65,6,,,
"Evening workout 🏋️","Jan 5, 2024, 7:42 PM","Jan 5, 2024, 8:31 PM","","Decline Bench Press (Machine)",,"",2,"failure",60,8,,,
"Evening workout 🏋️","Jan 5, 2024, 7:42 PM","Jan 5, 2024, 8:31 PM","","Hammer Curl (Dumbbell)",,"",0,"failure",17.5,16,,,
"Evening workout 🏋️","Jan 5, 2024, 7:42 PM","Jan 5, 2024, 8:31 PM","","Hammer Curl (Dumbbell)",,"",1,"failure",17.5,12,,,
"Evening workout 🏋️","Jan 5, 2024, 7:42 PM","Jan 5, 2024, 8:31 PM","","Zottman Curl (Dumbbell)",,"",0,"failure",17.5,9,,,
"Evening workout 🏋️","Jan 5, 2024, 7:42 PM","Jan 5, 2024, 8:31 PM","","Zottman Curl (Dumbbell)",,"",1,"failure",17.5,10,,,
"Evening workout 🏋️","Jan 5, 2024, 7:42 PM","Jan 5, 2024, 8:31 PM","","Triceps Pushdown",,"",0,"failure",49,15,,,
"Evening workout 🏋️","Jan 5, 2024, 7:42 PM","Jan 5, 2024, 8:31 PM","","Triceps Pushdown",,"",1,"failure",55,5,,,
"Evening workout 🏋️","Jan 5, 2024, 7:42 PM","Jan 5, 2024, 8:31 PM","","Triceps Pushdown",,"",2,"failure",49,7,,,
"Morning workout ☀️","Jan 1, 2024, 10:44 AM","Jan 1, 2024, 11:29 AM","","Leg Press (Machine)",,"",0,"failure",180,12,,,
"Morning workout ☀️","Jan 1, 2024, 10:44 AM","Jan 1, 2024, 11:29 AM","","Leg Press (Machine)",,"",1,"failure",230,10,,,
"Morning workout ☀️","Jan 1, 2024, 10:44 AM","Jan 1, 2024, 11:29 AM","","Leg Press (Machine)",,"",2,"failure",180,10,,,
"Morning workout ☀️","Jan 1, 2024, 10:44 AM","Jan 1, 2024, 11:29 AM","","Calf Press (Machine)",,"",0,"failure",180,10,,,
"Morning workout ☀️","Jan 1, 2024, 10:44 AM","Jan 1, 2024, 11:29 AM","","Calf Press (Machine)",,"",1,"failure",230,8,,,
"Morning workout ☀️","Jan 1, 2024, 10:44 AM","Jan 1, 2024, 11:29 AM","","Leg Extension (Machine)",,"",0,"failure",110,11,,,
"Morning workout ☀️","Jan 1, 2024, 10:44 AM","Jan 1, 2024, 11:29 AM","","Leg Extension (Machine)",,"",1,"failure",120,8,,,
"Morning workout ☀️","Jan 1, 2024, 10:44 AM","Jan 1, 2024, 11:29 AM","","Leg Extension (Machine)",,"",2,"failure",110,7,,,
"Morning workout ☀️","Jan 1, 2024, 10:44 AM","Jan 1, 2024, 11:29 AM","","Hip Abduction (Machine)",,"",0,"failure",100,15,,,
"Morning workout ☀️","Jan 1, 2024, 10:44 AM","Jan 1, 2024, 11:29 AM","","Hip Abduction (Machine)",,"",1,"failure",110,11,,,
"Morning workout ☀️","Jan 1, 2024, 10:44 AM","Jan 1, 2024, 11:29 AM","","Standing Calf Raise (Machine)",,"",0,"failure",100,8,,,
"Morning workout ☀️","Jan 1, 2024, 10:44 AM","Jan 1, 2024, 11:29 AM","","Standing Calf Raise (Machine)",,"",1,"failure",90,8,,,
"Morning workout ☀️","Jan 1, 2024, 10:44 AM","Jan 1, 2024, 11:29 AM","","Lying Leg Curl (Machine)",,"",0,"failure",80,9,,,
"Morning workout ☀️","Jan 1, 2024, 10:44 AM","Jan 1, 2024, 11:29 AM","","Lying Leg Curl (Machine)",,"",1,"failure",75,6,,,
"Morning workout ☀️","Jan 1, 2024, 10:44 AM","Jan 1, 2024, 11:29 AM","","Lying Leg Curl (Machine)",,"",2,"failure",70,5,,,
"Evening workout 🏋️","Dec 30, 2023, 6:37 PM","Dec 30, 2023, 7:13 PM","","Deltoid Raise",,"",0,"failure",55,15,,,
"Evening workout 🏋️","Dec 30, 2023, 6:37 PM","Dec 30, 2023, 7:13 PM","","Deltoid Raise",,"",1,"failure",60,9,,,
"Evening workout 🏋️","Dec 30, 2023, 6:37 PM","Dec 30, 2023, 7:13 PM","","Deltoid Raise",,"",2,"failure",55,9,,,
"Evening workout 🏋️","Dec 30, 2023, 6:37 PM","Dec 30, 2023, 7:13 PM","","Rear Delt Reverse Fly (Machine)",,"",0,"failure",70,9,,,
"Evening workout 🏋️","Dec 30, 2023, 6:37 PM","Dec 30, 2023, 7:13 PM","","Rear Delt Reverse Fly (Machine)",,"",1,"failure",70,8,,,
"Evening workout 🏋️","Dec 30, 2023, 6:37 PM","Dec 30, 2023, 7:13 PM","","Rear Delt Reverse Fly (Machine)",,"",2,"failure",60,7,,,
"Evening workout 🏋️","Dec 30, 2023, 6:37 PM","Dec 30, 2023, 7:13 PM","","Arnold Press (Dumbbell)",,"",0,"failure",22.5,8,,,
"Evening workout 🏋️","Dec 30, 2023, 6:37 PM","Dec 30, 2023, 7:13 PM","","Arnold Press (Dumbbell)",,"",1,"failure",22.5,9,,,
"Evening workout 🏋️","Dec 30, 2023, 6:37 PM","Dec 30, 2023, 7:13 PM","","Lateral Raise (Dumbbell)",,"",0,"failure",12.5,9,,,
"Evening workout 🏋️","Dec 30, 2023, 6:37 PM","Dec 30, 2023, 7:13 PM","","Lateral Raise (Dumbbell)",,"",1,"failure",12.5,8,,,
"Evening workout 🏋️","Dec 30, 2023, 6:37 PM","Dec 30, 2023, 7:13 PM","","Seated Cable Row - V Grip (Cable)",,"",0,"failure",66,11,,,
"Evening workout 🏋️","Dec 30, 2023, 6:37 PM","Dec 30, 2023, 7:13 PM","","Seated Cable Row - V Grip (Cable)",,"",1,"failure",77,8,,,
"Evening workout 🏋️","Dec 30, 2023, 6:37 PM","Dec 30, 2023, 7:13 PM","","Seated Cable Row - V Grip (Cable)",,"",2,"failure",71,7,,,
"Evening workout 🏋️","Dec 30, 2023, 6:37 PM","Dec 30, 2023, 7:13 PM","","Seated Shoulder Press (Machine)",,"",0,"failure",70,7,,,
"Evening workout 🏋️","Dec 30, 2023, 6:37 PM","Dec 30, 2023, 7:13 PM","","Seated Shoulder Press (Machine)",,"",1,"failure",60,7,,,
"Afternoon workout 💪","Dec 29, 2023, 1:02 PM","Dec 29, 2023, 2:18 PM","","Bicep Curl (Machine)",,"",0,"failure",65,5,,,
"Afternoon workout 💪","Dec 29, 2023, 1:02 PM","Dec 29, 2023, 2:18 PM","","Bicep Curl (Machine)",,"",1,"failure",50,12,,,
"Afternoon workout 💪","Dec 29, 2023, 1:02 PM","Dec 29, 2023, 2:18 PM","","Bicep Curl (Machine)",,"",2,"failure",60,7,,,
"Afternoon workout 💪","Dec 29, 2023, 1:02 PM","Dec 29, 2023, 2:18 PM","","Chest Press (Machine)",,"",0,"failure",80,10,,,
"Afternoon workout 💪","Dec 29, 2023, 1:02 PM","Dec 29, 2023, 2:18 PM","","Chest Press (Machine)",,"",1,"failure",75,9,,,
"Afternoon workout 💪","Dec 29, 2023, 1:02 PM","Dec 29, 2023, 2:18 PM","","Preacher Curl (Machine)",,"",0,"failure",40,12,,,
"Afternoon workout 💪","Dec 29, 2023, 1:02 PM","Dec 29, 2023, 2:18 PM","","Preacher Curl (Machine)",,"",1,"failure",45,5,,,
"Afternoon workout 💪","Dec 29, 2023, 1:02 PM","Dec 29, 2023, 2:18 PM","","Preacher Curl (Machine)",,"",2,"failure",40,5,,,
"Afternoon workout 💪","Dec 29, 2023, 1:02 PM","Dec 29, 2023, 2:18 PM","","Bench Press (Dumbbell)",,"",0,"failure",25,15,,,
"Afternoon workout 💪","Dec 29, 2023, 1:02 PM","Dec 29, 2023, 2:18 PM","","Bench Press (Dumbbell)",,"",1,"failure",25,7,,,
"Afternoon workout 💪","Dec 29, 2023, 1:02 PM","Dec 29, 2023, 2:18 PM","","Hex Press (Dumbbell)",,"",0,"failure",25,11,,,
"Afternoon workout 💪","Dec 29, 2023, 1:02 PM","Dec 29, 2023, 2:18 PM","","Hex Press (Dumbbell)",,"",1,"failure",20,9,,,
"Afternoon workout 💪","Dec 29, 2023, 1:02 PM","Dec 29, 2023, 2:18 PM","","Butterfly (Pec Deck)",,"",0,"failure",65,15,,,
"Afternoon workout 💪","Dec 29, 2023, 1:02 PM","Dec 29, 2023, 2:18 PM","","Butterfly (Pec Deck)",,"",1,"failure",65,13,,,
"Afternoon workout 💪","Dec 29, 2023, 1:02 PM","Dec 29, 2023, 2:18 PM","","Butterfly (Pec Deck)",,"",2,"failure",70,9,,,
"Afternoon workout 💪","Dec 29, 2023, 1:02 PM","Dec 29, 2023, 2:18 PM","","Cycling",,"",0,"normal",,,5.19,1434,
"Evening workout 🏋️","Dec 27, 2023, 7:41 PM","Dec 27, 2023, 8:15 PM","","Lat Pulldown (Machine)",,"",0,"failure",100,15,,,
"Evening workout 🏋️","Dec 27, 2023, 7:41 PM","Dec 27, 2023, 8:15 PM","","Lat Pulldown (Machine)",,"",1,"failure",110,9,,,
"Evening workout 🏋️","Dec 27, 2023, 7:41 PM","Dec 27, 2023, 8:15 PM","","Lat Pulldown (Machine)",,"",2,"failure",100,9,,,
"Evening workout 🏋️","Dec 27, 2023, 7:41 PM","Dec 27, 2023, 8:15 PM","","Seated Shoulder Press (Machine)",,"",0,"failure",70,9,,,
"Evening workout 🏋️","Dec 27, 2023, 7:41 PM","Dec 27, 2023, 8:15 PM","","Seated Shoulder Press (Machine)",,"",1,"failure",65,8,,,
"Evening workout 🏋️","Dec 27, 2023, 7:41 PM","Dec 27, 2023, 8:15 PM","","Pull Up",,"",0,"failure",,6,,,
"Evening workout 🏋️","Dec 27, 2023, 7:41 PM","Dec 27, 2023, 8:15 PM","","Pull Up",,"",1,"failure",,9,,,
"Evening workout 🏋️","Dec 27, 2023, 7:41 PM","Dec 27, 2023, 8:15 PM","","Pull Up",,"",2,"failure",,5,,,
"Evening workout 🏋️","Dec 27, 2023, 7:41 PM","Dec 27, 2023, 8:15 PM","","Lat Pulldown (Cable)",,"",0,"failure",99,8,,,
"Evening workout 🏋️","Dec 27, 2023, 7:41 PM","Dec 27, 2023, 8:15 PM","","Lat Pulldown (Cable)",,"",1,"failure",88,8,,,
"Evening workout 🏋️","Dec 27, 2023, 7:41 PM","Dec 27, 2023, 8:15 PM","","Reverse Grip Lat Pulldown (Cable)",,"",0,"failure",88,8,,,
"Evening workout 🏋️","Dec 27, 2023, 7:41 PM","Dec 27, 2023, 8:15 PM","","Reverse Grip Lat Pulldown (Cable)",,"",1,"failure",88,7,,,
"Evening workout 🏋️","Dec 26, 2023, 6:53 PM","Dec 26, 2023, 7:33 PM","","Triceps Pushdown",,"",0,"failure",44,15,,,
"Evening workout 🏋️","Dec 26, 2023, 6:53 PM","Dec 26, 2023, 7:33 PM","","Triceps Pushdown",,"",1,"failure",49,7,,,
"Evening workout 🏋️","Dec 26, 2023, 6:53 PM","Dec 26, 2023, 7:33 PM","","Triceps Pushdown",,"",2,"failure",44,9,,,
"Evening workout 🏋️","Dec 26, 2023, 6:53 PM","Dec 26, 2023, 7:33 PM","","Seated Triceps Press",,"",0,"failure",35,8,,,
"Evening workout 🏋️","Dec 26, 2023, 6:53 PM","Dec 26, 2023, 7:33 PM","","Seated Triceps Press",,"",1,"failure",30,10,,,
"Evening workout 🏋️","Dec 26, 2023, 6:53 PM","Dec 26, 2023, 7:33 PM","","Preacher Curl (Machine)",,"",0,"failure",35,14,,,
"Evening workout 🏋️","Dec 26, 2023, 6:53 PM","Dec 26, 2023, 7:33 PM","","Preacher Curl (Machine)",,"",1,"failure",40,9,,,
"Evening workout 🏋️","Dec 26, 2023, 6:53 PM","Dec 26, 2023, 7:33 PM","","Preacher Curl (Machine)",,"",2,"failure",35,8,,,
"Evening workout 🏋️","Dec 26, 2023, 6:53 PM","Dec 26, 2023, 7:33 PM","","Bicep Curl (Dumbbell)",,"",0,"failure",22.5,8,,,
"Evening workout 🏋️","Dec 26, 2023, 6:53 PM","Dec 26, 2023, 7:33 PM","","Bicep Curl (Dumbbell)",,"",1,"failure",17.5,8,,,
"Evening workout 🏋️","Dec 26, 2023, 6:53 PM","Dec 26, 2023, 7:33 PM","","Decline Bench Press (Machine)",,"",0,"failure",65,10,,,
"Evening workout 🏋️","Dec 26, 2023, 6:53 PM","Dec 26, 2023, 7:33 PM","","Decline Bench Press (Machine)",,"",1,"failure",50,10,,,
"Evening workout 🏋️","Dec 26, 2023, 6:53 PM","Dec 26, 2023, 7:33 PM","","Butterfly (Pec Deck)",,"",0,"failure",70,11,,,
"Evening workout 🏋️","Dec 26, 2023, 6:53 PM","Dec 26, 2023, 7:33 PM","","Butterfly (Pec Deck)",,"",1,"failure",75,7,,,
"Afternoon workout 💪","Dec 17, 2023, 12:25 PM","Dec 17, 2023, 1:06 PM","","Standing Calf Raise (Machine)",,"",0,"failure",90,10,,,
"Afternoon workout 💪","Dec 17, 2023, 12:25 PM","Dec 17, 2023, 1:06 PM","","Standing Calf Raise (Machine)",,"",1,"failure",90,8,,,
"Afternoon workout 💪","Dec 17, 2023, 12:25 PM","Dec 17, 2023, 1:06 PM","","Squat (Barbell)",,"",0,"failure",20,10,,,
"Afternoon workout 💪","Dec 17, 2023, 12:25 PM","Dec 17, 2023, 1:06 PM","","Squat (Barbell)",,"",1,"failure",40,8,,,
"Afternoon workout 💪","Dec 17, 2023, 12:25 PM","Dec 17, 2023, 1:06 PM","","Squat (Barbell)",,"",2,"failure",50,7,,,
"Afternoon workout 💪","Dec 17, 2023, 12:25 PM","Dec 17, 2023, 1:06 PM","","Hip Adduction (Machine)",,"",0,"failure",120,17,,,
"Afternoon workout 💪","Dec 17, 2023, 12:25 PM","Dec 17, 2023, 1:06 PM","","Hip Adduction (Machine)",,"",1,"failure",110,8,,,
"Afternoon workout 💪","Dec 17, 2023, 12:25 PM","Dec 17, 2023, 1:06 PM","","Leg Extension (Machine)",,"",0,"failure",120,11,,,
"Afternoon workout 💪","Dec 17, 2023, 12:25 PM","Dec 17, 2023, 1:06 PM","","Leg Extension (Machine)",,"",1,"failure",110,8,,,
"Afternoon workout 💪","Dec 17, 2023, 12:25 PM","Dec 17, 2023, 1:06 PM","","Leg Extension (Machine)",,"",2,"failure",100,8,,,
"Afternoon workout 💪","Dec 17, 2023, 12:25 PM","Dec 17, 2023, 1:06 PM","","Leg Press Horizontal (Machine)",,"",0,"failure",200,8,,,
"Afternoon workout 💪","Dec 17, 2023, 12:25 PM","Dec 17, 2023, 1:06 PM","","Leg Press Horizontal (Machine)",,"",1,"failure",180,107,,,
"Afternoon workout 💪","Dec 17, 2023, 12:25 PM","Dec 17, 2023, 1:06 PM","","Seated Leg Curl (Machine)",,"",0,"failure",80,8,,,
"Afternoon workout 💪","Dec 17, 2023, 12:25 PM","Dec 17, 2023, 1:06 PM","","Seated Leg Curl (Machine)",,"",1,"failure",80,8,,,
"Afternoon workout 💪","Dec 15, 2023, 3:57 PM","Dec 15, 2023, 4:32 PM","","Decline Bench Press (Machine)",,"",0,"failure",70,10,,,
"Afternoon workout 💪","Dec 15, 2023, 3:57 PM","Dec 15, 2023, 4:32 PM","","Decline Bench Press (Machine)",,"",1,"failure",65,8,,,
"Afternoon workout 💪","Dec 15, 2023, 3:57 PM","Dec 15, 2023, 4:32 PM","","Decline Bench Press (Machine)",,"",2,"failure",60,8,,,
"Afternoon workout 💪","Dec 15, 2023, 3:57 PM","Dec 15, 2023, 4:32 PM","","Preacher Curl (Machine)",,"",0,"failure",40,10,,,
"Afternoon workout 💪","Dec 15, 2023, 3:57 PM","Dec 15, 2023, 4:32 PM","","Preacher Curl (Machine)",,"",1,"failure",45,5,,,
"Afternoon workout 💪","Dec 15, 2023, 3:57 PM","Dec 15, 2023, 4:32 PM","","Preacher Curl (Machine)",,"",2,"failure",35,7,,,
"Afternoon workout 💪","Dec 15, 2023, 3:57 PM","Dec 15, 2023, 4:32 PM","","Hex Press (Dumbbell)",,"",0,"failure",25,9,,,
"Afternoon workout 💪","Dec 15, 2023, 3:57 PM","Dec 15, 2023, 4:32 PM","","Hex Press (Dumbbell)",,"",1,"failure",25,8,,,
"Afternoon workout 💪","Dec 15, 2023, 3:57 PM","Dec 15, 2023, 4:32 PM","","Bench Press (Dumbbell)",,"",0,"failure",25,10,,,
"Afternoon workout 💪","Dec 15, 2023, 3:57 PM","Dec 15, 2023, 4:32 PM","","Bench Press (Dumbbell)",,"",1,"failure",25,7,,,
"Afternoon workout 💪","Dec 15, 2023, 3:57 PM","Dec 15, 2023, 4:32 PM","","Bench press with twist",,"",0,"normal",22.5,10,,,
"Afternoon workout 💪","Dec 15, 2023, 3:57 PM","Dec 15, 2023, 4:32 PM","","Bench press with twist",,"",1,"failure",25,8,,,
"Afternoon workout 💪","Dec 15, 2023, 3:57 PM","Dec 15, 2023, 4:32 PM","","Butterfly (Pec Deck)",,"",0,"failure",80,8,,,
"Afternoon workout 💪","Dec 15, 2023, 3:57 PM","Dec 15, 2023, 4:32 PM","","Butterfly (Pec Deck)",,"",1,"failure",75,7,,,
"Afternoon workout 💪","Dec 15, 2023, 3:57 PM","Dec 15, 2023, 4:32 PM","","Butterfly (Pec Deck)",,"",2,"failure",75,4,,,
"Afternoon workout 💪","Dec 13, 2023, 4:58 PM","Dec 13, 2023, 5:35 PM","","Lat Pulldown (Machine)",,"",0,"failure",110,12,,,
"Afternoon workout 💪","Dec 13, 2023, 4:58 PM","Dec 13, 2023, 5:35 PM","","Lat Pulldown (Machine)",,"",1,"failure",100,10,,,
"Afternoon workout 💪","Dec 13, 2023, 4:58 PM","Dec 13, 2023, 5:35 PM","","Lat Pulldown (Machine)",,"",2,"failure",100,8,,,
"Afternoon workout 💪","Dec 13, 2023, 4:58 PM","Dec 13, 2023, 5:35 PM","","Rear Delt Reverse Fly (Machine)",,"",0,"failure",60,5,,,
"Afternoon workout 💪","Dec 13, 2023, 4:58 PM","Dec 13, 2023, 5:35 PM","","Rear Delt Reverse Fly (Machine)",,"",1,"failure",70,7,,,
"Afternoon workout 💪","Dec 13, 2023, 4:58 PM","Dec 13, 2023, 5:35 PM","","Rear Delt Reverse Fly (Machine)",,"",2,"failure",65,6,,,
"Afternoon workout 💪","Dec 13, 2023, 4:58 PM","Dec 13, 2023, 5:35 PM","","Lat Pulldown (Cable)",,"",0,"failure",99,10,,,
"Afternoon workout 💪","Dec 13, 2023, 4:58 PM","Dec 13, 2023, 5:35 PM","","Lat Pulldown (Cable)",,"",1,"failure",99,6,,,
"Afternoon workout 💪","Dec 13, 2023, 4:58 PM","Dec 13, 2023, 5:35 PM","","Lat Pulldown (Cable)",,"",2,"failure",88,8,,,
"Afternoon workout 💪","Dec 13, 2023, 4:58 PM","Dec 13, 2023, 5:35 PM","","Reverse Grip Lat Pulldown (Cable)",,"",0,"failure",88,7,,,
"Afternoon workout 💪","Dec 13, 2023, 4:58 PM","Dec 13, 2023, 5:35 PM","","Reverse Grip Lat Pulldown (Cable)",,"",1,"failure",99,9,,,
"Afternoon workout 💪","Dec 13, 2023, 4:58 PM","Dec 13, 2023, 5:35 PM","","Deltoid Raise",,"",0,"failure",50,11,,,
"Afternoon workout 💪","Dec 13, 2023, 4:58 PM","Dec 13, 2023, 5:35 PM","","Deltoid Raise",,"",1,"failure",50,9,,,
"Afternoon workout 💪","Dec 13, 2023, 4:58 PM","Dec 13, 2023, 5:35 PM","","Seated Row (Machine)",,"",0,"normal",80,12,,,
"Afternoon workout 💪","Dec 13, 2023, 4:58 PM","Dec 13, 2023, 5:35 PM","","Seated Row (Machine)",,"",1,"failure",90,7,,,
"Afternoon workout 💪","Dec 13, 2023, 4:58 PM","Dec 13, 2023, 5:35 PM","","Seated Row (Machine)",,"",2,"failure",85,8,,,
"Arm day","Dec 11, 2023, 2:11 PM","Dec 11, 2023, 2:55 PM","","Seated Triceps Press",,"",0,"failure",40,8,,,
"Arm day","Dec 11, 2023, 2:11 PM","Dec 11, 2023, 2:55 PM","","Seated Triceps Press",,"",1,"failure",35,10,,,
"Arm day","Dec 11, 2023, 2:11 PM","Dec 11, 2023, 2:55 PM","","Bicep Curl (Machine)",,"",0,"failure",65,8,,,
"Arm day","Dec 11, 2023, 2:11 PM","Dec 11, 2023, 2:55 PM","","Bicep Curl (Machine)",,"",1,"failure",60,10,,,
"Arm day","Dec 11, 2023, 2:11 PM","Dec 11, 2023, 2:55 PM","","Bicep Curl (Machine)",,"",2,"failure",65,13,,,
"Arm day","Dec 11, 2023, 2:11 PM","Dec 11, 2023, 2:55 PM","","Triceps Pushdown",,"",0,"failure",49,11,,,
"Arm day","Dec 11, 2023, 2:11 PM","Dec 11, 2023, 2:55 PM","","Triceps Pushdown",,"",1,"failure",44,8,,,
"Arm day","Dec 11, 2023, 2:11 PM","Dec 11, 2023, 2:55 PM","","Triceps Pushdown",,"",2,"failure",44,5,,,
"Arm day","Dec 11, 2023, 2:11 PM","Dec 11, 2023, 2:55 PM","","Decline Bench Press (Machine)",,"",0,"failure",60,8,,,
"Arm day","Dec 11, 2023, 2:11 PM","Dec 11, 2023, 2:55 PM","","Decline Bench Press (Machine)",,"",1,"failure",60,5,,,
"Arm day","Dec 11, 2023, 2:11 PM","Dec 11, 2023, 2:55 PM","","Bicep Curl (Cable)",,"",0,"failure",33,8,,,
"Arm day","Dec 11, 2023, 2:11 PM","Dec 11, 2023, 2:55 PM","","Bicep Curl (Cable)",,"",1,"failure",27.5,12,,,
"Arm day","Dec 11, 2023, 2:11 PM","Dec 11, 2023, 2:55 PM","","Preacher Curl (Machine)",,"",0,"failure",40,6,,,
"Arm day","Dec 11, 2023, 2:11 PM","Dec 11, 2023, 2:55 PM","","Preacher Curl (Machine)",,"",1,"failure",40,7,,,
"Arm day","Dec 11, 2023, 2:11 PM","Dec 11, 2023, 2:55 PM","","Bicep Curl (Dumbbell)",,"",0,"failure",17.5,9,,,
"Arm day","Dec 11, 2023, 2:11 PM","Dec 11, 2023, 2:55 PM","","Bicep Curl (Dumbbell)",,"",1,"failure",15,14,,,
"Arm day","Dec 11, 2023, 2:11 PM","Dec 11, 2023, 2:55 PM","","Hammer Curl (Dumbbell)",,"",0,"failure",17.5,8,,,
"Arm day","Dec 11, 2023, 2:11 PM","Dec 11, 2023, 2:55 PM","","Hammer Curl (Dumbbell)",,"",1,"failure",15,8,,,
"Leg Day","Dec 8, 2023, 6:49 PM","Dec 8, 2023, 7:26 PM","","Leg Press (Machine)",,"",0,"failure",180,12,,,
"Leg Day","Dec 8, 2023, 6:49 PM","Dec 8, 2023, 7:26 PM","","Leg Press (Machine)",,"",1,"failure",270,14,,,
"Leg Day","Dec 8, 2023, 6:49 PM","Dec 8, 2023, 7:26 PM","","Leg Press (Machine)",,"",2,"failure",230,11,,,
"Leg Day","Dec 8, 2023, 6:49 PM","Dec 8, 2023, 7:26 PM","","Calf Press (Machine)",,"",0,"normal",180,12,,,
"Leg Day","Dec 8, 2023, 6:49 PM","Dec 8, 2023, 7:26 PM","","Calf Press (Machine)",,"",1,"normal",230,12,,,
"Leg Day","Dec 8, 2023, 6:49 PM","Dec 8, 2023, 7:26 PM","","Lying Leg Curl (Machine)",,"",0,"failure",85,11,,,
"Leg Day","Dec 8, 2023, 6:49 PM","Dec 8, 2023, 7:26 PM","","Lying Leg Curl (Machine)",,"",1,"failure",90,5,,,
"Leg Day","Dec 8, 2023, 6:49 PM","Dec 8, 2023, 7:26 PM","","Lying Leg Curl (Machine)",,"",2,"failure",85,7,,,
"Leg Day","Dec 8, 2023, 6:49 PM","Dec 8, 2023, 7:26 PM","","Squat (Barbell)",,"",0,"warmup",20,8,,,
"Leg Day","Dec 8, 2023, 6:49 PM","Dec 8, 2023, 7:26 PM","","Squat (Barbell)",,"",1,"normal",40,6,,,
"Leg Day","Dec 8, 2023, 6:49 PM","Dec 8, 2023, 7:26 PM","","Squat (Barbell)",,"",2,"failure",50,6,,,
"Leg Day","Dec 8, 2023, 6:49 PM","Dec 8, 2023, 7:26 PM","","Hip Abduction (Machine)",,"",0,"failure",110,12,,,
"Leg Day","Dec 8, 2023, 6:49 PM","Dec 8, 2023, 7:26 PM","","Hip Abduction (Machine)",,"",1,"failure",120,3,,,
"Leg Day","Dec 8, 2023, 6:49 PM","Dec 8, 2023, 7:26 PM","","Leg Extension (Machine)",,"",0,"failure",110,13,,,
"Leg Day","Dec 8, 2023, 6:49 PM","Dec 8, 2023, 7:26 PM","","Leg Extension (Machine)",,"",1,"failure",100,7,,,
"chest day","Dec 7, 2023, 3:46 PM","Dec 7, 2023, 4:18 PM","","Chest Press (Machine)",,"",0,"failure",80,18,,,
"chest day","Dec 7, 2023, 3:46 PM","Dec 7, 2023, 4:18 PM","","Chest Press (Machine)",,"",1,"failure",90,10,,,
"chest day","Dec 7, 2023, 3:46 PM","Dec 7, 2023, 4:18 PM","","Bicep Curl (Machine)",,"",0,"failure",60,10,,,
"chest day","Dec 7, 2023, 3:46 PM","Dec 7, 2023, 4:18 PM","","Bicep Curl (Machine)",,"",1,"failure",65,8,,,
"chest day","Dec 7, 2023, 3:46 PM","Dec 7, 2023, 4:18 PM","","Triceps Pushdown",,"",0,"failure",49,14,,,
"chest day","Dec 7, 2023, 3:46 PM","Dec 7, 2023, 4:18 PM","","Triceps Pushdown",,"",1,"failure",55,8,,,
"chest day","Dec 7, 2023, 3:46 PM","Dec 7, 2023, 4:18 PM","","Butterfly (Pec Deck)",,"",0,"failure",90,8,,,
"chest day","Dec 7, 2023, 3:46 PM","Dec 7, 2023, 4:18 PM","","Butterfly (Pec Deck)",,"",1,"failure",80,9,,,
"chest day","Dec 7, 2023, 3:46 PM","Dec 7, 2023, 4:18 PM","","Butterfly (Pec Deck)",,"",2,"failure",80,7,,,
"chest day","Dec 7, 2023, 3:46 PM","Dec 7, 2023, 4:18 PM","","Bench Press (Dumbbell)",,"",0,"failure",22.5,15,,,
"chest day","Dec 7, 2023, 3:46 PM","Dec 7, 2023, 4:18 PM","","Bench Press (Dumbbell)",,"",1,"failure",25,14,,,
"chest day","Dec 7, 2023, 3:46 PM","Dec 7, 2023, 4:18 PM","","Hex Press (Dumbbell)",,"",0,"failure",25,9,,,
"chest day","Dec 7, 2023, 3:46 PM","Dec 7, 2023, 4:18 PM","","Hex Press (Dumbbell)",,"",1,"failure",25,8,,,
"Shoulder day","Dec 5, 2023, 12:26 PM","Dec 5, 2023, 1:08 PM","","Seated Shoulder Press (Machine)",,"",0,"failure",60,12,,,
"Shoulder day","Dec 5, 2023, 12:26 PM","Dec 5, 2023, 1:08 PM","","Seated Shoulder Press (Machine)",,"",1,"failure",70,6,,,
"Shoulder day","Dec 5, 2023, 12:26 PM","Dec 5, 2023, 1:08 PM","","Seated Shoulder Press (Machine)",,"",2,"failure",65,6,,,
"Shoulder day","Dec 5, 2023, 12:26 PM","Dec 5, 2023, 1:08 PM","","Deltoid Raise",,"",0,"failure",50,10,,,
"Shoulder day","Dec 5, 2023, 12:26 PM","Dec 5, 2023, 1:08 PM","","Deltoid Raise",,"",1,"failure",45,10,,,
"Shoulder day","Dec 5, 2023, 12:26 PM","Dec 5, 2023, 1:08 PM","","Deltoid Raise",,"",2,"failure",45,8,,,
"Shoulder day","Dec 5, 2023, 12:26 PM","Dec 5, 2023, 1:08 PM","","Rear Delt Reverse Fly (Machine)",,"",0,"failure",60,11,,,
"Shoulder day","Dec 5, 2023, 12:26 PM","Dec 5, 2023, 1:08 PM","","Rear Delt Reverse Fly (Machine)",,"",1,"failure",65,7,,,
"Shoulder day","Dec 5, 2023, 12:26 PM","Dec 5, 2023, 1:08 PM","","Rear Delt Reverse Fly (Machine)",,"",2,"failure",60,6,,,
"Shoulder day","Dec 5, 2023, 12:26 PM","Dec 5, 2023, 1:08 PM","","Lat Pulldown (Machine)",,"",0,"failure",100,12,,,
"Shoulder day","Dec 5, 2023, 12:26 PM","Dec 5, 2023, 1:08 PM","","Lat Pulldown (Machine)",,"",1,"failure",100,9,,,
"Shoulder day","Dec 5, 2023, 12:26 PM","Dec 5, 2023, 1:08 PM","","Lateral Raise (Dumbbell)",,"",0,"failure",12.5,12,,,
"Shoulder day","Dec 5, 2023, 12:26 PM","Dec 5, 2023, 1:08 PM","","Lateral Raise (Dumbbell)",,"",1,"failure",12.5,8,,,
"Shoulder day","Dec 5, 2023, 12:26 PM","Dec 5, 2023, 1:08 PM","","Lateral Raise (Dumbbell)",,"",2,"failure",10,10,,,
"Shoulder day","Dec 5, 2023, 12:26 PM","Dec 5, 2023, 1:08 PM","","Front Lat Raise",,"",0,"failure",12.5,12,,,
"Shoulder day","Dec 5, 2023, 12:26 PM","Dec 5, 2023, 1:08 PM","","Front Lat Raise",,"",1,"failure",12.5,8,,,
"Shoulder day","Dec 5, 2023, 12:26 PM","Dec 5, 2023, 1:08 PM","","Front Lat Raise",,"",2,"failure",10,12,,,
"Shoulder day","Dec 5, 2023, 12:26 PM","Dec 5, 2023, 1:08 PM","","Lat Pulldown (Cable)",,"",0,"failure",99,9,,,
"Shoulder day","Dec 5, 2023, 12:26 PM","Dec 5, 2023, 1:08 PM","","Lat Pulldown (Cable)",,"",1,"failure",93,10,,,
"Evening workout 🏋️","Nov 30, 2023, 7:48 PM","Nov 30, 2023, 8:40 PM","","Decline Bench Press (Machine)",,"",0,"failure",70,11,,,
"Evening workout 🏋️","Nov 30, 2023, 7:48 PM","Nov 30, 2023, 8:40 PM","","Decline Bench Press (Machine)",,"",1,"failure",75,7,,,
"Evening workout 🏋️","Nov 30, 2023, 7:48 PM","Nov 30, 2023, 8:40 PM","","Decline Bench Press (Machine)",,"",2,"failure",70,7,,,
"Evening workout 🏋️","Nov 30, 2023, 7:48 PM","Nov 30, 2023, 8:40 PM","","Preacher Curl (Machine)",,"",0,"failure",40,10,,,
"Evening workout 🏋️","Nov 30, 2023, 7:48 PM","Nov 30, 2023, 8:40 PM","","Preacher Curl (Machine)",,"",1,"failure",45,6,,,
"Evening workout 🏋️","Nov 30, 2023, 7:48 PM","Nov 30, 2023, 8:40 PM","","Preacher Curl (Machine)",,"",2,"failure",40,7,,,
"Evening workout 🏋️","Nov 30, 2023, 7:48 PM","Nov 30, 2023, 8:40 PM","","Butterfly (Pec Deck)",,"",0,"failure",80,13,,,
"Evening workout 🏋️","Nov 30, 2023, 7:48 PM","Nov 30, 2023, 8:40 PM","","Butterfly (Pec Deck)",,"",1,"failure",85,6,,,
"Evening workout 🏋️","Nov 30, 2023, 7:48 PM","Nov 30, 2023, 8:40 PM","","Bench Press (Dumbbell)",,"",0,"failure",25,14,,,
"Evening workout 🏋️","Nov 30, 2023, 7:48 PM","Nov 30, 2023, 8:40 PM","","Bench Press (Dumbbell)",,"",1,"failure",22.5,8,,,
"Evening workout 🏋️","Nov 30, 2023, 7:48 PM","Nov 30, 2023, 8:40 PM","","Hex Press (Dumbbell)",,"",0,"failure",25,8,,,
"Evening workout 🏋️","Nov 30, 2023, 7:48 PM","Nov 30, 2023, 8:40 PM","","Hex Press (Dumbbell)",,"",1,"failure",22.5,7,,,
"Evening workout 🏋️","Nov 30, 2023, 7:48 PM","Nov 30, 2023, 8:40 PM","","Bench press with twist",,"",0,"failure",25,9,,,
"Back day","Nov 29, 2023, 5:34 PM","Nov 29, 2023, 6:25 PM","","Pull Up (Assisted)",,"",0,"failure",60,9,,,
"Back day","Nov 29, 2023, 5:34 PM","Nov 29, 2023, 6:25 PM","","Pull Up (Assisted)",,"",1,"failure",60,5,,,
"Back day","Nov 29, 2023, 5:34 PM","Nov 29, 2023, 6:25 PM","","Pull Up (Assisted)",,"",2,"failure",60,5,,,
"Back day","Nov 29, 2023, 5:34 PM","Nov 29, 2023, 6:25 PM","","Lat Pulldown (Machine)",,"",0,"failure",100,10,,,
"Back day","Nov 29, 2023, 5:34 PM","Nov 29, 2023, 6:25 PM","","Lat Pulldown (Machine)",,"",1,"failure",90,9,,,
"Back day","Nov 29, 2023, 5:34 PM","Nov 29, 2023, 6:25 PM","","Lat Pulldown (Machine)",,"",2,"failure",95,7,,,
"Back day","Nov 29, 2023, 5:34 PM","Nov 29, 2023, 6:25 PM","","Seated Shoulder Press (Machine)",,"",0,"failure",55,8,,,
"Back day","Nov 29, 2023, 5:34 PM","Nov 29, 2023, 6:25 PM","","Seated Shoulder Press (Machine)",,"",1,"failure",60,10,,,
"Back day","Nov 29, 2023, 5:34 PM","Nov 29, 2023, 6:25 PM","","Seated Row (Machine)",,"",0,"warmup",65,10,,,
"Back day","Nov 29, 2023, 5:34 PM","Nov 29, 2023, 6:25 PM","","Seated Row (Machine)",,"",1,"failure",80,12,,,
"Back day","Nov 29, 2023, 5:34 PM","Nov 29, 2023, 6:25 PM","","Seated Row (Machine)",,"",2,"failure",90,10,,,
"Back day","Nov 29, 2023, 5:34 PM","Nov 29, 2023, 6:25 PM","","Rear Delt Reverse Fly (Machine)",,"",0,"failure",60,4,,,
"Back day","Nov 29, 2023, 5:34 PM","Nov 29, 2023, 6:25 PM","","Rear Delt Reverse Fly (Machine)",,"",1,"failure",50,6,,,
"Arm Day","Nov 28, 2023, 1:12 PM","Nov 28, 2023, 2:06 PM","","Bicep Curl (Machine)",,"",0,"failure",60,9,,,
"Arm Day","Nov 28, 2023, 1:12 PM","Nov 28, 2023, 2:06 PM","","Bicep Curl (Machine)",,"",1,"failure",55,10,,,
"Arm Day","Nov 28, 2023, 1:12 PM","Nov 28, 2023, 2:06 PM","","Bicep Curl (Machine)",,"",2,"failure",50,15,,,
"Arm Day","Nov 28, 2023, 1:12 PM","Nov 28, 2023, 2:06 PM","","Seated Triceps Press",,"",0,"failure",45,6,,,
"Arm Day","Nov 28, 2023, 1:12 PM","Nov 28, 2023, 2:06 PM","","Seated Triceps Press",,"",1,"failure",40,7,,,
"Arm Day","Nov 28, 2023, 1:12 PM","Nov 28, 2023, 2:06 PM","","Seated Triceps Press",,"",2,"failure",35,10,,,
"Arm Day","Nov 28, 2023, 1:12 PM","Nov 28, 2023, 2:06 PM","","Preacher Curl (Machine)",,"",0,"failure",40,10,,,
"Arm Day","Nov 28, 2023, 1:12 PM","Nov 28, 2023, 2:06 PM","","Preacher Curl (Machine)",,"",1,"failure",40,7,,,
"Arm Day","Nov 28, 2023, 1:12 PM","Nov 28, 2023, 2:06 PM","","Decline Bench Press (Machine)",,"",0,"failure",60,9,,,
"Arm Day","Nov 28, 2023, 1:12 PM","Nov 28, 2023, 2:06 PM","","Decline Bench Press (Machine)",,"",1,"failure",55,9,,,
"Arm Day","Nov 28, 2023, 1:12 PM","Nov 28, 2023, 2:06 PM","","Bicep Curl (Dumbbell)",,"",0,"failure",17.5,13,,,
"Arm Day","Nov 28, 2023, 1:12 PM","Nov 28, 2023, 2:06 PM","","Bicep Curl (Dumbbell)",,"",1,"failure",17.5,9,,,
"Arm Day","Nov 28, 2023, 1:12 PM","Nov 28, 2023, 2:06 PM","","Hammer Curl (Dumbbell)",,"",0,"failure",20,7,,,
"Arm Day","Nov 28, 2023, 1:12 PM","Nov 28, 2023, 2:06 PM","","Hammer Curl (Dumbbell)",,"",1,"failure",20,11,,,
"Arm Day","Nov 28, 2023, 1:12 PM","Nov 28, 2023, 2:06 PM","","Triceps Pushdown",,"",0,"warmup",33,13,,,
"Arm Day","Nov 28, 2023, 1:12 PM","Nov 28, 2023, 2:06 PM","","Triceps Pushdown",,"",1,"failure",38,8,,,
"Arm Day","Nov 28, 2023, 1:12 PM","Nov 28, 2023, 2:06 PM","","Triceps Pushdown",,"",2,"failure",38,7,,,
"Afternoon workout 💪","Nov 27, 2023, 5:11 PM","Nov 27, 2023, 6:14 PM","","Single Leg Standing Calf Raise (Machine)",,"",0,"failure",90,13,,,
"Afternoon workout 💪","Nov 27, 2023, 5:11 PM","Nov 27, 2023, 6:14 PM","","Single Leg Standing Calf Raise (Machine)",,"",1,"failure",90,10,,,
"Afternoon workout 💪","Nov 27, 2023, 5:11 PM","Nov 27, 2023, 6:14 PM","","Single Leg Standing Calf Raise (Machine)",,"",2,"failure",80,10,,,
"Afternoon workout 💪","Nov 27, 2023, 5:11 PM","Nov 27, 2023, 6:14 PM","","Leg Extension (Machine)",,"",0,"failure",110,13,,,
"Afternoon workout 💪","Nov 27, 2023, 5:11 PM","Nov 27, 2023, 6:14 PM","","Leg Extension (Machine)",,"",1,"failure",110,10,,,
"Afternoon workout 💪","Nov 27, 2023, 5:11 PM","Nov 27, 2023, 6:14 PM","","Leg Extension (Machine)",,"",2,"failure",120,8,,,
"Afternoon workout 💪","Nov 27, 2023, 5:11 PM","Nov 27, 2023, 6:14 PM","","Hip Abduction (Machine)",,"",0,"failure",110,12,,,
"Afternoon workout 💪","Nov 27, 2023, 5:11 PM","Nov 27, 2023, 6:14 PM","","Hip Abduction (Machine)",,"",1,"failure",100,12,,,
"Afternoon workout 💪","Nov 27, 2023, 5:11 PM","Nov 27, 2023, 6:14 PM","","Hip Abduction (Machine)",,"",2,"failure",90,12,,,
"Afternoon workout 💪","Nov 27, 2023, 5:11 PM","Nov 27, 2023, 6:14 PM","","Lying Leg Curl (Machine)",,"",0,"failure",80,11,,,
"Afternoon workout 💪","Nov 27, 2023, 5:11 PM","Nov 27, 2023, 6:14 PM","","Lying Leg Curl (Machine)",,"",1,"failure",85,6,,,
"Afternoon workout 💪","Nov 27, 2023, 5:11 PM","Nov 27, 2023, 6:14 PM","","Lying Leg Curl (Machine)",,"",2,"failure",70,7,,,
"Afternoon workout 💪","Nov 27, 2023, 5:11 PM","Nov 27, 2023, 6:14 PM","","Hip Adduction (Machine)",,"",0,"failure",120,9,,,
"Afternoon workout 💪","Nov 27, 2023, 5:11 PM","Nov 27, 2023, 6:14 PM","","Hip Adduction (Machine)",,"",1,"failure",115,11,,,
"Afternoon workout 💪","Nov 27, 2023, 5:11 PM","Nov 27, 2023, 6:14 PM","","Hip Adduction (Machine)",,"",2,"failure",115,12,,,
"Afternoon workout 💪","Nov 27, 2023, 5:11 PM","Nov 27, 2023, 6:14 PM","","Leg Press (Machine)",,"",0,"failure",270,10,,,
"Afternoon workout 💪","Nov 27, 2023, 5:11 PM","Nov 27, 2023, 6:14 PM","","Leg Press (Machine)",,"",1,"failure",230,15,,,
"Afternoon workout 💪","Nov 27, 2023, 5:11 PM","Nov 27, 2023, 6:14 PM","","Leg Press (Machine)",,"",2,"failure",250,12,,,
"Evening workout 🏋️","Nov 24, 2023, 6:43 PM","Nov 24, 2023, 7:52 PM","","Seated Shoulder Press (Machine)",,"",0,"failure",60,12,,,
"Evening workout 🏋️","Nov 24, 2023, 6:43 PM","Nov 24, 2023, 7:52 PM","","Seated Shoulder Press (Machine)",,"",1,"failure",60,6,,,
"Evening workout 🏋️","Nov 24, 2023, 6:43 PM","Nov 24, 2023, 7:52 PM","","Seated Shoulder Press (Machine)",,"",2,"failure",50,6,,,
"Evening workout 🏋️","Nov 24, 2023, 6:43 PM","Nov 24, 2023, 7:52 PM","","Lat Pulldown (Machine)",,"",0,"failure",100,13,,,
"Evening workout 🏋️","Nov 24, 2023, 6:43 PM","Nov 24, 2023, 7:52 PM","","Lat Pulldown (Machine)",,"",1,"failure",110,7,,,
"Evening workout 🏋️","Nov 24, 2023, 6:43 PM","Nov 24, 2023, 7:52 PM","","Deltoid Raise",,"",0,"failure",60,8,,,
"Evening workout 🏋️","Nov 24, 2023, 6:43 PM","Nov 24, 2023, 7:52 PM","","Deltoid Raise",,"",1,"failure",55,12,,,
"Evening workout 🏋️","Nov 24, 2023, 6:43 PM","Nov 24, 2023, 7:52 PM","","Deltoid Raise",,"",2,"failure",50,10,,,
"Evening workout 🏋️","Nov 24, 2023, 6:43 PM","Nov 24, 2023, 7:52 PM","","Lat Pulldown (Cable)",,"",0,"failure",99,9,,,
"Evening workout 🏋️","Nov 24, 2023, 6:43 PM","Nov 24, 2023, 7:52 PM","","Lat Pulldown (Cable)",,"",1,"failure",88,8,,,
"Evening workout 🏋️","Nov 24, 2023, 6:43 PM","Nov 24, 2023, 7:52 PM","","Lat Pulldown (Cable)",,"",2,"failure",82,8,,,
"Evening workout 🏋️","Nov 24, 2023, 6:43 PM","Nov 24, 2023, 7:52 PM","","Lateral Raise (Dumbbell)",,"",0,"failure",12.5,12,,,
"Evening workout 🏋️","Nov 24, 2023, 6:43 PM","Nov 24, 2023, 7:52 PM","","Lateral Raise (Dumbbell)",,"",1,"failure",10,11,,,
"Evening workout 🏋️","Nov 24, 2023, 6:43 PM","Nov 24, 2023, 7:52 PM","","Front Raise (Dumbbell)",,"",0,"failure",12.5,10,,,
"Evening workout 🏋️","Nov 24, 2023, 6:43 PM","Nov 24, 2023, 7:52 PM","","Front Raise (Dumbbell)",,"",1,"failure",10,9,,,
"Evening workout 🏋️","Nov 24, 2023, 6:43 PM","Nov 24, 2023, 7:52 PM","","Shoulder Press (Dumbbell)",,"",0,"failure",20,10,,,
"Evening workout 🏋️","Nov 24, 2023, 6:43 PM","Nov 24, 2023, 7:52 PM","","Shoulder Press (Dumbbell)",,"",1,"failure",20,9,,,
"Evening workout 🏋️","Nov 24, 2023, 6:43 PM","Nov 24, 2023, 7:52 PM","","Arnold Press (Dumbbell)",,"",0,"failure",20,6,,,
"Evening workout 🏋️","Nov 24, 2023, 6:43 PM","Nov 24, 2023, 7:52 PM","","Arnold Press (Dumbbell)",,"",1,"failure",17.5,7,,,
"Evening workout 🏋️","Nov 22, 2023, 7:17 PM","Nov 22, 2023, 7:57 PM","","Plate/ Chest Press",,"",0,"failure",50,11,,,
"Evening workout 🏋️","Nov 22, 2023, 7:17 PM","Nov 22, 2023, 7:57 PM","","Plate/ Chest Press",,"",1,"failure",50,8,,,
"Evening workout 🏋️","Nov 22, 2023, 7:17 PM","Nov 22, 2023, 7:57 PM","","Butterfly (Pec Deck)",,"",0,"failure",80,9,,,
"Evening workout 🏋️","Nov 22, 2023, 7:17 PM","Nov 22, 2023, 7:57 PM","","Butterfly (Pec Deck)",,"",1,"failure",75,6,,,
"Evening workout 🏋️","Nov 22, 2023, 7:17 PM","Nov 22, 2023, 7:57 PM","","Butterfly (Pec Deck)",,"",2,"failure",75,9,,,
"Evening workout 🏋️","Nov 22, 2023, 7:17 PM","Nov 22, 2023, 7:57 PM","","Decline Bench Press (Machine)",,"",0,"failure",60,8,,,
"Evening workout 🏋️","Nov 22, 2023, 7:17 PM","Nov 22, 2023, 7:57 PM","","Decline Bench Press (Machine)",,"",1,"failure",60,6,,,
"Evening workout 🏋️","Nov 22, 2023, 7:17 PM","Nov 22, 2023, 7:57 PM","","Sit Up",,"",0,"normal",,25,,,
"Evening workout 🏋️","Nov 22, 2023, 7:17 PM","Nov 22, 2023, 7:57 PM","","Sit Up",,"",1,"normal",,15,,,
"Evening workout 🏋️","Nov 22, 2023, 7:17 PM","Nov 22, 2023, 7:57 PM","","Bench Press (Dumbbell)",,"",0,"failure",22.5,14,,,
"Evening workout 🏋️","Nov 22, 2023, 7:17 PM","Nov 22, 2023, 7:57 PM","","Bench Press (Dumbbell)",,"",1,"failure",22.5,8,,,
"Evening workout 🏋️","Nov 22, 2023, 7:17 PM","Nov 22, 2023, 7:57 PM","","Bench press with twist",,"",0,"failure",22.5,9,,,
"Evening workout 🏋️","Nov 22, 2023, 7:17 PM","Nov 22, 2023, 7:57 PM","","Bench press with twist",,"",1,"failure",22.5,6,,,
"Afternoon workout 💪","Nov 21, 2023, 4:06 PM","Nov 21, 2023, 4:45 PM","","Deltoid Raise",,"",0,"failure",55,13,,,
"Afternoon workout 💪","Nov 21, 2023, 4:06 PM","Nov 21, 2023, 4:45 PM","","Deltoid Raise",,"",1,"failure",50,11,,,
"Afternoon workout 💪","Nov 21, 2023, 4:06 PM","Nov 21, 2023, 4:45 PM","","Seated Shoulder Press (Machine)",,"",0,"failure",60,7,,,
"Afternoon workout 💪","Nov 21, 2023, 4:06 PM","Nov 21, 2023, 4:45 PM","","Seated Shoulder Press (Machine)",,"",1,"failure",60,5,,,
"Afternoon workout 💪","Nov 21, 2023, 4:06 PM","Nov 21, 2023, 4:45 PM","","Lat Pulldown (Machine)",,"",0,"failure",90,16,,,
"Afternoon workout 💪","Nov 21, 2023, 4:06 PM","Nov 21, 2023, 4:45 PM","","Lat Pulldown (Machine)",,"",1,"failure",100,7,,,
"Afternoon workout 💪","Nov 21, 2023, 4:06 PM","Nov 21, 2023, 4:45 PM","","Lat Pulldown (Machine)",,"",2,"failure",80,6,,,
"Afternoon workout 💪","Nov 21, 2023, 4:06 PM","Nov 21, 2023, 4:45 PM","","Rear Delt Reverse Fly (Machine)",,"",0,"failure",60,5,,,
"Afternoon workout 💪","Nov 21, 2023, 4:06 PM","Nov 21, 2023, 4:45 PM","","Rear Delt Reverse Fly (Machine)",,"",1,"failure",65,5,,,
"Afternoon workout 💪","Nov 21, 2023, 4:06 PM","Nov 21, 2023, 4:45 PM","","Lat Pulldown (Cable)",,"",0,"failure",93,12,,,
"Afternoon workout 💪","Nov 21, 2023, 4:06 PM","Nov 21, 2023, 4:45 PM","","Lat Pulldown (Cable)",,"",1,"failure",99,7,,,
"Afternoon workout 💪","Nov 21, 2023, 4:06 PM","Nov 21, 2023, 4:45 PM","","Reverse Grip Lat Pulldown (Cable)",,"",0,"failure",99,7,,,
"Afternoon workout 💪","Nov 21, 2023, 4:06 PM","Nov 21, 2023, 4:45 PM","","Reverse Grip Lat Pulldown (Cable)",,"",1,"failure",104,6,,,
"Afternoon workout 💪","Nov 17, 2023, 2:39 PM","Nov 17, 2023, 3:02 PM","","Decline Bench Press (Machine)",,"",0,"failure",70,12,,,
"Afternoon workout 💪","Nov 17, 2023, 2:39 PM","Nov 17, 2023, 3:02 PM","","Decline Bench Press (Machine)",,"",1,"failure",65,5,,,
"Afternoon workout 💪","Nov 17, 2023, 2:39 PM","Nov 17, 2023, 3:02 PM","","Seated Triceps Press",,"",0,"failure",40,7,,,
"Afternoon workout 💪","Nov 17, 2023, 2:39 PM","Nov 17, 2023, 3:02 PM","","Seated Triceps Press",,"",1,"failure",35,8,,,
"Afternoon workout 💪","Nov 17, 2023, 2:39 PM","Nov 17, 2023, 3:02 PM","","Bicep Curl (Machine)",,"",0,"failure",55,13,,,
"Afternoon workout 💪","Nov 17, 2023, 2:39 PM","Nov 17, 2023, 3:02 PM","","Bicep Curl (Machine)",,"",1,"failure",60,12,,,
"Afternoon workout 💪","Nov 17, 2023, 2:39 PM","Nov 17, 2023, 3:02 PM","","Preacher Curl (Machine)",,"",0,"failure",40,7,,,
"Afternoon workout 💪","Nov 17, 2023, 2:39 PM","Nov 17, 2023, 3:02 PM","","Preacher Curl (Machine)",,"",1,"failure",40,6,,,
"Afternoon workout 💪","Nov 16, 2023, 4:28 PM","Nov 16, 2023, 5:11 PM","","Leg Extension (Machine)",,"",0,"failure",115,16,,,
"Afternoon workout 💪","Nov 16, 2023, 4:28 PM","Nov 16, 2023, 5:11 PM","","Leg Extension (Machine)",,"",1,"failure",120,11,,,
"Afternoon workout 💪","Nov 16, 2023, 4:28 PM","Nov 16, 2023, 5:11 PM","","Leg Extension (Machine)",,"",2,"failure",110,9,,,
"Afternoon workout 💪","Nov 16, 2023, 4:28 PM","Nov 16, 2023, 5:11 PM","","Hip Adduction (Machine)",,"",0,"failure",110,17,,,
"Afternoon workout 💪","Nov 16, 2023, 4:28 PM","Nov 16, 2023, 5:11 PM","","Hip Adduction (Machine)",,"",1,"failure",110,13,,,
"Afternoon workout 💪","Nov 16, 2023, 4:28 PM","Nov 16, 2023, 5:11 PM","","Lying Leg Curl (Machine)",,"",0,"failure",80,10,,,
"Afternoon workout 💪","Nov 16, 2023, 4:28 PM","Nov 16, 2023, 5:11 PM","","Lying Leg Curl (Machine)",,"",1,"failure",80,8,,,
"Afternoon workout 💪","Nov 16, 2023, 4:28 PM","Nov 16, 2023, 5:11 PM","","Seated Leg Curl (Machine)",,"",0,"failure",70,13,,,
"Afternoon workout 💪","Nov 16, 2023, 4:28 PM","Nov 16, 2023, 5:11 PM","","Seated Leg Curl (Machine)",,"",1,"failure",75,7,,,
"Afternoon workout 💪","Nov 16, 2023, 4:28 PM","Nov 16, 2023, 5:11 PM","","Leg Press (Machine)",,"",0,"failure",230,12,,,
"Afternoon workout 💪","Nov 16, 2023, 4:28 PM","Nov 16, 2023, 5:11 PM","","Leg Press (Machine)",,"",1,"failure",270,13,,,
"Afternoon workout 💪","Nov 16, 2023, 4:28 PM","Nov 16, 2023, 5:11 PM","","Single Leg Standing Calf Raise (Machine)",,"",0,"failure",70,13,,,
"Afternoon workout 💪","Nov 16, 2023, 4:28 PM","Nov 16, 2023, 5:11 PM","","Single Leg Standing Calf Raise (Machine)",,"",1,"failure",70,14,,,
"Afternoon workout 💪","Nov 15, 2023, 2:37 PM","Nov 15, 2023, 3:34 PM","","Deltoid Raise",,"",0,"failure",50,15,,,
"Afternoon workout 💪","Nov 15, 2023, 2:37 PM","Nov 15, 2023, 3:34 PM","","Deltoid Raise",,"",1,"failure",60,7,,,
"Afternoon workout 💪","Nov 15, 2023, 2:37 PM","Nov 15, 2023, 3:34 PM","","Deltoid Raise",,"",2,"failure",55,8,,,
"Afternoon workout 💪","Nov 15, 2023, 2:37 PM","Nov 15, 2023, 3:34 PM","","Seated Shoulder Press (Machine)",,"",0,"failure",60,8,,,
"Afternoon workout 💪","Nov 15, 2023, 2:37 PM","Nov 15, 2023, 3:34 PM","","Seated Shoulder Press (Machine)",,"",1,"failure",55,6,,,
"Afternoon workout 💪","Nov 15, 2023, 2:37 PM","Nov 15, 2023, 3:34 PM","","Rear Delt Reverse Fly (Machine)",,"",0,"failure",70,5,,,
"Afternoon workout 💪","Nov 15, 2023, 2:37 PM","Nov 15, 2023, 3:34 PM","","Rear Delt Reverse Fly (Machine)",,"",1,"failure",65,7,,,
"Afternoon workout 💪","Nov 15, 2023, 2:37 PM","Nov 15, 2023, 3:34 PM","","Seated Cable Row - V Grip (Cable)",,"",0,"failure",77,12,,,
"Afternoon workout 💪","Nov 15, 2023, 2:37 PM","Nov 15, 2023, 3:34 PM","","Seated Cable Row - V Grip (Cable)",,"",1,"failure",77,9,,,
"Afternoon workout 💪","Nov 15, 2023, 2:37 PM","Nov 15, 2023, 3:34 PM","","Seated Cable Row - V Grip (Cable)",,"",2,"failure",66,7,,,
"Afternoon workout 💪","Nov 15, 2023, 2:37 PM","Nov 15, 2023, 3:34 PM","","Lat Pulldown (Cable)",,"",0,"failure",88,11,,,
"Afternoon workout 💪","Nov 15, 2023, 2:37 PM","Nov 15, 2023, 3:34 PM","","Lat Pulldown (Cable)",,"",1,"failure",99,5,,,
"Afternoon workout 💪","Nov 15, 2023, 2:37 PM","Nov 15, 2023, 3:34 PM","","Shoulder Press (Dumbbell)",,"",0,"failure",20,12,,,
"Afternoon workout 💪","Nov 15, 2023, 2:37 PM","Nov 15, 2023, 3:34 PM","","Shoulder Press (Dumbbell)",,"",1,"failure",20,7,,,
"Afternoon workout 💪","Nov 15, 2023, 2:37 PM","Nov 15, 2023, 3:34 PM","","Arnold Press (Dumbbell)",,"",0,"failure",20,9,,,
"Afternoon workout 💪","Nov 15, 2023, 2:37 PM","Nov 15, 2023, 3:34 PM","","Arnold Press (Dumbbell)",,"",1,"failure",20,7,,,
"Afternoon workout 💪","Nov 15, 2023, 2:37 PM","Nov 15, 2023, 3:34 PM","","Lateral Raise (Dumbbell)",,"",0,"failure",12.5,8,,,
"Afternoon workout 💪","Nov 15, 2023, 2:37 PM","Nov 15, 2023, 3:34 PM","","Lateral Raise (Dumbbell)",,"",1,"failure",12.5,9,,,
"Afternoon workout 💪","Nov 15, 2023, 2:37 PM","Nov 15, 2023, 3:34 PM","","Front Lat Raise",,"",0,"failure",12.5,8,,,
"Afternoon workout 💪","Nov 15, 2023, 2:37 PM","Nov 15, 2023, 3:34 PM","","Front Lat Raise",,"",1,"failure",12.5,8,,,
"Afternoon workout 💪","Nov 14, 2023, 1:51 PM","Nov 14, 2023, 3:07 PM","","Bicep Curl (Machine)",,"",0,"failure",50,16,,,
"Afternoon workout 💪","Nov 14, 2023, 1:51 PM","Nov 14, 2023, 3:07 PM","","Bicep Curl (Machine)",,"",1,"failure",60,12,,,
"Afternoon workout 💪","Nov 14, 2023, 1:51 PM","Nov 14, 2023, 3:07 PM","","Bicep Curl (Machine)",,"",2,"failure",65,3,,,
"Afternoon workout 💪","Nov 14, 2023, 1:51 PM","Nov 14, 2023, 3:07 PM","","Seated Triceps Press",,"",0,"failure",40,8,,,
"Afternoon workout 💪","Nov 14, 2023, 1:51 PM","Nov 14, 2023, 3:07 PM","","Seated Triceps Press",,"",1,"failure",45,3,,,
"Afternoon workout 💪","Nov 14, 2023, 1:51 PM","Nov 14, 2023, 3:07 PM","","Seated Triceps Press",,"",2,"failure",40,6,,,
"Afternoon workout 💪","Nov 14, 2023, 1:51 PM","Nov 14, 2023, 3:07 PM","","Chest Press (Machine)",,"",0,"failure",70,13,,,
"Afternoon workout 💪","Nov 14, 2023, 1:51 PM","Nov 14, 2023, 3:07 PM","","Chest Press (Machine)",,"",1,"failure",75,6,,,
"Afternoon workout 💪","Nov 14, 2023, 1:51 PM","Nov 14, 2023, 3:07 PM","","Incline Bench Press (Dumbbell)",,"",0,"failure",22.5,15,,,
"Afternoon workout 💪","Nov 14, 2023, 1:51 PM","Nov 14, 2023, 3:07 PM","","Incline Bench Press (Dumbbell)",,"",1,"failure",25,11,,,
"Afternoon workout 💪","Nov 14, 2023, 1:51 PM","Nov 14, 2023, 3:07 PM","","Hex Press (Dumbbell)",,"",0,"failure",25,11,,,
"Afternoon workout 💪","Nov 14, 2023, 1:51 PM","Nov 14, 2023, 3:07 PM","","Hex Press (Dumbbell)",,"",1,"failure",25,9,,,
"Afternoon workout 💪","Nov 14, 2023, 1:51 PM","Nov 14, 2023, 3:07 PM","","Bench press with twist",,"",0,"failure",25,8,,,
"Afternoon workout 💪","Nov 14, 2023, 1:51 PM","Nov 14, 2023, 3:07 PM","","Bench press with twist",,"",1,"failure",25,8,,,
"Afternoon workout 💪","Nov 14, 2023, 1:51 PM","Nov 14, 2023, 3:07 PM","","Butterfly (Pec Deck)",,"",0,"failure",80,9,,,
"Afternoon workout 💪","Nov 14, 2023, 1:51 PM","Nov 14, 2023, 3:07 PM","","Butterfly (Pec Deck)",,"",1,"failure",80,7,,,
"Afternoon workout 💪","Nov 14, 2023, 1:51 PM","Nov 14, 2023, 3:07 PM","","Butterfly (Pec Deck)",,"",2,"failure",70,5,,,
"BACK","Nov 12, 2023, 7:19 PM","Nov 12, 2023, 8:20 PM","","Lat Pulldown (Machine)",,"",0,"failure",90,16,,,
"BACK","Nov 12, 2023, 7:19 PM","Nov 12, 2023, 8:20 PM","","Lat Pulldown (Machine)",,"",1,"failure",95,104,,,
"BACK","Nov 12, 2023, 7:19 PM","Nov 12, 2023, 8:20 PM","","Deltoid Raise",,"",0,"failure",50,15,,,
"BACK","Nov 12, 2023, 7:19 PM","Nov 12, 2023, 8:20 PM","","Deltoid Raise",,"",1,"failure",50,12,,,
"BACK","Nov 12, 2023, 7:19 PM","Nov 12, 2023, 8:20 PM","","Rear Delt Reverse Fly (Machine)",,"",0,"failure",70,6,,,
"BACK","Nov 12, 2023, 7:19 PM","Nov 12, 2023, 8:20 PM","","Rear Delt Reverse Fly (Machine)",,"",1,"failure",60,8,,,
"BACK","Nov 12, 2023, 7:19 PM","Nov 12, 2023, 8:20 PM","","Rear Delt Reverse Fly (Machine)",,"",2,"failure",60,5,,,
"BACK","Nov 12, 2023, 7:19 PM","Nov 12, 2023, 8:20 PM","","Seated Shoulder Press (Machine)",,"",0,"failure",50,11,,,
"BACK","Nov 12, 2023, 7:19 PM","Nov 12, 2023, 8:20 PM","","Seated Shoulder Press (Machine)",,"",1,"failure",45,6,,,
"BACK","Nov 12, 2023, 7:19 PM","Nov 12, 2023, 8:20 PM","","Seated Cable Row - Bar Grip",,"",0,"failure",66,14,,,
"BACK","Nov 12, 2023, 7:19 PM","Nov 12, 2023, 8:20 PM","","Seated Cable Row - Bar Grip",,"",1,"failure",77,9,,,
"BACK","Nov 12, 2023, 7:19 PM","Nov 12, 2023, 8:20 PM","","Seated Cable Row - Bar Wide Grip",,"",0,"failure",77,10,,,
"BACK","Nov 12, 2023, 7:19 PM","Nov 12, 2023, 8:20 PM","","Seated Cable Row - Bar Wide Grip",,"",1,"failure",82,7,,,
"BACK","Nov 12, 2023, 7:19 PM","Nov 12, 2023, 8:20 PM","","Lat Pulldown (Cable)",,"",0,"failure",88,8,,,
"BACK","Nov 12, 2023, 7:19 PM","Nov 12, 2023, 8:20 PM","","Lat Pulldown (Cable)",,"",1,"failure",82,9,,,
"BACK","Nov 12, 2023, 7:19 PM","Nov 12, 2023, 8:20 PM","","Lat Pulldown (Cable)",,"",2,"failure",77,8,,,
"BACK","Nov 12, 2023, 7:19 PM","Nov 12, 2023, 8:20 PM","","Seated Row (Machine)",,"",0,"failure",60,15,,,
"BACK","Nov 12, 2023, 7:19 PM","Nov 12, 2023, 8:20 PM","","Seated Row (Machine)",,"",1,"failure",70,9,,,
"ARMS","Nov 10, 2023, 8:44 PM","Nov 10, 2023, 9:54 PM","","Preacher Curl (Machine)",,"",0,"failure",45,8,,,
"ARMS","Nov 10, 2023, 8:44 PM","Nov 10, 2023, 9:54 PM","","Preacher Curl (Machine)",,"",1,"failure",35,10,,,
"ARMS","Nov 10, 2023, 8:44 PM","Nov 10, 2023, 9:54 PM","","Preacher Curl (Machine)",,"",2,"failure",30,8,,,
"ARMS","Nov 10, 2023, 8:44 PM","Nov 10, 2023, 9:54 PM","","Seated Triceps Press",,"",0,"failure",35,11,,,
"ARMS","Nov 10, 2023, 8:44 PM","Nov 10, 2023, 9:54 PM","","Seated Triceps Press",,"",1,"failure",30,15,,,
"ARMS","Nov 10, 2023, 8:44 PM","Nov 10, 2023, 9:54 PM","","Seated Triceps Press",,"",2,"failure",35,5,,,
"ARMS","Nov 10, 2023, 8:44 PM","Nov 10, 2023, 9:54 PM","","Chest Press (Machine)",,"",0,"failure",50,18,,,
"ARMS","Nov 10, 2023, 8:44 PM","Nov 10, 2023, 9:54 PM","","Chest Press (Machine)",,"",1,"failure",55,9,,,
"ARMS","Nov 10, 2023, 8:44 PM","Nov 10, 2023, 9:54 PM","","Bicep Curl (Cable)",,"",0,"failure",22,9,,,
"ARMS","Nov 10, 2023, 8:44 PM","Nov 10, 2023, 9:54 PM","","Bicep Curl (Cable)",,"",1,"failure",27.5,7,,,
"ARMS","Nov 10, 2023, 8:44 PM","Nov 10, 2023, 9:54 PM","","Skullcrusher (Dumbbell)",,"",0,"failure",10,12,,,
"ARMS","Nov 10, 2023, 8:44 PM","Nov 10, 2023, 9:54 PM","","Incline Bench Press (Dumbbell)",,"",0,"failure",17.5,15,,,
"ARMS","Nov 10, 2023, 8:44 PM","Nov 10, 2023, 9:54 PM","","Incline Bench Press (Dumbbell)",,"",1,"failure",20,13,,,
"ARMS","Nov 10, 2023, 8:44 PM","Nov 10, 2023, 9:54 PM","","Concentration Curl",,"",0,"failure",20,8,,,
"ARMS","Nov 10, 2023, 8:44 PM","Nov 10, 2023, 9:54 PM","","Concentration Curl",,"",1,"failure",20,4,,,
"ARMS","Nov 10, 2023, 8:44 PM","Nov 10, 2023, 9:54 PM","","Hammer Curl (Dumbbell)",,"",0,"failure",20,8,,,
"ARMS","Nov 10, 2023, 8:44 PM","Nov 10, 2023, 9:54 PM","","Hammer Curl (Dumbbell)",,"",1,"failure",17.5,11,,,
"Legs","Nov 9, 2023, 6:08 PM","Nov 9, 2023, 6:57 PM","10/10 with pre workout","Leg Extension (Machine)",,"",0,"failure",110,15,,,
"Legs","Nov 9, 2023, 6:08 PM","Nov 9, 2023, 6:57 PM","10/10 with pre workout","Leg Extension (Machine)",,"",1,"failure",90,13,,,
"Legs","Nov 9, 2023, 6:08 PM","Nov 9, 2023, 6:57 PM","10/10 with pre workout","Leg Extension (Machine)",,"",2,"failure",85,15,,,
"Legs","Nov 9, 2023, 6:08 PM","Nov 9, 2023, 6:57 PM","10/10 with pre workout","Hip Adduction (Machine)",,"",0,"failure",80,20,,,
"Legs","Nov 9, 2023, 6:08 PM","Nov 9, 2023, 6:57 PM","10/10 with pre workout","Hip Adduction (Machine)",,"",1,"failure",90,12,,,
"Legs","Nov 9, 2023, 6:08 PM","Nov 9, 2023, 6:57 PM","10/10 with pre workout","Hip Abduction (Machine)",,"",0,"failure",100,12,,,
"Legs","Nov 9, 2023, 6:08 PM","Nov 9, 2023, 6:57 PM","10/10 with pre workout","Hip Abduction (Machine)",,"",1,"failure",85,15,,,
"Legs","Nov 9, 2023, 6:08 PM","Nov 9, 2023, 6:57 PM","10/10 with pre workout","Seated Leg Curl (Machine)",,"",0,"failure",85,12,,,
"Legs","Nov 9, 2023, 6:08 PM","Nov 9, 2023, 6:57 PM","10/10 with pre workout","Seated Leg Curl (Machine)",,"",1,"failure",80,8,,,
"Legs","Nov 9, 2023, 6:08 PM","Nov 9, 2023, 6:57 PM","10/10 with pre workout","Seated Leg Curl (Machine)",,"",2,"failure",60,11,,,
"Legs","Nov 9, 2023, 6:08 PM","Nov 9, 2023, 6:57 PM","10/10 with pre workout","Leg Press (Machine)",,"",0,"failure",230,10,,,
"Legs","Nov 9, 2023, 6:08 PM","Nov 9, 2023, 6:57 PM","10/10 with pre workout","Leg Press (Machine)",,"",1,"failure",230,19,,,
"Legs","Nov 9, 2023, 6:08 PM","Nov 9, 2023, 6:57 PM","10/10 with pre workout","Leg Press (Machine)",,"",2,"failure",250,12,,,
"Legs","Nov 9, 2023, 6:08 PM","Nov 9, 2023, 6:57 PM","10/10 with pre workout","Calf Press (Machine)",,"",0,"failure",230,16,,,
"Legs","Nov 9, 2023, 6:08 PM","Nov 9, 2023, 6:57 PM","10/10 with pre workout","Calf Press (Machine)",,"",1,"failure",250,10,,,